[2026-03-30T14:01:41.510Z] [hid] opening device: path=DevSrvsID:4295634612
[2026-03-30T14:01:41.510Z] [hid]   vendor=2207 product=19
[2026-03-30T14:01:41.510Z] [hid]   manufacturer="Zkswe" product="ulanzi"
[2026-03-30T14:01:41.510Z] [hid]   interface=0 usage=1 usagePage=12
[2026-03-30T14:01:41.513Z] [queue] #1 SET_BRIGHTNESS: executing
[2026-03-30T14:01:41.513Z] [queue] #1 SET_BRIGHTNESS: done
[2026-03-30T14:01:42.177Z] [render] immediate SET_BUTTONS [0,1,2,3,4,5,6,7,8,9,10,11,12]
[2026-03-30T14:01:42.190Z] [zip] manifest: {
  "0_0": {
    "State": 0,
    "ViewParam": [
      {
        "Text": "Btn 0",
        "Icon": "icons/btn_0.png"
      }
    ]
  },
  "1_0": {
    "State": 0,
    "ViewParam": [
      {
        "Text": "Btn 1",
        "Icon": "icons/btn_1.png"
      }
    ]
  },
  "2_0": {
    "State": 0,
    "ViewParam": [
      {
        "Text": "Btn 2",
        "Icon": "icons/btn_2.png"
      }
    ]
  },
  "3_0": {
    "State": 0,
    "ViewParam": [
      {
        "Text": "Btn 3",
        "Icon": "icons/btn_3.png"
      }
    ]
  },
  "4_0": {
    "State": 0,
    "ViewParam": [
      {
        "Text": "Btn 4",
        "Icon": "icons/btn_4.png"
      }
    ]
  },
  "0_1": {
    "State": 0,
    "ViewParam": [
      {
        "Text": "Btn 5",
        "Icon": "icons/btn_5.png"
      }
    ]
  },
  "1_1": {
    "State": 0,
    "ViewParam": [
      {
        "Text": "Btn 6",
        "Icon": "icons/btn_6.png"
      }
    ]
  },
  "2_1": {
    "State": 0,
    "ViewParam": [
      {
        "Text": "Btn 7",
        "Icon": "icons/btn_7.png"
      }
    ]
  },
  "3_1": {
    "State": 0,
    "ViewParam": [
      {
        "Text": "Btn 8",
        "Icon": "icons/btn_8.png"
      }
    ]
  },
  "4_1": {
    "State": 0,
    "ViewParam": [
      {
        "Text": "Btn 9",
        "Icon": "icons/btn_9.png"
      }
    ]
  },
  "0_2": {
    "State": 0,
    "ViewParam": [
      {
        "Text": "Btn 10",
        "Icon": "icons/btn_10.png"
      }
    ]
  },
  "1_2": {
    "State": 0,
    "ViewParam": [
      {
        "Text": "Btn 11",
        "Icon": "icons/btn_11.png"
      }
    ]
  },
  "2_2": {
    "State": 0,
    "ViewParam": [
      {
        "Text": "Btn 12",
        "Icon": "icons/btn_12.png"
      }
    ]
  }
}
[2026-03-30T14:01:42.190Z] [zip] size=18201 bytes, 18 packets
[2026-03-30T14:01:42.191Z] [zip] zip header: 50 4b 03 04 0a 00 00 00 00 00 35 70 7e 5c 00 00 00 00 00 00 00 00 00 00 00 00 06 00 00 00 69 63 ... (18201 bytes total)
[2026-03-30T14:01:42.191Z] [zip] boundary @1016: 0x16
[2026-03-30T14:01:42.191Z] [zip] boundary @2040: 0x7e
[2026-03-30T14:01:42.191Z] [zip] boundary @3064: 0x5e
[2026-03-30T14:01:42.191Z] [zip] boundary @4088: 0x6a
[2026-03-30T14:01:42.191Z] [zip] boundary @5112: 0x88
[2026-03-30T14:01:42.191Z] [zip] boundary @6136: 0xd9
[2026-03-30T14:01:42.191Z] [zip] boundary @7160: 0xed
[2026-03-30T14:01:42.191Z] [zip] boundary @8184: 0xbe
[2026-03-30T14:01:42.191Z] [zip] boundary @9208: 0x95
[2026-03-30T14:01:42.191Z] [zip] boundary @10232: 0x29
[2026-03-30T14:01:42.191Z] [zip] boundary @11256: 0x0e
[2026-03-30T14:01:42.191Z] [zip] boundary @12280: 0xb0
[2026-03-30T14:01:42.191Z] [zip] boundary @13304: 0x40
[2026-03-30T14:01:42.191Z] [zip] boundary @14328: 0x95
[2026-03-30T14:01:42.191Z] [zip] boundary @15352: 0x4e
[2026-03-30T14:01:42.191Z] [zip] boundary @16376: 0x88
[2026-03-30T14:01:42.191Z] [zip] boundary @17400: 0x5c
[2026-03-30T14:01:42.191Z] [queue] #2 SET_BUTTONS: executing
[2026-03-30T14:01:42.191Z] [send] SET_BUTTONS: sending 18 packets
[2026-03-30T14:01:42.191Z] [send]   pkt[0] header: 7c 7c 00 01 19 47 00 00 50 4b 03 04 0a 00 00 00 ... (1024 bytes total)
[2026-03-30T14:01:42.350Z] [queue] #2 SET_BUTTONS: done
[2026-03-30T14:01:42.871Z] [render] SET_BUTTONS [0,1,2,3,4,5,6,7,8,9,10,11,12] (13 buttons)
[2026-03-30T14:01:42.876Z] [zip] manifest: {
  "0_0": {
    "State": 0,
    "ViewParam": [
      {
        "Text": "Btn 0",
        "Icon": "icons/btn_0.png"
      }
    ]
  },
  "1_0": {
    "State": 0,
    "ViewParam": [
      {
        "Text": "Btn 1",
        "Icon": "icons/btn_1.png"
      }
    ]
  },
  "2_0": {
    "State": 0,
    "ViewParam": [
      {
        "Text": "Btn 2",
        "Icon": "icons/btn_2.png"
      }
    ]
  },
  "3_0": {
    "State": 0,
    "ViewParam": [
      {
        "Text": "Btn 3",
        "Icon": "icons/btn_3.png"
      }
    ]
  },
  "4_0": {
    "State": 0,
    "ViewParam": [
      {
        "Text": "Btn 4",
        "Icon": "icons/btn_4.png"
      }
    ]
  },
  "0_1": {
    "State": 0,
    "ViewParam": [
      {
        "Text": "Btn 5",
        "Icon": "icons/btn_5.png"
      }
    ]
  },
  "1_1": {
    "State": 0,
    "ViewParam": [
      {
        "Text": "Btn 6",
        "Icon": "icons/btn_6.png"
      }
    ]
  },
  "2_1": {
    "State": 0,
    "ViewParam": [
      {
        "Text": "Btn 7",
        "Icon": "icons/btn_7.png"
      }
    ]
  },
  "3_1": {
    "State": 0,
    "ViewParam": [
      {
        "Text": "Btn 8",
        "Icon": "icons/btn_8.png"
      }
    ]
  },
  "4_1": {
    "State": 0,
    "ViewParam": [
      {
        "Text": "Btn 9",
        "Icon": "icons/btn_9.png"
      }
    ]
  },
  "0_2": {
    "State": 0,
    "ViewParam": [
      {
        "Text": "Btn 10",
        "Icon": "icons/btn_10.png"
      }
    ]
  },
  "1_2": {
    "State": 0,
    "ViewParam": [
      {
        "Text": "Btn 11",
        "Icon": "icons/btn_11.png"
      }
    ]
  },
  "2_2": {
    "State": 0,
    "ViewParam": [
      {
        "Text": "Btn 12",
        "Icon": "icons/btn_12.png"
      }
    ]
  }
}
[2026-03-30T14:01:42.876Z] [zip] size=17448 bytes, 18 packets
[2026-03-30T14:01:42.876Z] [zip] boundary check FAILED attempt 1: offset 17400: 0x00
[2026-03-30T14:01:42.882Z] [zip] boundary workaround: passed on attempt 2 (dummy=8 chars)
[2026-03-30T14:01:42.882Z] [zip] zip header: 50 4b 03 04 0a 00 00 00 08 00 35 70 7e 5c 15 74 70 5c 0a 00 00 00 08 00 00 00 09 00 00 00 64 75 ... (17552 bytes total)
[2026-03-30T14:01:42.882Z] [zip] boundary @1016: 0x33
[2026-03-30T14:01:42.882Z] [zip] boundary @2040: 0x0b
[2026-03-30T14:01:42.882Z] [zip] boundary @3064: 0x6e
[2026-03-30T14:01:42.882Z] [zip] boundary @4088: 0xbf
[2026-03-30T14:01:42.882Z] [zip] boundary @5112: 0xf1
[2026-03-30T14:01:42.882Z] [zip] boundary @6136: 0xb7
[2026-03-30T14:01:42.882Z] [zip] boundary @7160: 0x28
[2026-03-30T14:01:42.882Z] [zip] boundary @8184: 0xb6
[2026-03-30T14:01:42.882Z] [zip] boundary @9208: 0xff
[2026-03-30T14:01:42.882Z] [zip] boundary @10232: 0xd2
[2026-03-30T14:01:42.882Z] [zip] boundary @11256: 0x01
[2026-03-30T14:01:42.882Z] [zip] boundary @12280: 0x83
[2026-03-30T14:01:42.882Z] [zip] boundary @13304: 0x12
[2026-03-30T14:01:42.882Z] [zip] boundary @14328: 0xc1
[2026-03-30T14:01:42.882Z] [zip] boundary @15352: 0xb7
[2026-03-30T14:01:42.882Z] [zip] boundary @16376: 0x91
[2026-03-30T14:01:42.882Z] [zip] boundary @17400: 0x74
[2026-03-30T14:01:42.882Z] [queue] #3 SET_BUTTONS: executing
[2026-03-30T14:01:42.882Z] [send] SET_BUTTONS: sending 18 packets
[2026-03-30T14:01:42.882Z] [send]   pkt[0] header: 7c 7c 00 01 90 44 00 00 50 4b 03 04 0a 00 00 00 ... (1024 bytes total)
[2026-03-30T14:01:43.010Z] [queue] #3 SET_BUTTONS: done
[2026-03-30T14:01:43.530Z] [render] SET_BUTTONS [0,1,2,3,4,5,6,7,8,9,10,11,12] (13 buttons)
[2026-03-30T14:01:43.535Z] [zip] manifest: {
  "0_0": {
    "State": 0,
    "ViewParam": [
      {
        "Text": "Btn 0",
        "Icon": "icons/btn_0.png"
      }
    ]
  },
  "1_0": {
    "State": 0,
    "ViewParam": [
      {
        "Text": "Btn 1",
        "Icon": "icons/btn_1.png"
      }
    ]
  },
  "2_0": {
    "State": 0,
    "ViewParam": [
      {
        "Text": "Btn 2",
        "Icon": "icons/btn_2.png"
      }
    ]
  },
  "3_0": {
    "State": 0,
    "ViewParam": [
      {
        "Text": "Btn 3",
        "Icon": "icons/btn_3.png"
      }
    ]
  },
  "4_0": {
    "State": 0,
    "ViewParam": [
      {
        "Text": "Btn 4",
        "Icon": "icons/btn_4.png"
      }
    ]
  },
  "0_1": {
    "State": 0,
    "ViewParam": [
      {
        "Text": "Btn 5",
        "Icon": "icons/btn_5.png"
      }
    ]
  },
  "1_1": {
    "State": 0,
    "ViewParam": [
      {
        "Text": "Btn 6",
        "Icon": "icons/btn_6.png"
      }
    ]
  },
  "2_1": {
    "State": 0,
    "ViewParam": [
      {
        "Text": "Btn 7",
        "Icon": "icons/btn_7.png"
      }
    ]
  },
  "3_1": {
    "State": 0,
    "ViewParam": [
      {
        "Text": "Btn 8",
        "Icon": "icons/btn_8.png"
      }
    ]
  },
  "4_1": {
    "State": 0,
    "ViewParam": [
      {
        "Text": "Btn 9",
        "Icon": "icons/btn_9.png"
      }
    ]
  },
  "0_2": {
    "State": 0,
    "ViewParam": [
      {
        "Text": "Btn 10",
        "Icon": "icons/btn_10.png"
      }
    ]
  },
  "1_2": {
    "State": 0,
    "ViewParam": [
      {
        "Text": "Btn 11",
        "Icon": "icons/btn_11.png"
      }
    ]
  },
  "2_2": {
    "State": 0,
    "ViewParam": [
      {
        "Text": "Btn 12",
        "Icon": "icons/btn_12.png"
      }
    ]
  }
}
[2026-03-30T14:01:43.535Z] [zip] size=18201 bytes, 18 packets
[2026-03-30T14:01:43.535Z] [zip] zip header: 50 4b 03 04 0a 00 00 00 00 00 35 70 7e 5c 00 00 00 00 00 00 00 00 00 00 00 00 06 00 00 00 69 63 ... (18201 bytes total)
[2026-03-30T14:01:43.535Z] [zip] boundary @1016: 0x16
[2026-03-30T14:01:43.535Z] [zip] boundary @2040: 0x7e
[2026-03-30T14:01:43.535Z] [zip] boundary @3064: 0x5e
[2026-03-30T14:01:43.535Z] [zip] boundary @4088: 0x6a
[2026-03-30T14:01:43.535Z] [zip] boundary @5112: 0x88
[2026-03-30T14:01:43.535Z] [zip] boundary @6136: 0xd9
[2026-03-30T14:01:43.535Z] [zip] boundary @7160: 0xed
[2026-03-30T14:01:43.535Z] [zip] boundary @8184: 0xbe
[2026-03-30T14:01:43.535Z] [zip] boundary @9208: 0x95
[2026-03-30T14:01:43.535Z] [zip] boundary @10232: 0x29
[2026-03-30T14:01:43.535Z] [zip] boundary @11256: 0x0e
[2026-03-30T14:01:43.535Z] [zip] boundary @12280: 0xb0
[2026-03-30T14:01:43.535Z] [zip] boundary @13304: 0x40
[2026-03-30T14:01:43.535Z] [zip] boundary @14328: 0x95
[2026-03-30T14:01:43.535Z] [zip] boundary @15352: 0x4e
[2026-03-30T14:01:43.535Z] [zip] boundary @16376: 0x88
[2026-03-30T14:01:43.535Z] [zip] boundary @17400: 0x5c
[2026-03-30T14:01:43.535Z] [queue] #4 SET_BUTTONS: executing
[2026-03-30T14:01:43.535Z] [send] SET_BUTTONS: sending 18 packets
[2026-03-30T14:01:43.535Z] [send]   pkt[0] header: 7c 7c 00 01 19 47 00 00 50 4b 03 04 0a 00 00 00 ... (1024 bytes total)
[2026-03-30T14:01:43.665Z] [queue] #4 SET_BUTTONS: done
[2026-03-30T14:01:44.186Z] [render] SET_BUTTONS [0,1,2,3,4,5,6,7,8,9,10,11,12] (13 buttons)
[2026-03-30T14:01:44.198Z] [zip] manifest: {
  "0_0": {
    "State": 0,
    "ViewParam": [
      {
        "Text": "Btn 0",
        "Icon": "icons/btn_0.png"
      }
    ]
  },
  "1_0": {
    "State": 0,
    "ViewParam": [
      {
        "Text": "Btn 1",
        "Icon": "icons/btn_1.png"
      }
    ]
  },
  "2_0": {
    "State": 0,
    "ViewParam": [
      {
        "Text": "Btn 2",
        "Icon": "icons/btn_2.png"
      }
    ]
  },
  "3_0": {
    "State": 0,
    "ViewParam": [
      {
        "Text": "Btn 3",
        "Icon": "icons/btn_3.png"
      }
    ]
  },
  "4_0": {
    "State": 0,
    "ViewParam": [
      {
        "Text": "Btn 4",
        "Icon": "icons/btn_4.png"
      }
    ]
  },
  "0_1": {
    "State": 0,
    "ViewParam": [
      {
        "Text": "Btn 5",
        "Icon": "icons/btn_5.png"
      }
    ]
  },
  "1_1": {
    "State": 0,
    "ViewParam": [
      {
        "Text": "Btn 6",
        "Icon": "icons/btn_6.png"
      }
    ]
  },
  "2_1": {
    "State": 0,
    "ViewParam": [
      {
        "Text": "Btn 7",
        "Icon": "icons/btn_7.png"
      }
    ]
  },
  "3_1": {
    "State": 0,
    "ViewParam": [
      {
        "Text": "Btn 8",
        "Icon": "icons/btn_8.png"
      }
    ]
  },
  "4_1": {
    "State": 0,
    "ViewParam": [
      {
        "Text": "Btn 9",
        "Icon": "icons/btn_9.png"
      }
    ]
  },
  "0_2": {
    "State": 0,
    "ViewParam": [
      {
        "Text": "Btn 10",
        "Icon": "icons/btn_10.png"
      }
    ]
  },
  "1_2": {
    "State": 0,
    "ViewParam": [
      {
        "Text": "Btn 11",
        "Icon": "icons/btn_11.png"
      }
    ]
  },
  "2_2": {
    "State": 0,
    "ViewParam": [
      {
        "Text": "Btn 12",
        "Icon": "icons/btn_12.png"
      }
    ]
  }
}
[2026-03-30T14:01:44.198Z] [zip] size=17822 bytes, 18 packets
[2026-03-30T14:01:44.199Z] [zip] zip header: 50 4b 03 04 0a 00 00 00 00 00 36 70 7e 5c 00 00 00 00 00 00 00 00 00 00 00 00 06 00 00 00 69 63 ... (17822 bytes total)
[2026-03-30T14:01:44.199Z] [zip] boundary @1016: 0x16
[2026-03-30T14:01:44.199Z] [zip] boundary @2040: 0x11
[2026-03-30T14:01:44.199Z] [zip] boundary @3064: 0x11
[2026-03-30T14:01:44.199Z] [zip] boundary @4088: 0xac
[2026-03-30T14:01:44.199Z] [zip] boundary @5112: 0x73
[2026-03-30T14:01:44.199Z] [zip] boundary @6136: 0xbd
[2026-03-30T14:01:44.199Z] [zip] boundary @7160: 0xcf
[2026-03-30T14:01:44.199Z] [zip] boundary @8184: 0x5d
[2026-03-30T14:01:44.199Z] [zip] boundary @9208: 0xa7
[2026-03-30T14:01:44.199Z] [zip] boundary @10232: 0x8d
[2026-03-30T14:01:44.199Z] [zip] boundary @11256: 0xcf
[2026-03-30T14:01:44.199Z] [zip] boundary @12280: 0xa9
[2026-03-30T14:01:44.199Z] [zip] boundary @13304: 0xe6
[2026-03-30T14:01:44.199Z] [zip] boundary @14328: 0x67
[2026-03-30T14:01:44.199Z] [zip] boundary @15352: 0xa5
[2026-03-30T14:01:44.199Z] [zip] boundary @16376: 0x9c
[2026-03-30T14:01:44.199Z] [zip] boundary @17400: 0x0f
[2026-03-30T14:01:44.199Z] [queue] #5 SET_BUTTONS: executing
[2026-03-30T14:01:44.199Z] [send] SET_BUTTONS: sending 18 packets
[2026-03-30T14:01:44.199Z] [send]   pkt[0] header: 7c 7c 00 01 9e 45 00 00 50 4b 03 04 0a 00 00 00 ... (1024 bytes total)
[2026-03-30T14:01:44.332Z] [queue] #5 SET_BUTTONS: done
[2026-03-30T14:01:44.850Z] [render] SET_BUTTONS [0,1,2,3,4,5,6,7,8,9,10,11,12] (13 buttons)
[2026-03-30T14:01:44.857Z] [zip] manifest: {
  "0_0": {
    "State": 0,
    "ViewParam": [
      {
        "Text": "Btn 0",
        "Icon": "icons/btn_0.png"
      }
    ]
  },
  "1_0": {
    "State": 0,
    "ViewParam": [
      {
        "Text": "Btn 1",
        "Icon": "icons/btn_1.png"
      }
    ]
  },
  "2_0": {
    "State": 0,
    "ViewParam": [
      {
        "Text": "Btn 2",
        "Icon": "icons/btn_2.png"
      }
    ]
  },
  "3_0": {
    "State": 0,
    "ViewParam": [
      {
        "Text": "Btn 3",
        "Icon": "icons/btn_3.png"
      }
    ]
  },
  "4_0": {
    "State": 0,
    "ViewParam": [
      {
        "Text": "Btn 4",
        "Icon": "icons/btn_4.png"
      }
    ]
  },
  "0_1": {
    "State": 0,
    "ViewParam": [
      {
        "Text": "Btn 5",
        "Icon": "icons/btn_5.png"
      }
    ]
  },
  "1_1": {
    "State": 0,
    "ViewParam": [
      {
        "Text": "Btn 6",
        "Icon": "icons/btn_6.png"
      }
    ]
  },
  "2_1": {
    "State": 0,
    "ViewParam": [
      {
        "Text": "Btn 7",
        "Icon": "icons/btn_7.png"
      }
    ]
  },
  "3_1": {
    "State": 0,
    "ViewParam": [
      {
        "Text": "Btn 8",
        "Icon": "icons/btn_8.png"
      }
    ]
  },
  "4_1": {
    "State": 0,
    "ViewParam": [
      {
        "Text": "Btn 9",
        "Icon": "icons/btn_9.png"
      }
    ]
  },
  "0_2": {
    "State": 0,
    "ViewParam": [
      {
        "Text": "Btn 10",
        "Icon": "icons/btn_10.png"
      }
    ]
  },
  "1_2": {
    "State": 0,
    "ViewParam": [
      {
        "Text": "Btn 11",
        "Icon": "icons/btn_11.png"
      }
    ]
  },
  "2_2": {
    "State": 0,
    "ViewParam": [
      {
        "Text": "Btn 12",
        "Icon": "icons/btn_12.png"
      }
    ]
  }
}
[2026-03-30T14:01:44.857Z] [zip] size=18201 bytes, 18 packets
[2026-03-30T14:01:44.857Z] [zip] zip header: 50 4b 03 04 0a 00 00 00 00 00 36 70 7e 5c 00 00 00 00 00 00 00 00 00 00 00 00 06 00 00 00 69 63 ... (18201 bytes total)
[2026-03-30T14:01:44.857Z] [zip] boundary @1016: 0x16
[2026-03-30T14:01:44.857Z] [zip] boundary @2040: 0x7e
[2026-03-30T14:01:44.857Z] [zip] boundary @3064: 0x5e
[2026-03-30T14:01:44.857Z] [zip] boundary @4088: 0x6a
[2026-03-30T14:01:44.857Z] [zip] boundary @5112: 0x88
[2026-03-30T14:01:44.857Z] [zip] boundary @6136: 0xd9
[2026-03-30T14:01:44.857Z] [zip] boundary @7160: 0xed
[2026-03-30T14:01:44.857Z] [zip] boundary @8184: 0xbe
[2026-03-30T14:01:44.857Z] [zip] boundary @9208: 0x95
[2026-03-30T14:01:44.857Z] [zip] boundary @10232: 0x29
[2026-03-30T14:01:44.857Z] [zip] boundary @11256: 0x0e
[2026-03-30T14:01:44.857Z] [zip] boundary @12280: 0xb0
[2026-03-30T14:01:44.857Z] [zip] boundary @13304: 0x40
[2026-03-30T14:01:44.857Z] [zip] boundary @14328: 0x95
[2026-03-30T14:01:44.857Z] [zip] boundary @15352: 0x4e
[2026-03-30T14:01:44.857Z] [zip] boundary @16376: 0x88
[2026-03-30T14:01:44.857Z] [zip] boundary @17400: 0x5c
[2026-03-30T14:01:44.857Z] [queue] #6 SET_BUTTONS: executing
[2026-03-30T14:01:44.857Z] [send] SET_BUTTONS: sending 18 packets
[2026-03-30T14:01:44.857Z] [send]   pkt[0] header: 7c 7c 00 01 19 47 00 00 50 4b 03 04 0a 00 00 00 ... (1024 bytes total)
[2026-03-30T14:01:44.987Z] [queue] #6 SET_BUTTONS: done
[2026-03-30T14:01:45.508Z] [render] SET_BUTTONS [0,1,2,3,4,5,6,7,8,9,10,11,12] (13 buttons)
[2026-03-30T14:01:45.512Z] [zip] manifest: {
  "0_0": {
    "State": 0,
    "ViewParam": [
      {
        "Text": "Btn 0",
        "Icon": "icons/btn_0.png"
      }
    ]
  },
  "1_0": {
    "State": 0,
    "ViewParam": [
      {
        "Text": "Btn 1",
        "Icon": "icons/btn_1.png"
      }
    ]
  },
  "2_0": {
    "State": 0,
    "ViewParam": [
      {
        "Text": "Btn 2",
        "Icon": "icons/btn_2.png"
      }
    ]
  },
  "3_0": {
    "State": 0,
    "ViewParam": [
      {
        "Text": "Btn 3",
        "Icon": "icons/btn_3.png"
      }
    ]
  },
  "4_0": {
    "State": 0,
    "ViewParam": [
      {
        "Text": "Btn 4",
        "Icon": "icons/btn_4.png"
      }
    ]
  },
  "0_1": {
    "State": 0,
    "ViewParam": [
      {
        "Text": "Btn 5",
        "Icon": "icons/btn_5.png"
      }
    ]
  },
  "1_1": {
    "State": 0,
    "ViewParam": [
      {
        "Text": "Btn 6",
        "Icon": "icons/btn_6.png"
      }
    ]
  },
  "2_1": {
    "State": 0,
    "ViewParam": [
      {
        "Text": "Btn 7",
        "Icon": "icons/btn_7.png"
      }
    ]
  },
  "3_1": {
    "State": 0,
    "ViewParam": [
      {
        "Text": "Btn 8",
        "Icon": "icons/btn_8.png"
      }
    ]
  },
  "4_1": {
    "State": 0,
    "ViewParam": [
      {
        "Text": "Btn 9",
        "Icon": "icons/btn_9.png"
      }
    ]
  },
  "0_2": {
    "State": 0,
    "ViewParam": [
      {
        "Text": "Btn 10",
        "Icon": "icons/btn_10.png"
      }
    ]
  },
  "1_2": {
    "State": 0,
    "ViewParam": [
      {
        "Text": "Btn 11",
        "Icon": "icons/btn_11.png"
      }
    ]
  },
  "2_2": {
    "State": 0,
    "ViewParam": [
      {
        "Text": "Btn 12",
        "Icon": "icons/btn_12.png"
      }
    ]
  }
}
[2026-03-30T14:01:45.512Z] [zip] size=17566 bytes, 18 packets
[2026-03-30T14:01:45.512Z] [zip] boundary check FAILED attempt 1: offset 17400: 0x00
[2026-03-30T14:01:45.516Z] [zip] boundary workaround: passed on attempt 2 (dummy=8 chars)
[2026-03-30T14:01:45.516Z] [zip] zip header: 50 4b 03 04 0a 00 00 00 08 00 36 70 7e 5c 60 82 0d 93 0a 00 00 00 08 00 00 00 09 00 00 00 64 75 ... (17670 bytes total)
[2026-03-30T14:01:45.516Z] [zip] boundary @1016: 0x7b
[2026-03-30T14:01:45.516Z] [zip] boundary @2040: 0xb7
[2026-03-30T14:01:45.516Z] [zip] boundary @3064: 0xbb
[2026-03-30T14:01:45.516Z] [zip] boundary @4088: 0xed
[2026-03-30T14:01:45.516Z] [zip] boundary @5112: 0xfe
[2026-03-30T14:01:45.516Z] [zip] boundary @6136: 0x39
[2026-03-30T14:01:45.516Z] [zip] boundary @7160: 0x82
[2026-03-30T14:01:45.516Z] [zip] boundary @8184: 0x66
[2026-03-30T14:01:45.516Z] [zip] boundary @9208: 0x5e
[2026-03-30T14:01:45.516Z] [zip] boundary @10232: 0x20
[2026-03-30T14:01:45.516Z] [zip] boundary @11256: 0xcb
[2026-03-30T14:01:45.516Z] [zip] boundary @12280: 0x38
[2026-03-30T14:01:45.516Z] [zip] boundary @13304: 0xcd
[2026-03-30T14:01:45.516Z] [zip] boundary @14328: 0x52
[2026-03-30T14:01:45.516Z] [zip] boundary @15352: 0xae
[2026-03-30T14:01:45.516Z] [zip] boundary @16376: 0xb7
[2026-03-30T14:01:45.516Z] [zip] boundary @17400: 0x70
[2026-03-30T14:01:45.516Z] [queue] #7 SET_BUTTONS: executing
[2026-03-30T14:01:45.516Z] [send] SET_BUTTONS: sending 18 packets
[2026-03-30T14:01:45.516Z] [send]   pkt[0] header: 7c 7c 00 01 06 45 00 00 50 4b 03 04 0a 00 00 00 ... (1024 bytes total)
[2026-03-30T14:01:45.647Z] [queue] #7 SET_BUTTONS: done
[2026-03-30T14:01:46.167Z] [render] SET_BUTTONS [0,1,2,3,4,5,6,7,8,9,10,11,12] (13 buttons)
[2026-03-30T14:01:46.171Z] [zip] manifest: {
  "0_0": {
    "State": 0,
    "ViewParam": [
      {
        "Text": "Btn 0",
        "Icon": "icons/btn_0.png"
      }
    ]
  },
  "1_0": {
    "State": 0,
    "ViewParam": [
      {
        "Text": "Btn 1",
        "Icon": "icons/btn_1.png"
      }
    ]
  },
  "2_0": {
    "State": 0,
    "ViewParam": [
      {
        "Text": "Btn 2",
        "Icon": "icons/btn_2.png"
      }
    ]
  },
  "3_0": {
    "State": 0,
    "ViewParam": [
      {
        "Text": "Btn 3",
        "Icon": "icons/btn_3.png"
      }
    ]
  },
  "4_0": {
    "State": 0,
    "ViewParam": [
      {
        "Text": "Btn 4",
        "Icon": "icons/btn_4.png"
      }
    ]
  },
  "0_1": {
    "State": 0,
    "ViewParam": [
      {
        "Text": "Btn 5",
        "Icon": "icons/btn_5.png"
      }
    ]
  },
  "1_1": {
    "State": 0,
    "ViewParam": [
      {
        "Text": "Btn 6",
        "Icon": "icons/btn_6.png"
      }
    ]
  },
  "2_1": {
    "State": 0,
    "ViewParam": [
      {
        "Text": "Btn 7",
        "Icon": "icons/btn_7.png"
      }
    ]
  },
  "3_1": {
    "State": 0,
    "ViewParam": [
      {
        "Text": "Btn 8",
        "Icon": "icons/btn_8.png"
      }
    ]
  },
  "4_1": {
    "State": 0,
    "ViewParam": [
      {
        "Text": "Btn 9",
        "Icon": "icons/btn_9.png"
      }
    ]
  },
  "0_2": {
    "State": 0,
    "ViewParam": [
      {
        "Text": "Btn 10",
        "Icon": "icons/btn_10.png"
      }
    ]
  },
  "1_2": {
    "State": 0,
    "ViewParam": [
      {
        "Text": "Btn 11",
        "Icon": "icons/btn_11.png"
      }
    ]
  },
  "2_2": {
    "State": 0,
    "ViewParam": [
      {
        "Text": "Btn 12",
        "Icon": "icons/btn_12.png"
      }
    ]
  }
}
[2026-03-30T14:01:46.171Z] [zip] size=18201 bytes, 18 packets
[2026-03-30T14:01:46.171Z] [zip] zip header: 50 4b 03 04 0a 00 00 00 00 00 37 70 7e 5c 00 00 00 00 00 00 00 00 00 00 00 00 06 00 00 00 69 63 ... (18201 bytes total)
[2026-03-30T14:01:46.171Z] [zip] boundary @1016: 0x16
[2026-03-30T14:01:46.171Z] [zip] boundary @2040: 0x7e
[2026-03-30T14:01:46.171Z] [zip] boundary @3064: 0x5e
[2026-03-30T14:01:46.171Z] [zip] boundary @4088: 0x6a
[2026-03-30T14:01:46.171Z] [zip] boundary @5112: 0x88
[2026-03-30T14:01:46.171Z] [zip] boundary @6136: 0xd9
[2026-03-30T14:01:46.171Z] [zip] boundary @7160: 0xed
[2026-03-30T14:01:46.171Z] [zip] boundary @8184: 0xbe
[2026-03-30T14:01:46.171Z] [zip] boundary @9208: 0x95
[2026-03-30T14:01:46.171Z] [zip] boundary @10232: 0x29
[2026-03-30T14:01:46.171Z] [zip] boundary @11256: 0x0e
[2026-03-30T14:01:46.171Z] [zip] boundary @12280: 0xb0
[2026-03-30T14:01:46.171Z] [zip] boundary @13304: 0x40
[2026-03-30T14:01:46.171Z] [zip] boundary @14328: 0x95
[2026-03-30T14:01:46.171Z] [zip] boundary @15352: 0x4e
[2026-03-30T14:01:46.171Z] [zip] boundary @16376: 0x88
[2026-03-30T14:01:46.171Z] [zip] boundary @17400: 0x5c
[2026-03-30T14:01:46.172Z] [queue] #8 SET_BUTTONS: executing
[2026-03-30T14:01:46.172Z] [send] SET_BUTTONS: sending 18 packets
[2026-03-30T14:01:46.172Z] [send]   pkt[0] header: 7c 7c 00 01 19 47 00 00 50 4b 03 04 0a 00 00 00 ... (1024 bytes total)
[2026-03-30T14:01:46.310Z] [queue] #8 SET_BUTTONS: done
[2026-03-30T14:01:46.830Z] [render] SET_BUTTONS [0,1,2,3,4,5,6,7,8,9,10,11,12] (13 buttons)
[2026-03-30T14:01:46.834Z] [zip] manifest: {
  "0_0": {
    "State": 0,
    "ViewParam": [
      {
        "Text": "Btn 0",
        "Icon": "icons/btn_0.png"
      }
    ]
  },
  "1_0": {
    "State": 0,
    "ViewParam": [
      {
        "Text": "Btn 1",
        "Icon": "icons/btn_1.png"
      }
    ]
  },
  "2_0": {
    "State": 0,
    "ViewParam": [
      {
        "Text": "Btn 2",
        "Icon": "icons/btn_2.png"
      }
    ]
  },
  "3_0": {
    "State": 0,
    "ViewParam": [
      {
        "Text": "Btn 3",
        "Icon": "icons/btn_3.png"
      }
    ]
  },
  "4_0": {
    "State": 0,
    "ViewParam": [
      {
        "Text": "Btn 4",
        "Icon": "icons/btn_4.png"
      }
    ]
  },
  "0_1": {
    "State": 0,
    "ViewParam": [
      {
        "Text": "Btn 5",
        "Icon": "icons/btn_5.png"
      }
    ]
  },
  "1_1": {
    "State": 0,
    "ViewParam": [
      {
        "Text": "Btn 6",
        "Icon": "icons/btn_6.png"
      }
    ]
  },
  "2_1": {
    "State": 0,
    "ViewParam": [
      {
        "Text": "Btn 7",
        "Icon": "icons/btn_7.png"
      }
    ]
  },
  "3_1": {
    "State": 0,
    "ViewParam": [
      {
        "Text": "Btn 8",
        "Icon": "icons/btn_8.png"
      }
    ]
  },
  "4_1": {
    "State": 0,
    "ViewParam": [
      {
        "Text": "Btn 9",
        "Icon": "icons/btn_9.png"
      }
    ]
  },
  "0_2": {
    "State": 0,
    "ViewParam": [
      {
        "Text": "Btn 10",
        "Icon": "icons/btn_10.png"
      }
    ]
  },
  "1_2": {
    "State": 0,
    "ViewParam": [
      {
        "Text": "Btn 11",
        "Icon": "icons/btn_11.png"
      }
    ]
  },
  "2_2": {
    "State": 0,
    "ViewParam": [
      {
        "Text": "Btn 12",
        "Icon": "icons/btn_12.png"
      }
    ]
  }
}
[2026-03-30T14:01:46.834Z] [zip] size=17448 bytes, 18 packets
[2026-03-30T14:01:46.834Z] [zip] boundary check FAILED attempt 1: offset 17400: 0x00
[2026-03-30T14:01:46.838Z] [zip] boundary workaround: passed on attempt 2 (dummy=8 chars)
[2026-03-30T14:01:46.838Z] [zip] zip header: 50 4b 03 04 0a 00 00 00 08 00 37 70 7e 5c b5 5b 53 5f 0a 00 00 00 08 00 00 00 09 00 00 00 64 75 ... (17552 bytes total)
[2026-03-30T14:01:46.839Z] [zip] boundary @1016: 0x33
[2026-03-30T14:01:46.839Z] [zip] boundary @2040: 0x0b
[2026-03-30T14:01:46.839Z] [zip] boundary @3064: 0x6e
[2026-03-30T14:01:46.839Z] [zip] boundary @4088: 0xbf
[2026-03-30T14:01:46.839Z] [zip] boundary @5112: 0xf1
[2026-03-30T14:01:46.839Z] [zip] boundary @6136: 0xb7
[2026-03-30T14:01:46.839Z] [zip] boundary @7160: 0x28
[2026-03-30T14:01:46.839Z] [zip] boundary @8184: 0xb6
[2026-03-30T14:01:46.839Z] [zip] boundary @9208: 0xff
[2026-03-30T14:01:46.839Z] [zip] boundary @10232: 0xd2
[2026-03-30T14:01:46.839Z] [zip] boundary @11256: 0x01
[2026-03-30T14:01:46.839Z] [zip] boundary @12280: 0x83
[2026-03-30T14:01:46.839Z] [zip] boundary @13304: 0x12
[2026-03-30T14:01:46.839Z] [zip] boundary @14328: 0xc1
[2026-03-30T14:01:46.839Z] [zip] boundary @15352: 0xb7
[2026-03-30T14:01:46.839Z] [zip] boundary @16376: 0x91
[2026-03-30T14:01:46.839Z] [zip] boundary @17400: 0x74
[2026-03-30T14:01:46.839Z] [queue] #9 SET_BUTTONS: executing
[2026-03-30T14:01:46.839Z] [send] SET_BUTTONS: sending 18 packets
[2026-03-30T14:01:46.839Z] [send]   pkt[0] header: 7c 7c 00 01 90 44 00 00 50 4b 03 04 0a 00 00 00 ... (1024 bytes total)
[2026-03-30T14:01:46.969Z] [queue] #9 SET_BUTTONS: done
[2026-03-30T14:01:46.987Z] [render] SET_BUTTONS [0,1,2,3,4,5,6,7,8,9,10,11,12] (13 buttons)
[2026-03-30T14:01:46.992Z] [zip] manifest: {
  "0_0": {
    "State": 0,
    "ViewParam": [
      {
        "Text": "Btn 0",
        "Icon": "icons/btn_0.png"
      }
    ]
  },
  "1_0": {
    "State": 0,
    "ViewParam": [
      {
        "Text": "Btn 1",
        "Icon": "icons/btn_1.png"
      }
    ]
  },
  "2_0": {
    "State": 0,
    "ViewParam": [
      {
        "Text": "Btn 2",
        "Icon": "icons/btn_2.png"
      }
    ]
  },
  "3_0": {
    "State": 0,
    "ViewParam": [
      {
        "Text": "Btn 3",
        "Icon": "icons/btn_3.png"
      }
    ]
  },
  "4_0": {
    "State": 0,
    "ViewParam": [
      {
        "Text": "Btn 4",
        "Icon": "icons/btn_4.png"
      }
    ]
  },
  "0_1": {
    "State": 0,
    "ViewParam": [
      {
        "Text": "Btn 5",
        "Icon": "icons/btn_5.png"
      }
    ]
  },
  "1_1": {
    "State": 0,
    "ViewParam": [
      {
        "Text": "Btn 6",
        "Icon": "icons/btn_6.png"
      }
    ]
  },
  "2_1": {
    "State": 0,
    "ViewParam": [
      {
        "Text": "Btn 7",
        "Icon": "icons/btn_7.png"
      }
    ]
  },
  "3_1": {
    "State": 0,
    "ViewParam": [
      {
        "Text": "Btn 8",
        "Icon": "icons/btn_8.png"
      }
    ]
  },
  "4_1": {
    "State": 0,
    "ViewParam": [
      {
        "Text": "Btn 9",
        "Icon": "icons/btn_9.png"
      }
    ]
  },
  "0_2": {
    "State": 0,
    "ViewParam": [
      {
        "Text": "Btn 10",
        "Icon": "icons/btn_10.png"
      }
    ]
  },
  "1_2": {
    "State": 0,
    "ViewParam": [
      {
        "Text": "Btn 11",
        "Icon": "icons/btn_11.png"
      }
    ]
  },
  "2_2": {
    "State": 0,
    "ViewParam": [
      {
        "Text": "Btn 12",
        "Icon": "icons/btn_12.png"
      }
    ]
  }
}
[2026-03-30T14:01:46.992Z] [zip] size=17069 bytes, 17 packets
[2026-03-30T14:01:46.993Z] [zip] zip header: 50 4b 03 04 0a 00 00 00 00 00 37 70 7e 5c 00 00 00 00 00 00 00 00 00 00 00 00 06 00 00 00 69 63 ... (17069 bytes total)
[2026-03-30T14:01:46.993Z] [zip] boundary @1016: 0xdf
[2026-03-30T14:01:46.993Z] [zip] boundary @2040: 0xd9
[2026-03-30T14:01:46.993Z] [zip] boundary @3064: 0x66
[2026-03-30T14:01:46.993Z] [zip] boundary @4088: 0x62
[2026-03-30T14:01:46.993Z] [zip] boundary @5112: 0xfe
[2026-03-30T14:01:46.993Z] [zip] boundary @6136: 0x05
[2026-03-30T14:01:46.993Z] [zip] boundary @7160: 0x05
[2026-03-30T14:01:46.993Z] [zip] boundary @8184: 0xe0
[2026-03-30T14:01:46.993Z] [zip] boundary @9208: 0x62
[2026-03-30T14:01:46.993Z] [zip] boundary @10232: 0x55
[2026-03-30T14:01:46.993Z] [zip] boundary @11256: 0x64
[2026-03-30T14:01:46.993Z] [zip] boundary @12280: 0x8a
[2026-03-30T14:01:46.993Z] [zip] boundary @13304: 0x64
[2026-03-30T14:01:46.993Z] [zip] boundary @14328: 0x77
[2026-03-30T14:01:46.993Z] [zip] boundary @15352: 0x9b
[2026-03-30T14:01:46.993Z] [zip] boundary @16376: 0x4b
[2026-03-30T14:01:46.993Z] [queue] #10 SET_BUTTONS: executing
[2026-03-30T14:01:46.993Z] [send] SET_BUTTONS: sending 17 packets
[2026-03-30T14:01:46.993Z] [send]   pkt[0] header: 7c 7c 00 01 ad 42 00 00 50 4b 03 04 0a 00 00 00 ... (1024 bytes total)
[2026-03-30T14:01:47.123Z] [queue] #10 SET_BUTTONS: done
[2026-03-30T14:01:47.142Z] [render] SET_BUTTONS [0,1,2,3,4,5,6,7,8,9,10,11,12] (13 buttons)
[2026-03-30T14:01:47.145Z] [zip] manifest: {
  "0_0": {
    "State": 0,
    "ViewParam": [
      {
        "Text": "Btn 0",
        "Icon": "icons/btn_0.png"
      }
    ]
  },
  "1_0": {
    "State": 0,
    "ViewParam": [
      {
        "Text": "Btn 1",
        "Icon": "icons/btn_1.png"
      }
    ]
  },
  "2_0": {
    "State": 0,
    "ViewParam": [
      {
        "Text": "Btn 2",
        "Icon": "icons/btn_2.png"
      }
    ]
  },
  "3_0": {
    "State": 0,
    "ViewParam": [
      {
        "Text": "Btn 3",
        "Icon": "icons/btn_3.png"
      }
    ]
  },
  "4_0": {
    "State": 0,
    "ViewParam": [
      {
        "Text": "Btn 4",
        "Icon": "icons/btn_4.png"
      }
    ]
  },
  "0_1": {
    "State": 0,
    "ViewParam": [
      {
        "Text": "Btn 5",
        "Icon": "icons/btn_5.png"
      }
    ]
  },
  "1_1": {
    "State": 0,
    "ViewParam": [
      {
        "Text": "Btn 6",
        "Icon": "icons/btn_6.png"
      }
    ]
  },
  "2_1": {
    "State": 0,
    "ViewParam": [
      {
        "Text": "Btn 7",
        "Icon": "icons/btn_7.png"
      }
    ]
  },
  "3_1": {
    "State": 0,
    "ViewParam": [
      {
        "Text": "Btn 8",
        "Icon": "icons/btn_8.png"
      }
    ]
  },
  "4_1": {
    "State": 0,
    "ViewParam": [
      {
        "Text": "Btn 9",
        "Icon": "icons/btn_9.png"
      }
    ]
  },
  "0_2": {
    "State": 0,
    "ViewParam": [
      {
        "Text": "Btn 10",
        "Icon": "icons/btn_10.png"
      }
    ]
  },
  "1_2": {
    "State": 0,
    "ViewParam": [
      {
        "Text": "Btn 11",
        "Icon": "icons/btn_11.png"
      }
    ]
  },
  "2_2": {
    "State": 0,
    "ViewParam": [
      {
        "Text": "Btn 12",
        "Icon": "icons/btn_12.png"
      }
    ]
  }
}
[2026-03-30T14:01:47.145Z] [zip] size=16434 bytes, 17 packets
[2026-03-30T14:01:47.145Z] [zip] boundary check FAILED attempt 1: offset 16376: 0x00
[2026-03-30T14:01:47.148Z] [zip] boundary workaround: passed on attempt 2 (dummy=8 chars)
[2026-03-30T14:01:47.149Z] [zip] zip header: 50 4b 03 04 0a 00 00 00 08 00 37 70 7e 5c 45 15 9c ef 0a 00 00 00 08 00 00 00 09 00 00 00 64 75 ... (16538 bytes total)
[2026-03-30T14:01:47.149Z] [zip] boundary @1016: 0x3f
[2026-03-30T14:01:47.149Z] [zip] boundary @2040: 0x06
[2026-03-30T14:01:47.149Z] [zip] boundary @3064: 0xad
[2026-03-30T14:01:47.149Z] [zip] boundary @4088: 0x2d
[2026-03-30T14:01:47.149Z] [zip] boundary @5112: 0x9c
[2026-03-30T14:01:47.149Z] [zip] boundary @6136: 0x8a
[2026-03-30T14:01:47.149Z] [zip] boundary @7160: 0x44
[2026-03-30T14:01:47.149Z] [zip] boundary @8184: 0x0b
[2026-03-30T14:01:47.149Z] [zip] boundary @9208: 0x14
[2026-03-30T14:01:47.149Z] [zip] boundary @10232: 0x15
[2026-03-30T14:01:47.149Z] [zip] boundary @11256: 0x31
[2026-03-30T14:01:47.149Z] [zip] boundary @12280: 0xb3
[2026-03-30T14:01:47.149Z] [zip] boundary @13304: 0xb8
[2026-03-30T14:01:47.149Z] [zip] boundary @14328: 0x46
[2026-03-30T14:01:47.149Z] [zip] boundary @15352: 0x8b
[2026-03-30T14:01:47.149Z] [zip] boundary @16376: 0x31
[2026-03-30T14:01:47.149Z] [queue] #11 SET_BUTTONS: executing
[2026-03-30T14:01:47.149Z] [send] SET_BUTTONS: sending 17 packets
[2026-03-30T14:01:47.149Z] [send]   pkt[0] header: 7c 7c 00 01 9a 40 00 00 50 4b 03 04 0a 00 00 00 ... (1024 bytes total)
[2026-03-30T14:01:47.268Z] [queue] #11 SET_BUTTONS: done
[2026-03-30T14:01:47.287Z] [render] SET_BUTTONS [0,1,2,3,4,5,6,7,8,9,10,11,12] (13 buttons)
[2026-03-30T14:01:47.292Z] [zip] manifest: {
  "0_0": {
    "State": 0,
    "ViewParam": [
      {
        "Text": "Btn 0",
        "Icon": "icons/btn_0.png"
      }
    ]
  },
  "1_0": {
    "State": 0,
    "ViewParam": [
      {
        "Text": "Btn 1",
        "Icon": "icons/btn_1.png"
      }
    ]
  },
  "2_0": {
    "State": 0,
    "ViewParam": [
      {
        "Text": "Btn 2",
        "Icon": "icons/btn_2.png"
      }
    ]
  },
  "3_0": {
    "State": 0,
    "ViewParam": [
      {
        "Text": "Btn 3",
        "Icon": "icons/btn_3.png"
      }
    ]
  },
  "4_0": {
    "State": 0,
    "ViewParam": [
      {
        "Text": "Btn 4",
        "Icon": "icons/btn_4.png"
      }
    ]
  },
  "0_1": {
    "State": 0,
    "ViewParam": [
      {
        "Text": "Btn 5",
        "Icon": "icons/btn_5.png"
      }
    ]
  },
  "1_1": {
    "State": 0,
    "ViewParam": [
      {
        "Text": "Btn 6",
        "Icon": "icons/btn_6.png"
      }
    ]
  },
  "2_1": {
    "State": 0,
    "ViewParam": [
      {
        "Text": "Btn 7",
        "Icon": "icons/btn_7.png"
      }
    ]
  },
  "3_1": {
    "State": 0,
    "ViewParam": [
      {
        "Text": "Btn 8",
        "Icon": "icons/btn_8.png"
      }
    ]
  },
  "4_1": {
    "State": 0,
    "ViewParam": [
      {
        "Text": "Btn 9",
        "Icon": "icons/btn_9.png"
      }
    ]
  },
  "0_2": {
    "State": 0,
    "ViewParam": [
      {
        "Text": "Btn 10",
        "Icon": "icons/btn_10.png"
      }
    ]
  },
  "1_2": {
    "State": 0,
    "ViewParam": [
      {
        "Text": "Btn 11",
        "Icon": "icons/btn_11.png"
      }
    ]
  },
  "2_2": {
    "State": 0,
    "ViewParam": [
      {
        "Text": "Btn 12",
        "Icon": "icons/btn_12.png"
      }
    ]
  }
}
[2026-03-30T14:01:47.292Z] [zip] size=15646 bytes, 16 packets
[2026-03-30T14:01:47.292Z] [zip] boundary check FAILED attempt 1: offset 15352: 0x00
[2026-03-30T14:01:47.296Z] [zip] boundary workaround: passed on attempt 2 (dummy=8 chars)
[2026-03-30T14:01:47.296Z] [zip] zip header: 50 4b 03 04 0a 00 00 00 08 00 37 70 7e 5c 28 11 3d 19 0a 00 00 00 08 00 00 00 09 00 00 00 64 75 ... (15750 bytes total)
[2026-03-30T14:01:47.296Z] [zip] boundary @1016: 0x3f
[2026-03-30T14:01:47.296Z] [zip] boundary @2040: 0x03
[2026-03-30T14:01:47.296Z] [zip] boundary @3064: 0xd2
[2026-03-30T14:01:47.296Z] [zip] boundary @4088: 0x7e
[2026-03-30T14:01:47.296Z] [zip] boundary @5112: 0xcb
[2026-03-30T14:01:47.296Z] [zip] boundary @6136: 0x29
[2026-03-30T14:01:47.296Z] [zip] boundary @7160: 0x9f
[2026-03-30T14:01:47.296Z] [zip] boundary @8184: 0x6d
[2026-03-30T14:01:47.296Z] [zip] boundary @9208: 0x5f
[2026-03-30T14:01:47.296Z] [zip] boundary @10232: 0x7e
[2026-03-30T14:01:47.296Z] [zip] boundary @11256: 0x3b
[2026-03-30T14:01:47.296Z] [zip] boundary @12280: 0x11
[2026-03-30T14:01:47.296Z] [zip] boundary @13304: 0x4f
[2026-03-30T14:01:47.296Z] [zip] boundary @14328: 0x5d
[2026-03-30T14:01:47.296Z] [zip] boundary @15352: 0x62
[2026-03-30T14:01:47.296Z] [queue] #12 SET_BUTTONS: executing
[2026-03-30T14:01:47.296Z] [send] SET_BUTTONS: sending 16 packets
[2026-03-30T14:01:47.296Z] [send]   pkt[0] header: 7c 7c 00 01 86 3d 00 00 50 4b 03 04 0a 00 00 00 ... (1024 bytes total)
[2026-03-30T14:01:47.416Z] [queue] #12 SET_BUTTONS: done
[2026-03-30T14:01:47.435Z] [render] SET_BUTTONS [0,1,2,3,4,5,6,7,8,9,10,11,12] (13 buttons)
[2026-03-30T14:01:47.443Z] [zip] manifest: {
  "0_0": {
    "State": 0,
    "ViewParam": [
      {
        "Text": "Btn 0",
        "Icon": "icons/btn_0.png"
      }
    ]
  },
  "1_0": {
    "State": 0,
    "ViewParam": [
      {
        "Text": "Btn 1",
        "Icon": "icons/btn_1.png"
      }
    ]
  },
  "2_0": {
    "State": 0,
    "ViewParam": [
      {
        "Text": "Btn 2",
        "Icon": "icons/btn_2.png"
      }
    ]
  },
  "3_0": {
    "State": 0,
    "ViewParam": [
      {
        "Text": "Btn 3",
        "Icon": "icons/btn_3.png"
      }
    ]
  },
  "4_0": {
    "State": 0,
    "ViewParam": [
      {
        "Text": "Btn 4",
        "Icon": "icons/btn_4.png"
      }
    ]
  },
  "0_1": {
    "State": 0,
    "ViewParam": [
      {
        "Text": "Btn 5",
        "Icon": "icons/btn_5.png"
      }
    ]
  },
  "1_1": {
    "State": 0,
    "ViewParam": [
      {
        "Text": "Btn 6",
        "Icon": "icons/btn_6.png"
      }
    ]
  },
  "2_1": {
    "State": 0,
    "ViewParam": [
      {
        "Text": "Btn 7",
        "Icon": "icons/btn_7.png"
      }
    ]
  },
  "3_1": {
    "State": 0,
    "ViewParam": [
      {
        "Text": "Btn 8",
        "Icon": "icons/btn_8.png"
      }
    ]
  },
  "4_1": {
    "State": 0,
    "ViewParam": [
      {
        "Text": "Btn 9",
        "Icon": "icons/btn_9.png"
      }
    ]
  },
  "0_2": {
    "State": 0,
    "ViewParam": [
      {
        "Text": "Btn 10",
        "Icon": "icons/btn_10.png"
      }
    ]
  },
  "1_2": {
    "State": 0,
    "ViewParam": [
      {
        "Text": "Btn 11",
        "Icon": "icons/btn_11.png"
      }
    ]
  },
  "2_2": {
    "State": 0,
    "ViewParam": [
      {
        "Text": "Btn 12",
        "Icon": "icons/btn_12.png"
      }
    ]
  }
}
[2026-03-30T14:01:47.444Z] [zip] size=15118 bytes, 15 packets
[2026-03-30T14:01:47.444Z] [zip] boundary check FAILED attempt 1: offset 14328: 0x00
[2026-03-30T14:01:47.460Z] [zip] boundary check FAILED attempt 2: offset 14328: 0x00
[2026-03-30T14:01:47.477Z] [zip] boundary check FAILED attempt 3: offset 2040: 0x00, offset 14328: 0x00
[2026-03-30T14:01:47.482Z] [zip] boundary check FAILED attempt 4: offset 6136: 0x00
[2026-03-30T14:01:47.487Z] [zip] boundary workaround: passed on attempt 5 (dummy=80 chars)
[2026-03-30T14:01:47.487Z] [zip] zip header: 50 4b 03 04 0a 00 00 00 08 00 37 70 7e 5c 64 56 fe c3 52 00 00 00 50 00 00 00 09 00 00 00 64 75 ... (15294 bytes total)
[2026-03-30T14:01:47.487Z] [zip] boundary @1016: 0x95
[2026-03-30T14:01:47.487Z] [zip] boundary @2040: 0x74
[2026-03-30T14:01:47.487Z] [zip] boundary @3064: 0xff
[2026-03-30T14:01:47.487Z] [zip] boundary @4088: 0xb6
[2026-03-30T14:01:47.487Z] [zip] boundary @5112: 0xa5
[2026-03-30T14:01:47.487Z] [zip] boundary @6136: 0x32
[2026-03-30T14:01:47.487Z] [zip] boundary @7160: 0x69
[2026-03-30T14:01:47.487Z] [zip] boundary @8184: 0xb9
[2026-03-30T14:01:47.487Z] [zip] boundary @9208: 0x91
[2026-03-30T14:01:47.487Z] [zip] boundary @10232: 0x98
[2026-03-30T14:01:47.487Z] [zip] boundary @11256: 0xf3
[2026-03-30T14:01:47.487Z] [zip] boundary @12280: 0xcf
[2026-03-30T14:01:47.487Z] [zip] boundary @13304: 0x92
[2026-03-30T14:01:47.487Z] [zip] boundary @14328: 0xfe
[2026-03-30T14:01:47.487Z] [queue] #13 SET_BUTTONS: executing
[2026-03-30T14:01:47.487Z] [send] SET_BUTTONS: sending 15 packets
[2026-03-30T14:01:47.487Z] [send]   pkt[0] header: 7c 7c 00 01 be 3b 00 00 50 4b 03 04 0a 00 00 00 ... (1024 bytes total)
[2026-03-30T14:01:47.653Z] [queue] #13 SET_BUTTONS: done
[2026-03-30T14:01:48.674Z] [render] SET_BUTTONS [0,1,2,3,4,5,6,7,8,9,10,11,12] (13 buttons)
[2026-03-30T14:01:48.678Z] [zip] manifest: {
  "0_0": {
    "State": 0,
    "ViewParam": [
      {
        "Text": "Btn 0",
        "Icon": "icons/btn_0.png"
      }
    ]
  },
  "1_0": {
    "State": 0,
    "ViewParam": [
      {
        "Text": "Btn 1",
        "Icon": "icons/btn_1.png"
      }
    ]
  },
  "2_0": {
    "State": 0,
    "ViewParam": [
      {
        "Text": "Btn 2",
        "Icon": "icons/btn_2.png"
      }
    ]
  },
  "3_0": {
    "State": 0,
    "ViewParam": [
      {
        "Text": "Btn 3",
        "Icon": "icons/btn_3.png"
      }
    ]
  },
  "4_0": {
    "State": 0,
    "ViewParam": [
      {
        "Text": "Btn 4",
        "Icon": "icons/btn_4.png"
      }
    ]
  },
  "0_1": {
    "State": 0,
    "ViewParam": [
      {
        "Text": "Btn 5",
        "Icon": "icons/btn_5.png"
      }
    ]
  },
  "1_1": {
    "State": 0,
    "ViewParam": [
      {
        "Text": "Btn 6",
        "Icon": "icons/btn_6.png"
      }
    ]
  },
  "2_1": {
    "State": 0,
    "ViewParam": [
      {
        "Text": "Btn 7",
        "Icon": "icons/btn_7.png"
      }
    ]
  },
  "3_1": {
    "State": 0,
    "ViewParam": [
      {
        "Text": "Btn 8",
        "Icon": "icons/btn_8.png"
      }
    ]
  },
  "4_1": {
    "State": 0,
    "ViewParam": [
      {
        "Text": "Btn 9",
        "Icon": "icons/btn_9.png"
      }
    ]
  },
  "0_2": {
    "State": 0,
    "ViewParam": [
      {
        "Text": "Btn 10",
        "Icon": "icons/btn_10.png"
      }
    ]
  },
  "1_2": {
    "State": 0,
    "ViewParam": [
      {
        "Text": "Btn 11",
        "Icon": "icons/btn_11.png"
      }
    ]
  },
  "2_2": {
    "State": 0,
    "ViewParam": [
      {
        "Text": "Btn 12",
        "Icon": "icons/btn_12.png"
      }
    ]
  }
}
[2026-03-30T14:01:48.678Z] [zip] size=15871 bytes, 16 packets
[2026-03-30T14:01:48.678Z] [zip] zip header: 50 4b 03 04 0a 00 00 00 00 00 38 70 7e 5c 00 00 00 00 00 00 00 00 00 00 00 00 06 00 00 00 69 63 ... (15871 bytes total)
[2026-03-30T14:01:48.678Z] [zip] boundary @1016: 0x16
[2026-03-30T14:01:48.678Z] [zip] boundary @2040: 0x11
[2026-03-30T14:01:48.678Z] [zip] boundary @3064: 0x5d
[2026-03-30T14:01:48.678Z] [zip] boundary @4088: 0x8b
[2026-03-30T14:01:48.678Z] [zip] boundary @5112: 0x16
[2026-03-30T14:01:48.678Z] [zip] boundary @6136: 0x02
[2026-03-30T14:01:48.678Z] [zip] boundary @7160: 0xf6
[2026-03-30T14:01:48.678Z] [zip] boundary @8184: 0x36
[2026-03-30T14:01:48.678Z] [zip] boundary @9208: 0xc6
[2026-03-30T14:01:48.678Z] [zip] boundary @10232: 0x75
[2026-03-30T14:01:48.678Z] [zip] boundary @11256: 0x5a
[2026-03-30T14:01:48.678Z] [zip] boundary @12280: 0xea
[2026-03-30T14:01:48.678Z] [zip] boundary @13304: 0xcc
[2026-03-30T14:01:48.678Z] [zip] boundary @14328: 0xf8
[2026-03-30T14:01:48.678Z] [zip] boundary @15352: 0x74
[2026-03-30T14:01:48.678Z] [queue] #14 SET_BUTTONS: executing
[2026-03-30T14:01:48.678Z] [send] SET_BUTTONS: sending 16 packets
[2026-03-30T14:01:48.678Z] [send]   pkt[0] header: 7c 7c 00 01 ff 3d 00 00 50 4b 03 04 0a 00 00 00 ... (1024 bytes total)
[2026-03-30T14:01:48.807Z] [queue] #14 SET_BUTTONS: done
[2026-03-30T14:01:48.827Z] [render] SET_BUTTONS [0,1,2,3,4,5,6,7,8,9,10,11,12] (13 buttons)
[2026-03-30T14:01:48.830Z] [zip] manifest: {
  "0_0": {
    "State": 0,
    "ViewParam": [
      {
        "Text": "Btn 0",
        "Icon": "icons/btn_0.png"
      }
    ]
  },
  "1_0": {
    "State": 0,
    "ViewParam": [
      {
        "Text": "Btn 1",
        "Icon": "icons/btn_1.png"
      }
    ]
  },
  "2_0": {
    "State": 0,
    "ViewParam": [
      {
        "Text": "Btn 2",
        "Icon": "icons/btn_2.png"
      }
    ]
  },
  "3_0": {
    "State": 0,
    "ViewParam": [
      {
        "Text": "Btn 3",
        "Icon": "icons/btn_3.png"
      }
    ]
  },
  "4_0": {
    "State": 0,
    "ViewParam": [
      {
        "Text": "Btn 4",
        "Icon": "icons/btn_4.png"
      }
    ]
  },
  "0_1": {
    "State": 0,
    "ViewParam": [
      {
        "Text": "Btn 5",
        "Icon": "icons/btn_5.png"
      }
    ]
  },
  "1_1": {
    "State": 0,
    "ViewParam": [
      {
        "Text": "Btn 6",
        "Icon": "icons/btn_6.png"
      }
    ]
  },
  "2_1": {
    "State": 0,
    "ViewParam": [
      {
        "Text": "Btn 7",
        "Icon": "icons/btn_7.png"
      }
    ]
  },
  "3_1": {
    "State": 0,
    "ViewParam": [
      {
        "Text": "Btn 8",
        "Icon": "icons/btn_8.png"
      }
    ]
  },
  "4_1": {
    "State": 0,
    "ViewParam": [
      {
        "Text": "Btn 9",
        "Icon": "icons/btn_9.png"
      }
    ]
  },
  "0_2": {
    "State": 0,
    "ViewParam": [
      {
        "Text": "Btn 10",
        "Icon": "icons/btn_10.png"
      }
    ]
  },
  "1_2": {
    "State": 0,
    "ViewParam": [
      {
        "Text": "Btn 11",
        "Icon": "icons/btn_11.png"
      }
    ]
  },
  "2_2": {
    "State": 0,
    "ViewParam": [
      {
        "Text": "Btn 12",
        "Icon": "icons/btn_12.png"
      }
    ]
  }
}
[2026-03-30T14:01:48.830Z] [zip] size=16250 bytes, 16 packets
[2026-03-30T14:01:48.830Z] [zip] boundary check FAILED attempt 1: offset 12280: 0x00, offset 15352: 0x00
[2026-03-30T14:01:48.837Z] [zip] boundary workaround: passed on attempt 2 (dummy=8 chars)
[2026-03-30T14:01:48.837Z] [zip] zip header: 50 4b 03 04 0a 00 00 00 08 00 38 70 7e 5c 03 c6 40 55 0a 00 00 00 08 00 00 00 09 00 00 00 64 75 ... (16354 bytes total)
[2026-03-30T14:01:48.837Z] [zip] boundary @1016: 0x7b
[2026-03-30T14:01:48.837Z] [zip] boundary @2040: 0xb7
[2026-03-30T14:01:48.837Z] [zip] boundary @3064: 0xbb
[2026-03-30T14:01:48.837Z] [zip] boundary @4088: 0xab
[2026-03-30T14:01:48.837Z] [zip] boundary @5112: 0xfb
[2026-03-30T14:01:48.837Z] [zip] boundary @6136: 0xcb
[2026-03-30T14:01:48.837Z] [zip] boundary @7160: 0xa6
[2026-03-30T14:01:48.837Z] [zip] boundary @8184: 0x4f
[2026-03-30T14:01:48.837Z] [zip] boundary @9208: 0xae
[2026-03-30T14:01:48.837Z] [zip] boundary @10232: 0x57
[2026-03-30T14:01:48.837Z] [zip] boundary @11256: 0x2e
[2026-03-30T14:01:48.837Z] [zip] boundary @12280: 0x47
[2026-03-30T14:01:48.837Z] [zip] boundary @13304: 0xa9
[2026-03-30T14:01:48.837Z] [zip] boundary @14328: 0x77
[2026-03-30T14:01:48.838Z] [zip] boundary @15352: 0x4a
[2026-03-30T14:01:48.838Z] [queue] #15 SET_BUTTONS: executing
[2026-03-30T14:01:48.838Z] [send] SET_BUTTONS: sending 16 packets
[2026-03-30T14:01:48.838Z] [send]   pkt[0] header: 7c 7c 00 01 e2 3f 00 00 50 4b 03 04 0a 00 00 00 ... (1024 bytes total)
[2026-03-30T14:01:48.964Z] [queue] #15 SET_BUTTONS: done
[2026-03-30T14:01:48.982Z] [render] SET_BUTTONS [0,1,2,3,4,5,6,7,8,9,10,11,12] (13 buttons)
[2026-03-30T14:01:48.986Z] [zip] manifest: {
  "0_0": {
    "State": 0,
    "ViewParam": [
      {
        "Text": "Btn 0",
        "Icon": "icons/btn_0.png"
      }
    ]
  },
  "1_0": {
    "State": 0,
    "ViewParam": [
      {
        "Text": "Btn 1",
        "Icon": "icons/btn_1.png"
      }
    ]
  },
  "2_0": {
    "State": 0,
    "ViewParam": [
      {
        "Text": "Btn 2",
        "Icon": "icons/btn_2.png"
      }
    ]
  },
  "3_0": {
    "State": 0,
    "ViewParam": [
      {
        "Text": "Btn 3",
        "Icon": "icons/btn_3.png"
      }
    ]
  },
  "4_0": {
    "State": 0,
    "ViewParam": [
      {
        "Text": "Btn 4",
        "Icon": "icons/btn_4.png"
      }
    ]
  },
  "0_1": {
    "State": 0,
    "ViewParam": [
      {
        "Text": "Btn 5",
        "Icon": "icons/btn_5.png"
      }
    ]
  },
  "1_1": {
    "State": 0,
    "ViewParam": [
      {
        "Text": "Btn 6",
        "Icon": "icons/btn_6.png"
      }
    ]
  },
  "2_1": {
    "State": 0,
    "ViewParam": [
      {
        "Text": "Btn 7",
        "Icon": "icons/btn_7.png"
      }
    ]
  },
  "3_1": {
    "State": 0,
    "ViewParam": [
      {
        "Text": "Btn 8",
        "Icon": "icons/btn_8.png"
      }
    ]
  },
  "4_1": {
    "State": 0,
    "ViewParam": [
      {
        "Text": "Btn 9",
        "Icon": "icons/btn_9.png"
      }
    ]
  },
  "0_2": {
    "State": 0,
    "ViewParam": [
      {
        "Text": "Btn 10",
        "Icon": "icons/btn_10.png"
      }
    ]
  },
  "1_2": {
    "State": 0,
    "ViewParam": [
      {
        "Text": "Btn 11",
        "Icon": "icons/btn_11.png"
      }
    ]
  },
  "2_2": {
    "State": 0,
    "ViewParam": [
      {
        "Text": "Btn 12",
        "Icon": "icons/btn_12.png"
      }
    ]
  }
}
[2026-03-30T14:01:48.986Z] [zip] size=16885 bytes, 17 packets
[2026-03-30T14:01:48.986Z] [zip] boundary check FAILED attempt 1: offset 14328: 0x00
[2026-03-30T14:01:48.989Z] [zip] boundary workaround: passed on attempt 2 (dummy=8 chars)
[2026-03-30T14:01:48.989Z] [zip] zip header: 50 4b 03 04 0a 00 00 00 08 00 38 70 7e 5c cc 4f e7 4d 0a 00 00 00 08 00 00 00 09 00 00 00 64 75 ... (16989 bytes total)
[2026-03-30T14:01:48.989Z] [zip] boundary @1016: 0x7b
[2026-03-30T14:01:48.989Z] [zip] boundary @2040: 0xb7
[2026-03-30T14:01:48.989Z] [zip] boundary @3064: 0x86
[2026-03-30T14:01:48.989Z] [zip] boundary @4088: 0x04
[2026-03-30T14:01:48.989Z] [zip] boundary @5112: 0x35
[2026-03-30T14:01:48.989Z] [zip] boundary @6136: 0x31
[2026-03-30T14:01:48.989Z] [zip] boundary @7160: 0x8a
[2026-03-30T14:01:48.989Z] [zip] boundary @8184: 0x19
[2026-03-30T14:01:48.989Z] [zip] boundary @9208: 0xea
[2026-03-30T14:01:48.989Z] [zip] boundary @10232: 0x31
[2026-03-30T14:01:48.989Z] [zip] boundary @11256: 0x83
[2026-03-30T14:01:48.989Z] [zip] boundary @12280: 0x9e
[2026-03-30T14:01:48.989Z] [zip] boundary @13304: 0x0b
[2026-03-30T14:01:48.989Z] [zip] boundary @14328: 0x56
[2026-03-30T14:01:48.989Z] [zip] boundary @15352: 0x61
[2026-03-30T14:01:48.989Z] [zip] boundary @16376: 0x57
[2026-03-30T14:01:48.990Z] [queue] #16 SET_BUTTONS: executing
[2026-03-30T14:01:48.990Z] [send] SET_BUTTONS: sending 17 packets
[2026-03-30T14:01:48.990Z] [send]   pkt[0] header: 7c 7c 00 01 5d 42 00 00 50 4b 03 04 0a 00 00 00 ... (1024 bytes total)
[2026-03-30T14:01:49.106Z] [queue] #16 SET_BUTTONS: done
[2026-03-30T14:01:49.124Z] [render] SET_BUTTONS [0,1,2,3,4,5,6,7,8,9,10,11,12] (13 buttons)
[2026-03-30T14:01:49.131Z] [zip] manifest: {
  "0_0": {
    "State": 0,
    "ViewParam": [
      {
        "Text": "Btn 0",
        "Icon": "icons/btn_0.png"
      }
    ]
  },
  "1_0": {
    "State": 0,
    "ViewParam": [
      {
        "Text": "Btn 1",
        "Icon": "icons/btn_1.png"
      }
    ]
  },
  "2_0": {
    "State": 0,
    "ViewParam": [
      {
        "Text": "Btn 2",
        "Icon": "icons/btn_2.png"
      }
    ]
  },
  "3_0": {
    "State": 0,
    "ViewParam": [
      {
        "Text": "Btn 3",
        "Icon": "icons/btn_3.png"
      }
    ]
  },
  "4_0": {
    "State": 0,
    "ViewParam": [
      {
        "Text": "Btn 4",
        "Icon": "icons/btn_4.png"
      }
    ]
  },
  "0_1": {
    "State": 0,
    "ViewParam": [
      {
        "Text": "Btn 5",
        "Icon": "icons/btn_5.png"
      }
    ]
  },
  "1_1": {
    "State": 0,
    "ViewParam": [
      {
        "Text": "Btn 6",
        "Icon": "icons/btn_6.png"
      }
    ]
  },
  "2_1": {
    "State": 0,
    "ViewParam": [
      {
        "Text": "Btn 7",
        "Icon": "icons/btn_7.png"
      }
    ]
  },
  "3_1": {
    "State": 0,
    "ViewParam": [
      {
        "Text": "Btn 8",
        "Icon": "icons/btn_8.png"
      }
    ]
  },
  "4_1": {
    "State": 0,
    "ViewParam": [
      {
        "Text": "Btn 9",
        "Icon": "icons/btn_9.png"
      }
    ]
  },
  "0_2": {
    "State": 0,
    "ViewParam": [
      {
        "Text": "Btn 10",
        "Icon": "icons/btn_10.png"
      }
    ]
  },
  "1_2": {
    "State": 0,
    "ViewParam": [
      {
        "Text": "Btn 11",
        "Icon": "icons/btn_11.png"
      }
    ]
  },
  "2_2": {
    "State": 0,
    "ViewParam": [
      {
        "Text": "Btn 12",
        "Icon": "icons/btn_12.png"
      }
    ]
  }
}
[2026-03-30T14:01:49.131Z] [zip] size=17673 bytes, 18 packets
[2026-03-30T14:01:49.131Z] [zip] zip header: 50 4b 03 04 0a 00 00 00 00 00 38 70 7e 5c 00 00 00 00 00 00 00 00 00 00 00 00 06 00 00 00 69 63 ... (17673 bytes total)
[2026-03-30T14:01:49.131Z] [zip] boundary @1016: 0x16
[2026-03-30T14:01:49.131Z] [zip] boundary @2040: 0x7e
[2026-03-30T14:01:49.131Z] [zip] boundary @3064: 0x5e
[2026-03-30T14:01:49.131Z] [zip] boundary @4088: 0x6a
[2026-03-30T14:01:49.131Z] [zip] boundary @5112: 0x88
[2026-03-30T14:01:49.131Z] [zip] boundary @6136: 0x95
[2026-03-30T14:01:49.131Z] [zip] boundary @7160: 0x50
[2026-03-30T14:01:49.131Z] [zip] boundary @8184: 0x2b
[2026-03-30T14:01:49.131Z] [zip] boundary @9208: 0x0a
[2026-03-30T14:01:49.131Z] [zip] boundary @10232: 0x8b
[2026-03-30T14:01:49.131Z] [zip] boundary @11256: 0xd3
[2026-03-30T14:01:49.131Z] [zip] boundary @12280: 0xcb
[2026-03-30T14:01:49.131Z] [zip] boundary @13304: 0xd0
[2026-03-30T14:01:49.131Z] [zip] boundary @14328: 0xcf
[2026-03-30T14:01:49.131Z] [zip] boundary @15352: 0x58
[2026-03-30T14:01:49.131Z] [zip] boundary @16376: 0x1b
[2026-03-30T14:01:49.131Z] [zip] boundary @17400: 0x5f
[2026-03-30T14:01:49.131Z] [queue] #17 SET_BUTTONS: executing
[2026-03-30T14:01:49.131Z] [send] SET_BUTTONS: sending 18 packets
[2026-03-30T14:01:49.131Z] [send]   pkt[0] header: 7c 7c 00 01 09 45 00 00 50 4b 03 04 0a 00 00 00 ... (1024 bytes total)
[2026-03-30T14:01:49.269Z] [queue] #17 SET_BUTTONS: done
[2026-03-30T14:01:49.287Z] [render] SET_BUTTONS [0,1,2,3,4,5,6,7,8,9,10,11,12] (13 buttons)
[2026-03-30T14:01:49.293Z] [zip] manifest: {
  "0_0": {
    "State": 0,
    "ViewParam": [
      {
        "Text": "Btn 0",
        "Icon": "icons/btn_0.png"
      }
    ]
  },
  "1_0": {
    "State": 0,
    "ViewParam": [
      {
        "Text": "Btn 1",
        "Icon": "icons/btn_1.png"
      }
    ]
  },
  "2_0": {
    "State": 0,
    "ViewParam": [
      {
        "Text": "Btn 2",
        "Icon": "icons/btn_2.png"
      }
    ]
  },
  "3_0": {
    "State": 0,
    "ViewParam": [
      {
        "Text": "Btn 3",
        "Icon": "icons/btn_3.png"
      }
    ]
  },
  "4_0": {
    "State": 0,
    "ViewParam": [
      {
        "Text": "Btn 4",
        "Icon": "icons/btn_4.png"
      }
    ]
  },
  "0_1": {
    "State": 0,
    "ViewParam": [
      {
        "Text": "Btn 5",
        "Icon": "icons/btn_5.png"
      }
    ]
  },
  "1_1": {
    "State": 0,
    "ViewParam": [
      {
        "Text": "Btn 6",
        "Icon": "icons/btn_6.png"
      }
    ]
  },
  "2_1": {
    "State": 0,
    "ViewParam": [
      {
        "Text": "Btn 7",
        "Icon": "icons/btn_7.png"
      }
    ]
  },
  "3_1": {
    "State": 0,
    "ViewParam": [
      {
        "Text": "Btn 8",
        "Icon": "icons/btn_8.png"
      }
    ]
  },
  "4_1": {
    "State": 0,
    "ViewParam": [
      {
        "Text": "Btn 9",
        "Icon": "icons/btn_9.png"
      }
    ]
  },
  "0_2": {
    "State": 0,
    "ViewParam": [
      {
        "Text": "Btn 10",
        "Icon": "icons/btn_10.png"
      }
    ]
  },
  "1_2": {
    "State": 0,
    "ViewParam": [
      {
        "Text": "Btn 11",
        "Icon": "icons/btn_11.png"
      }
    ]
  },
  "2_2": {
    "State": 0,
    "ViewParam": [
      {
        "Text": "Btn 12",
        "Icon": "icons/btn_12.png"
      }
    ]
  }
}
[2026-03-30T14:01:49.294Z] [zip] size=18201 bytes, 18 packets
[2026-03-30T14:01:49.294Z] [zip] zip header: 50 4b 03 04 0a 00 00 00 00 00 38 70 7e 5c 00 00 00 00 00 00 00 00 00 00 00 00 06 00 00 00 69 63 ... (18201 bytes total)
[2026-03-30T14:01:49.294Z] [zip] boundary @1016: 0x16
[2026-03-30T14:01:49.294Z] [zip] boundary @2040: 0x7e
[2026-03-30T14:01:49.294Z] [zip] boundary @3064: 0x5e
[2026-03-30T14:01:49.294Z] [zip] boundary @4088: 0x6a
[2026-03-30T14:01:49.294Z] [zip] boundary @5112: 0x88
[2026-03-30T14:01:49.294Z] [zip] boundary @6136: 0xd9
[2026-03-30T14:01:49.294Z] [zip] boundary @7160: 0xed
[2026-03-30T14:01:49.294Z] [zip] boundary @8184: 0xbe
[2026-03-30T14:01:49.294Z] [zip] boundary @9208: 0x95
[2026-03-30T14:01:49.294Z] [zip] boundary @10232: 0x29
[2026-03-30T14:01:49.294Z] [zip] boundary @11256: 0x0e
[2026-03-30T14:01:49.294Z] [zip] boundary @12280: 0xb0
[2026-03-30T14:01:49.294Z] [zip] boundary @13304: 0x40
[2026-03-30T14:01:49.294Z] [zip] boundary @14328: 0x95
[2026-03-30T14:01:49.294Z] [zip] boundary @15352: 0x4e
[2026-03-30T14:01:49.294Z] [zip] boundary @16376: 0x88
[2026-03-30T14:01:49.294Z] [zip] boundary @17400: 0x5c
[2026-03-30T14:01:49.294Z] [queue] #18 SET_BUTTONS: executing
[2026-03-30T14:01:49.294Z] [send] SET_BUTTONS: sending 18 packets
[2026-03-30T14:01:49.294Z] [send]   pkt[0] header: 7c 7c 00 01 19 47 00 00 50 4b 03 04 0a 00 00 00 ... (1024 bytes total)
[2026-03-30T14:01:49.415Z] [queue] #18 SET_BUTTONS: done
[2026-03-30T14:01:49.467Z] [recv] raw 7c 7c 01 01 f6 03 00 00 01 07 01 01 00 00 00 00 ... (1024 bytes total)
[2026-03-30T14:01:49.467Z] [recv] BUTTON btn=7 pressed=true state=1 raw=[01070101]
[2026-03-30T14:01:49.486Z] [render] SET_BUTTONS [0,1,2,3,4,5,6,7,8,9,10,11,12] (13 buttons)
[2026-03-30T14:01:49.490Z] [zip] manifest: {
  "0_0": {
    "State": 0,
    "ViewParam": [
      {
        "Text": "Btn 0",
        "Icon": "icons/btn_0.png"
      }
    ]
  },
  "1_0": {
    "State": 0,
    "ViewParam": [
      {
        "Text": "Btn 1",
        "Icon": "icons/btn_1.png"
      }
    ]
  },
  "2_0": {
    "State": 0,
    "ViewParam": [
      {
        "Text": "Btn 2",
        "Icon": "icons/btn_2.png"
      }
    ]
  },
  "3_0": {
    "State": 0,
    "ViewParam": [
      {
        "Text": "Btn 3",
        "Icon": "icons/btn_3.png"
      }
    ]
  },
  "4_0": {
    "State": 0,
    "ViewParam": [
      {
        "Text": "Btn 4",
        "Icon": "icons/btn_4.png"
      }
    ]
  },
  "0_1": {
    "State": 0,
    "ViewParam": [
      {
        "Text": "Btn 5",
        "Icon": "icons/btn_5.png"
      }
    ]
  },
  "1_1": {
    "State": 0,
    "ViewParam": [
      {
        "Text": "Btn 6",
        "Icon": "icons/btn_6.png"
      }
    ]
  },
  "2_1": {
    "State": 0,
    "ViewParam": [
      {
        "Text": "Btn 7",
        "Icon": "icons/btn_7.png"
      }
    ]
  },
  "3_1": {
    "State": 0,
    "ViewParam": [
      {
        "Text": "Btn 8",
        "Icon": "icons/btn_8.png"
      }
    ]
  },
  "4_1": {
    "State": 0,
    "ViewParam": [
      {
        "Text": "Btn 9",
        "Icon": "icons/btn_9.png"
      }
    ]
  },
  "0_2": {
    "State": 0,
    "ViewParam": [
      {
        "Text": "Btn 10",
        "Icon": "icons/btn_10.png"
      }
    ]
  },
  "1_2": {
    "State": 0,
    "ViewParam": [
      {
        "Text": "Btn 11",
        "Icon": "icons/btn_11.png"
      }
    ]
  },
  "2_2": {
    "State": 0,
    "ViewParam": [
      {
        "Text": "Btn 12",
        "Icon": "icons/btn_12.png"
      }
    ]
  }
}
[2026-03-30T14:01:49.491Z] [zip] size=17660 bytes, 18 packets
[2026-03-30T14:01:49.491Z] [zip] boundary check FAILED attempt 1: offset 17400: 0x00
[2026-03-30T14:01:49.494Z] [zip] boundary workaround: passed on attempt 2 (dummy=8 chars)
[2026-03-30T14:01:49.494Z] [zip] zip header: 50 4b 03 04 0a 00 00 00 08 00 38 70 7e 5c 50 96 66 5c 0a 00 00 00 08 00 00 00 09 00 00 00 64 75 ... (17764 bytes total)
[2026-03-30T14:01:49.494Z] [zip] boundary @1016: 0x7b
[2026-03-30T14:01:49.494Z] [zip] boundary @2040: 0xb7
[2026-03-30T14:01:49.494Z] [zip] boundary @3064: 0x86
[2026-03-30T14:01:49.494Z] [zip] boundary @4088: 0xd8
[2026-03-30T14:01:49.494Z] [zip] boundary @5112: 0x7a
[2026-03-30T14:01:49.494Z] [zip] boundary @6136: 0x13
[2026-03-30T14:01:49.494Z] [zip] boundary @7160: 0xdc
[2026-03-30T14:01:49.494Z] [zip] boundary @8184: 0x8e
[2026-03-30T14:01:49.494Z] [zip] boundary @9208: 0xf4
[2026-03-30T14:01:49.494Z] [zip] boundary @10232: 0x08
[2026-03-30T14:01:49.494Z] [zip] boundary @11256: 0xc6
[2026-03-30T14:01:49.494Z] [zip] boundary @12280: 0xe1
[2026-03-30T14:01:49.494Z] [zip] boundary @13304: 0x51
[2026-03-30T14:01:49.494Z] [zip] boundary @14328: 0x0b
[2026-03-30T14:01:49.494Z] [zip] boundary @15352: 0xb0
[2026-03-30T14:01:49.494Z] [zip] boundary @16376: 0xdf
[2026-03-30T14:01:49.494Z] [zip] boundary @17400: 0x07
[2026-03-30T14:01:49.494Z] [queue] #19 SET_BUTTONS: executing
[2026-03-30T14:01:49.494Z] [send] SET_BUTTONS: sending 18 packets
[2026-03-30T14:01:49.494Z] [send]   pkt[0] header: 7c 7c 00 01 64 45 00 00 50 4b 03 04 0a 00 00 00 ... (1024 bytes total)
[2026-03-30T14:01:49.517Z] [recv] raw 7c 7c 01 01 f6 03 00 00 01 07 01 00 00 00 00 00 ... (1024 bytes total)
[2026-03-30T14:01:49.517Z] [recv] BUTTON btn=7 pressed=false state=1 raw=[01070100]
[2026-03-30T14:01:49.568Z] [recv] raw 7c 7c 01 01 f6 03 00 00 01 0c 01 01 00 00 00 00 ... (1024 bytes total)
[2026-03-30T14:01:49.569Z] [recv] BUTTON btn=12 pressed=true state=1 raw=[010c0101]
[2026-03-30T14:01:49.612Z] [queue] #19 SET_BUTTONS: done
[2026-03-30T14:01:49.620Z] [recv] raw 7c 7c 01 01 f6 03 00 00 01 0c 01 00 00 00 00 00 ... (1024 bytes total)
[2026-03-30T14:01:49.620Z] [recv] BUTTON btn=12 pressed=false state=1 raw=[010c0100]
[2026-03-30T14:01:49.630Z] [render] SET_BUTTONS [0,1,2,3,4,5,6,7,8,9,10,11,12] (13 buttons)
[2026-03-30T14:01:49.640Z] [zip] manifest: {
  "0_0": {
    "State": 0,
    "ViewParam": [
      {
        "Text": "Btn 0",
        "Icon": "icons/btn_0.png"
      }
    ]
  },
  "1_0": {
    "State": 0,
    "ViewParam": [
      {
        "Text": "Btn 1",
        "Icon": "icons/btn_1.png"
      }
    ]
  },
  "2_0": {
    "State": 0,
    "ViewParam": [
      {
        "Text": "Btn 2",
        "Icon": "icons/btn_2.png"
      }
    ]
  },
  "3_0": {
    "State": 0,
    "ViewParam": [
      {
        "Text": "Btn 3",
        "Icon": "icons/btn_3.png"
      }
    ]
  },
  "4_0": {
    "State": 0,
    "ViewParam": [
      {
        "Text": "Btn 4",
        "Icon": "icons/btn_4.png"
      }
    ]
  },
  "0_1": {
    "State": 0,
    "ViewParam": [
      {
        "Text": "Btn 5",
        "Icon": "icons/btn_5.png"
      }
    ]
  },
  "1_1": {
    "State": 0,
    "ViewParam": [
      {
        "Text": "Btn 6",
        "Icon": "icons/btn_6.png"
      }
    ]
  },
  "2_1": {
    "State": 0,
    "ViewParam": [
      {
        "Text": "Btn 7",
        "Icon": "icons/btn_7.png"
      }
    ]
  },
  "3_1": {
    "State": 0,
    "ViewParam": [
      {
        "Text": "Btn 8",
        "Icon": "icons/btn_8.png"
      }
    ]
  },
  "4_1": {
    "State": 0,
    "ViewParam": [
      {
        "Text": "Btn 9",
        "Icon": "icons/btn_9.png"
      }
    ]
  },
  "0_2": {
    "State": 0,
    "ViewParam": [
      {
        "Text": "Btn 10",
        "Icon": "icons/btn_10.png"
      }
    ]
  },
  "1_2": {
    "State": 0,
    "ViewParam": [
      {
        "Text": "Btn 11",
        "Icon": "icons/btn_11.png"
      }
    ]
  },
  "2_2": {
    "State": 0,
    "ViewParam": [
      {
        "Text": "Btn 12",
        "Icon": "icons/btn_12.png"
      }
    ]
  }
}
[2026-03-30T14:01:49.640Z] [zip] size=18201 bytes, 18 packets
[2026-03-30T14:01:49.641Z] [zip] zip header: 50 4b 03 04 0a 00 00 00 00 00 38 70 7e 5c 00 00 00 00 00 00 00 00 00 00 00 00 06 00 00 00 69 63 ... (18201 bytes total)
[2026-03-30T14:01:49.642Z] [zip] boundary @1016: 0x16
[2026-03-30T14:01:49.642Z] [zip] boundary @2040: 0x7e
[2026-03-30T14:01:49.642Z] [zip] boundary @3064: 0x5e
[2026-03-30T14:01:49.642Z] [zip] boundary @4088: 0x6a
[2026-03-30T14:01:49.642Z] [zip] boundary @5112: 0x88
[2026-03-30T14:01:49.642Z] [zip] boundary @6136: 0xd9
[2026-03-30T14:01:49.642Z] [zip] boundary @7160: 0xed
[2026-03-30T14:01:49.642Z] [zip] boundary @8184: 0xbe
[2026-03-30T14:01:49.642Z] [zip] boundary @9208: 0x95
[2026-03-30T14:01:49.642Z] [zip] boundary @10232: 0x29
[2026-03-30T14:01:49.642Z] [zip] boundary @11256: 0x0e
[2026-03-30T14:01:49.642Z] [zip] boundary @12280: 0xb0
[2026-03-30T14:01:49.642Z] [zip] boundary @13304: 0x40
[2026-03-30T14:01:49.642Z] [zip] boundary @14328: 0x95
[2026-03-30T14:01:49.642Z] [zip] boundary @15352: 0x4e
[2026-03-30T14:01:49.642Z] [zip] boundary @16376: 0x88
[2026-03-30T14:01:49.642Z] [zip] boundary @17400: 0x5c
[2026-03-30T14:01:49.642Z] [queue] #20 SET_BUTTONS: executing
[2026-03-30T14:01:49.642Z] [send] SET_BUTTONS: sending 18 packets
[2026-03-30T14:01:49.642Z] [send]   pkt[0] header: 7c 7c 00 01 19 47 00 00 50 4b 03 04 0a 00 00 00 ... (1024 bytes total)
[2026-03-30T14:01:49.670Z] [recv] raw 7c 7c 01 01 f6 03 00 00 01 08 01 01 00 00 00 00 ... (1024 bytes total)
[2026-03-30T14:01:49.670Z] [recv] BUTTON btn=8 pressed=true state=1 raw=[01080101]
[2026-03-30T14:01:49.720Z] [recv] raw 7c 7c 01 01 f6 03 00 00 01 08 01 00 00 00 00 00 ... (1024 bytes total)
[2026-03-30T14:01:49.721Z] [recv] BUTTON btn=8 pressed=false state=1 raw=[01080100]
[2026-03-30T14:01:49.765Z] [queue] #20 SET_BUTTONS: done
[2026-03-30T14:01:49.770Z] [recv] raw 7c 7c 01 01 f6 03 00 00 01 04 01 01 00 00 00 00 ... (1024 bytes total)
[2026-03-30T14:01:49.770Z] [recv] BUTTON btn=4 pressed=true state=1 raw=[01040101]
[2026-03-30T14:01:49.783Z] [render] SET_BUTTONS [0,1,2,3,4,5,6,7,8,9,10,11,12] (13 buttons)
[2026-03-30T14:01:49.787Z] [zip] manifest: {
  "0_0": {
    "State": 0,
    "ViewParam": [
      {
        "Text": "Btn 0",
        "Icon": "icons/btn_0.png"
      }
    ]
  },
  "1_0": {
    "State": 0,
    "ViewParam": [
      {
        "Text": "Btn 1",
        "Icon": "icons/btn_1.png"
      }
    ]
  },
  "2_0": {
    "State": 0,
    "ViewParam": [
      {
        "Text": "Btn 2",
        "Icon": "icons/btn_2.png"
      }
    ]
  },
  "3_0": {
    "State": 0,
    "ViewParam": [
      {
        "Text": "Btn 3",
        "Icon": "icons/btn_3.png"
      }
    ]
  },
  "4_0": {
    "State": 0,
    "ViewParam": [
      {
        "Text": "Btn 4",
        "Icon": "icons/btn_4.png"
      }
    ]
  },
  "0_1": {
    "State": 0,
    "ViewParam": [
      {
        "Text": "Btn 5",
        "Icon": "icons/btn_5.png"
      }
    ]
  },
  "1_1": {
    "State": 0,
    "ViewParam": [
      {
        "Text": "Btn 6",
        "Icon": "icons/btn_6.png"
      }
    ]
  },
  "2_1": {
    "State": 0,
    "ViewParam": [
      {
        "Text": "Btn 7",
        "Icon": "icons/btn_7.png"
      }
    ]
  },
  "3_1": {
    "State": 0,
    "ViewParam": [
      {
        "Text": "Btn 8",
        "Icon": "icons/btn_8.png"
      }
    ]
  },
  "4_1": {
    "State": 0,
    "ViewParam": [
      {
        "Text": "Btn 9",
        "Icon": "icons/btn_9.png"
      }
    ]
  },
  "0_2": {
    "State": 0,
    "ViewParam": [
      {
        "Text": "Btn 10",
        "Icon": "icons/btn_10.png"
      }
    ]
  },
  "1_2": {
    "State": 0,
    "ViewParam": [
      {
        "Text": "Btn 11",
        "Icon": "icons/btn_11.png"
      }
    ]
  },
  "2_2": {
    "State": 0,
    "ViewParam": [
      {
        "Text": "Btn 12",
        "Icon": "icons/btn_12.png"
      }
    ]
  }
}
[2026-03-30T14:01:49.788Z] [zip] size=17673 bytes, 18 packets
[2026-03-30T14:01:49.788Z] [zip] zip header: 50 4b 03 04 0a 00 00 00 00 00 38 70 7e 5c 00 00 00 00 00 00 00 00 00 00 00 00 06 00 00 00 69 63 ... (17673 bytes total)
[2026-03-30T14:01:49.788Z] [zip] boundary @1016: 0x16
[2026-03-30T14:01:49.788Z] [zip] boundary @2040: 0x7e
[2026-03-30T14:01:49.788Z] [zip] boundary @3064: 0x5e
[2026-03-30T14:01:49.788Z] [zip] boundary @4088: 0x6a
[2026-03-30T14:01:49.788Z] [zip] boundary @5112: 0x88
[2026-03-30T14:01:49.788Z] [zip] boundary @6136: 0x95
[2026-03-30T14:01:49.788Z] [zip] boundary @7160: 0x50
[2026-03-30T14:01:49.788Z] [zip] boundary @8184: 0x2b
[2026-03-30T14:01:49.788Z] [zip] boundary @9208: 0x0a
[2026-03-30T14:01:49.788Z] [zip] boundary @10232: 0x8b
[2026-03-30T14:01:49.788Z] [zip] boundary @11256: 0xd3
[2026-03-30T14:01:49.788Z] [zip] boundary @12280: 0xcb
[2026-03-30T14:01:49.788Z] [zip] boundary @13304: 0xd0
[2026-03-30T14:01:49.788Z] [zip] boundary @14328: 0xcf
[2026-03-30T14:01:49.788Z] [zip] boundary @15352: 0x58
[2026-03-30T14:01:49.788Z] [zip] boundary @16376: 0x1b
[2026-03-30T14:01:49.788Z] [zip] boundary @17400: 0x5f
[2026-03-30T14:01:49.788Z] [queue] #21 SET_BUTTONS: executing
[2026-03-30T14:01:49.788Z] [send] SET_BUTTONS: sending 18 packets
[2026-03-30T14:01:49.788Z] [send]   pkt[0] header: 7c 7c 00 01 09 45 00 00 50 4b 03 04 0a 00 00 00 ... (1024 bytes total)
[2026-03-30T14:01:49.820Z] [recv] raw 7c 7c 01 01 f6 03 00 00 01 04 01 00 00 00 00 00 ... (1024 bytes total)
[2026-03-30T14:01:49.820Z] [recv] BUTTON btn=4 pressed=false state=1 raw=[01040100]
[2026-03-30T14:01:49.871Z] [recv] raw 7c 7c 01 01 f6 03 00 00 01 09 01 01 00 00 00 00 ... (1024 bytes total)
[2026-03-30T14:01:49.871Z] [recv] BUTTON btn=9 pressed=true state=1 raw=[01090101]
[2026-03-30T14:01:49.909Z] [queue] #21 SET_BUTTONS: done
[2026-03-30T14:01:49.922Z] [recv] raw 7c 7c 01 01 f6 03 00 00 01 09 01 00 00 00 00 00 ... (1024 bytes total)
[2026-03-30T14:01:49.922Z] [recv] BUTTON btn=9 pressed=false state=1 raw=[01090100]
[2026-03-30T14:01:49.926Z] [render] SET_BUTTONS [0,1,2,3,4,5,6,7,8,9,10,11,12] (13 buttons)
[2026-03-30T14:01:49.931Z] [zip] manifest: {
  "0_0": {
    "State": 0,
    "ViewParam": [
      {
        "Text": "Btn 0",
        "Icon": "icons/btn_0.png"
      }
    ]
  },
  "1_0": {
    "State": 0,
    "ViewParam": [
      {
        "Text": "Btn 1",
        "Icon": "icons/btn_1.png"
      }
    ]
  },
  "2_0": {
    "State": 0,
    "ViewParam": [
      {
        "Text": "Btn 2",
        "Icon": "icons/btn_2.png"
      }
    ]
  },
  "3_0": {
    "State": 0,
    "ViewParam": [
      {
        "Text": "Btn 3",
        "Icon": "icons/btn_3.png"
      }
    ]
  },
  "4_0": {
    "State": 0,
    "ViewParam": [
      {
        "Text": "Btn 4",
        "Icon": "icons/btn_4.png"
      }
    ]
  },
  "0_1": {
    "State": 0,
    "ViewParam": [
      {
        "Text": "Btn 5",
        "Icon": "icons/btn_5.png"
      }
    ]
  },
  "1_1": {
    "State": 0,
    "ViewParam": [
      {
        "Text": "Btn 6",
        "Icon": "icons/btn_6.png"
      }
    ]
  },
  "2_1": {
    "State": 0,
    "ViewParam": [
      {
        "Text": "Btn 7",
        "Icon": "icons/btn_7.png"
      }
    ]
  },
  "3_1": {
    "State": 0,
    "ViewParam": [
      {
        "Text": "Btn 8",
        "Icon": "icons/btn_8.png"
      }
    ]
  },
  "4_1": {
    "State": 0,
    "ViewParam": [
      {
        "Text": "Btn 9",
        "Icon": "icons/btn_9.png"
      }
    ]
  },
  "0_2": {
    "State": 0,
    "ViewParam": [
      {
        "Text": "Btn 10",
        "Icon": "icons/btn_10.png"
      }
    ]
  },
  "1_2": {
    "State": 0,
    "ViewParam": [
      {
        "Text": "Btn 11",
        "Icon": "icons/btn_11.png"
      }
    ]
  },
  "2_2": {
    "State": 0,
    "ViewParam": [
      {
        "Text": "Btn 12",
        "Icon": "icons/btn_12.png"
      }
    ]
  }
}
[2026-03-30T14:01:49.931Z] [zip] size=18201 bytes, 18 packets
[2026-03-30T14:01:49.931Z] [zip] zip header: 50 4b 03 04 0a 00 00 00 00 00 38 70 7e 5c 00 00 00 00 00 00 00 00 00 00 00 00 06 00 00 00 69 63 ... (18201 bytes total)
[2026-03-30T14:01:49.931Z] [zip] boundary @1016: 0x16
[2026-03-30T14:01:49.931Z] [zip] boundary @2040: 0x7e
[2026-03-30T14:01:49.931Z] [zip] boundary @3064: 0x5e
[2026-03-30T14:01:49.931Z] [zip] boundary @4088: 0x6a
[2026-03-30T14:01:49.931Z] [zip] boundary @5112: 0x88
[2026-03-30T14:01:49.931Z] [zip] boundary @6136: 0xd9
[2026-03-30T14:01:49.931Z] [zip] boundary @7160: 0xed
[2026-03-30T14:01:49.931Z] [zip] boundary @8184: 0xbe
[2026-03-30T14:01:49.931Z] [zip] boundary @9208: 0x95
[2026-03-30T14:01:49.931Z] [zip] boundary @10232: 0x29
[2026-03-30T14:01:49.931Z] [zip] boundary @11256: 0x0e
[2026-03-30T14:01:49.931Z] [zip] boundary @12280: 0xb0
[2026-03-30T14:01:49.931Z] [zip] boundary @13304: 0x40
[2026-03-30T14:01:49.931Z] [zip] boundary @14328: 0x95
[2026-03-30T14:01:49.931Z] [zip] boundary @15352: 0x4e
[2026-03-30T14:01:49.931Z] [zip] boundary @16376: 0x88
[2026-03-30T14:01:49.931Z] [zip] boundary @17400: 0x5c
[2026-03-30T14:01:49.931Z] [queue] #22 SET_BUTTONS: executing
[2026-03-30T14:01:49.931Z] [send] SET_BUTTONS: sending 18 packets
[2026-03-30T14:01:49.931Z] [send]   pkt[0] header: 7c 7c 00 01 19 47 00 00 50 4b 03 04 0a 00 00 00 ... (1024 bytes total)
[2026-03-30T14:01:49.973Z] [recv] raw 7c 7c 01 01 f6 03 00 00 01 03 01 01 00 00 00 00 ... (1024 bytes total)
[2026-03-30T14:01:49.973Z] [recv] BUTTON btn=3 pressed=true state=1 raw=[01030101]
[2026-03-30T14:01:50.023Z] [recv] raw 7c 7c 01 01 f6 03 00 00 01 03 01 00 00 00 00 00 ... (1024 bytes total)
[2026-03-30T14:01:50.023Z] [recv] BUTTON btn=3 pressed=false state=1 raw=[01030100]
[2026-03-30T14:01:50.049Z] [queue] #22 SET_BUTTONS: done
[2026-03-30T14:01:50.066Z] [render] SET_BUTTONS [0,1,2,3,4,5,6,7,8,9,10,11,12] (13 buttons)
[2026-03-30T14:01:50.070Z] [zip] manifest: {
  "0_0": {
    "State": 0,
    "ViewParam": [
      {
        "Text": "Btn 0",
        "Icon": "icons/btn_0.png"
      }
    ]
  },
  "1_0": {
    "State": 0,
    "ViewParam": [
      {
        "Text": "Btn 1",
        "Icon": "icons/btn_1.png"
      }
    ]
  },
  "2_0": {
    "State": 0,
    "ViewParam": [
      {
        "Text": "Btn 2",
        "Icon": "icons/btn_2.png"
      }
    ]
  },
  "3_0": {
    "State": 0,
    "ViewParam": [
      {
        "Text": "Btn 3",
        "Icon": "icons/btn_3.png"
      }
    ]
  },
  "4_0": {
    "State": 0,
    "ViewParam": [
      {
        "Text": "Btn 4",
        "Icon": "icons/btn_4.png"
      }
    ]
  },
  "0_1": {
    "State": 0,
    "ViewParam": [
      {
        "Text": "Btn 5",
        "Icon": "icons/btn_5.png"
      }
    ]
  },
  "1_1": {
    "State": 0,
    "ViewParam": [
      {
        "Text": "Btn 6",
        "Icon": "icons/btn_6.png"
      }
    ]
  },
  "2_1": {
    "State": 0,
    "ViewParam": [
      {
        "Text": "Btn 7",
        "Icon": "icons/btn_7.png"
      }
    ]
  },
  "3_1": {
    "State": 0,
    "ViewParam": [
      {
        "Text": "Btn 8",
        "Icon": "icons/btn_8.png"
      }
    ]
  },
  "4_1": {
    "State": 0,
    "ViewParam": [
      {
        "Text": "Btn 9",
        "Icon": "icons/btn_9.png"
      }
    ]
  },
  "0_2": {
    "State": 0,
    "ViewParam": [
      {
        "Text": "Btn 10",
        "Icon": "icons/btn_10.png"
      }
    ]
  },
  "1_2": {
    "State": 0,
    "ViewParam": [
      {
        "Text": "Btn 11",
        "Icon": "icons/btn_11.png"
      }
    ]
  },
  "2_2": {
    "State": 0,
    "ViewParam": [
      {
        "Text": "Btn 12",
        "Icon": "icons/btn_12.png"
      }
    ]
  }
}
[2026-03-30T14:01:50.070Z] [zip] size=18201 bytes, 18 packets
[2026-03-30T14:01:50.070Z] [zip] zip header: 50 4b 03 04 0a 00 00 00 00 00 39 70 7e 5c 00 00 00 00 00 00 00 00 00 00 00 00 06 00 00 00 69 63 ... (18201 bytes total)
[2026-03-30T14:01:50.070Z] [zip] boundary @1016: 0x16
[2026-03-30T14:01:50.070Z] [zip] boundary @2040: 0x7e
[2026-03-30T14:01:50.070Z] [zip] boundary @3064: 0x5e
[2026-03-30T14:01:50.070Z] [zip] boundary @4088: 0x6a
[2026-03-30T14:01:50.070Z] [zip] boundary @5112: 0x88
[2026-03-30T14:01:50.070Z] [zip] boundary @6136: 0xd9
[2026-03-30T14:01:50.070Z] [zip] boundary @7160: 0xed
[2026-03-30T14:01:50.070Z] [zip] boundary @8184: 0xbe
[2026-03-30T14:01:50.070Z] [zip] boundary @9208: 0x95
[2026-03-30T14:01:50.070Z] [zip] boundary @10232: 0x29
[2026-03-30T14:01:50.070Z] [zip] boundary @11256: 0x0e
[2026-03-30T14:01:50.070Z] [zip] boundary @12280: 0xb0
[2026-03-30T14:01:50.070Z] [zip] boundary @13304: 0x40
[2026-03-30T14:01:50.070Z] [zip] boundary @14328: 0x95
[2026-03-30T14:01:50.070Z] [zip] boundary @15352: 0x4e
[2026-03-30T14:01:50.070Z] [zip] boundary @16376: 0x88
[2026-03-30T14:01:50.070Z] [zip] boundary @17400: 0x5c
[2026-03-30T14:01:50.070Z] [queue] #23 SET_BUTTONS: executing
[2026-03-30T14:01:50.070Z] [send] SET_BUTTONS: sending 18 packets
[2026-03-30T14:01:50.070Z] [send]   pkt[0] header: 7c 7c 00 01 19 47 00 00 50 4b 03 04 0a 00 00 00 ... (1024 bytes total)
[2026-03-30T14:01:50.089Z] [recv] raw 7c 7c 01 01 f6 03 00 00 01 03 01 01 00 00 00 00 ... (1024 bytes total)
[2026-03-30T14:01:50.089Z] [recv] BUTTON btn=3 pressed=true state=1 raw=[01030101]
[2026-03-30T14:01:50.140Z] [recv] raw 7c 7c 01 01 f6 03 00 00 01 03 01 00 00 00 00 00 ... (1024 bytes total)
[2026-03-30T14:01:50.140Z] [recv] BUTTON btn=3 pressed=false state=1 raw=[01030100]
[2026-03-30T14:01:50.189Z] [queue] #23 SET_BUTTONS: done
[2026-03-30T14:01:50.190Z] [recv] raw 7c 7c 01 01 f6 03 00 00 01 08 01 01 00 00 00 00 ... (1024 bytes total)
[2026-03-30T14:01:50.190Z] [recv] BUTTON btn=8 pressed=true state=1 raw=[01080101]
[2026-03-30T14:01:50.206Z] [render] SET_BUTTONS [0,1,2,3,4,5,6,7,8,9,10,11,12] (13 buttons)
[2026-03-30T14:01:50.209Z] [zip] manifest: {
  "0_0": {
    "State": 0,
    "ViewParam": [
      {
        "Text": "Btn 0",
        "Icon": "icons/btn_0.png"
      }
    ]
  },
  "1_0": {
    "State": 0,
    "ViewParam": [
      {
        "Text": "Btn 1",
        "Icon": "icons/btn_1.png"
      }
    ]
  },
  "2_0": {
    "State": 0,
    "ViewParam": [
      {
        "Text": "Btn 2",
        "Icon": "icons/btn_2.png"
      }
    ]
  },
  "3_0": {
    "State": 0,
    "ViewParam": [
      {
        "Text": "Btn 3",
        "Icon": "icons/btn_3.png"
      }
    ]
  },
  "4_0": {
    "State": 0,
    "ViewParam": [
      {
        "Text": "Btn 4",
        "Icon": "icons/btn_4.png"
      }
    ]
  },
  "0_1": {
    "State": 0,
    "ViewParam": [
      {
        "Text": "Btn 5",
        "Icon": "icons/btn_5.png"
      }
    ]
  },
  "1_1": {
    "State": 0,
    "ViewParam": [
      {
        "Text": "Btn 6",
        "Icon": "icons/btn_6.png"
      }
    ]
  },
  "2_1": {
    "State": 0,
    "ViewParam": [
      {
        "Text": "Btn 7",
        "Icon": "icons/btn_7.png"
      }
    ]
  },
  "3_1": {
    "State": 0,
    "ViewParam": [
      {
        "Text": "Btn 8",
        "Icon": "icons/btn_8.png"
      }
    ]
  },
  "4_1": {
    "State": 0,
    "ViewParam": [
      {
        "Text": "Btn 9",
        "Icon": "icons/btn_9.png"
      }
    ]
  },
  "0_2": {
    "State": 0,
    "ViewParam": [
      {
        "Text": "Btn 10",
        "Icon": "icons/btn_10.png"
      }
    ]
  },
  "1_2": {
    "State": 0,
    "ViewParam": [
      {
        "Text": "Btn 11",
        "Icon": "icons/btn_11.png"
      }
    ]
  },
  "2_2": {
    "State": 0,
    "ViewParam": [
      {
        "Text": "Btn 12",
        "Icon": "icons/btn_12.png"
      }
    ]
  }
}
[2026-03-30T14:01:50.209Z] [zip] size=17435 bytes, 18 packets
[2026-03-30T14:01:50.209Z] [zip] boundary check FAILED attempt 1: offset 16376: 0x7c
[2026-03-30T14:01:50.214Z] [zip] boundary workaround: passed on attempt 2 (dummy=8 chars)
[2026-03-30T14:01:50.214Z] [zip] zip header: 50 4b 03 04 0a 00 00 00 08 00 39 70 7e 5c 5d 16 9c 9d 0a 00 00 00 08 00 00 00 09 00 00 00 64 75 ... (17539 bytes total)
[2026-03-30T14:01:50.214Z] [zip] boundary @1016: 0x7b
[2026-03-30T14:01:50.214Z] [zip] boundary @2040: 0xb7
[2026-03-30T14:01:50.214Z] [zip] boundary @3064: 0x86
[2026-03-30T14:01:50.214Z] [zip] boundary @4088: 0xd8
[2026-03-30T14:01:50.214Z] [zip] boundary @5112: 0x7a
[2026-03-30T14:01:50.214Z] [zip] boundary @6136: 0x13
[2026-03-30T14:01:50.214Z] [zip] boundary @7160: 0xdc
[2026-03-30T14:01:50.214Z] [zip] boundary @8184: 0x8e
[2026-03-30T14:01:50.214Z] [zip] boundary @9208: 0xf4
[2026-03-30T14:01:50.214Z] [zip] boundary @10232: 0xad
[2026-03-30T14:01:50.214Z] [zip] boundary @11256: 0xb3
[2026-03-30T14:01:50.214Z] [zip] boundary @12280: 0x62
[2026-03-30T14:01:50.214Z] [zip] boundary @13304: 0x25
[2026-03-30T14:01:50.214Z] [zip] boundary @14328: 0xf5
[2026-03-30T14:01:50.214Z] [zip] boundary @15352: 0x2d
[2026-03-30T14:01:50.214Z] [zip] boundary @16376: 0xae
[2026-03-30T14:01:50.214Z] [zip] boundary @17400: 0x14
[2026-03-30T14:01:50.214Z] [queue] #24 SET_BUTTONS: executing
[2026-03-30T14:01:50.214Z] [send] SET_BUTTONS: sending 18 packets
[2026-03-30T14:01:50.214Z] [send]   pkt[0] header: 7c 7c 00 01 83 44 00 00 50 4b 03 04 0a 00 00 00 ... (1024 bytes total)
[2026-03-30T14:01:50.239Z] [recv] raw 7c 7c 01 01 f6 03 00 00 01 08 01 00 00 00 00 00 ... (1024 bytes total)
[2026-03-30T14:01:50.239Z] [recv] BUTTON btn=8 pressed=false state=1 raw=[01080100]
[2026-03-30T14:01:50.291Z] [recv] raw 7c 7c 01 01 f6 03 00 00 01 07 01 01 00 00 00 00 ... (1024 bytes total)
[2026-03-30T14:01:50.291Z] [recv] BUTTON btn=7 pressed=true state=1 raw=[01070101]
[2026-03-30T14:01:50.333Z] [queue] #24 SET_BUTTONS: done
[2026-03-30T14:01:50.342Z] [recv] raw 7c 7c 01 01 f6 03 00 00 01 07 01 00 00 00 00 00 ... (1024 bytes total)
[2026-03-30T14:01:50.342Z] [recv] BUTTON btn=7 pressed=false state=1 raw=[01070100]
[2026-03-30T14:01:50.350Z] [render] SET_BUTTONS [0,1,2,3,4,5,6,7,8,9,10,11,12] (13 buttons)
[2026-03-30T14:01:50.354Z] [zip] manifest: {
  "0_0": {
    "State": 0,
    "ViewParam": [
      {
        "Text": "Btn 0",
        "Icon": "icons/btn_0.png"
      }
    ]
  },
  "1_0": {
    "State": 0,
    "ViewParam": [
      {
        "Text": "Btn 1",
        "Icon": "icons/btn_1.png"
      }
    ]
  },
  "2_0": {
    "State": 0,
    "ViewParam": [
      {
        "Text": "Btn 2",
        "Icon": "icons/btn_2.png"
      }
    ]
  },
  "3_0": {
    "State": 0,
    "ViewParam": [
      {
        "Text": "Btn 3",
        "Icon": "icons/btn_3.png"
      }
    ]
  },
  "4_0": {
    "State": 0,
    "ViewParam": [
      {
        "Text": "Btn 4",
        "Icon": "icons/btn_4.png"
      }
    ]
  },
  "0_1": {
    "State": 0,
    "ViewParam": [
      {
        "Text": "Btn 5",
        "Icon": "icons/btn_5.png"
      }
    ]
  },
  "1_1": {
    "State": 0,
    "ViewParam": [
      {
        "Text": "Btn 6",
        "Icon": "icons/btn_6.png"
      }
    ]
  },
  "2_1": {
    "State": 0,
    "ViewParam": [
      {
        "Text": "Btn 7",
        "Icon": "icons/btn_7.png"
      }
    ]
  },
  "3_1": {
    "State": 0,
    "ViewParam": [
      {
        "Text": "Btn 8",
        "Icon": "icons/btn_8.png"
      }
    ]
  },
  "4_1": {
    "State": 0,
    "ViewParam": [
      {
        "Text": "Btn 9",
        "Icon": "icons/btn_9.png"
      }
    ]
  },
  "0_2": {
    "State": 0,
    "ViewParam": [
      {
        "Text": "Btn 10",
        "Icon": "icons/btn_10.png"
      }
    ]
  },
  "1_2": {
    "State": 0,
    "ViewParam": [
      {
        "Text": "Btn 11",
        "Icon": "icons/btn_11.png"
      }
    ]
  },
  "2_2": {
    "State": 0,
    "ViewParam": [
      {
        "Text": "Btn 12",
        "Icon": "icons/btn_12.png"
      }
    ]
  }
}
[2026-03-30T14:01:50.354Z] [zip] size=18201 bytes, 18 packets
[2026-03-30T14:01:50.354Z] [zip] zip header: 50 4b 03 04 0a 00 00 00 00 00 39 70 7e 5c 00 00 00 00 00 00 00 00 00 00 00 00 06 00 00 00 69 63 ... (18201 bytes total)
[2026-03-30T14:01:50.354Z] [zip] boundary @1016: 0x16
[2026-03-30T14:01:50.354Z] [zip] boundary @2040: 0x7e
[2026-03-30T14:01:50.354Z] [zip] boundary @3064: 0x5e
[2026-03-30T14:01:50.354Z] [zip] boundary @4088: 0x6a
[2026-03-30T14:01:50.354Z] [zip] boundary @5112: 0x88
[2026-03-30T14:01:50.354Z] [zip] boundary @6136: 0xd9
[2026-03-30T14:01:50.354Z] [zip] boundary @7160: 0xed
[2026-03-30T14:01:50.354Z] [zip] boundary @8184: 0xbe
[2026-03-30T14:01:50.354Z] [zip] boundary @9208: 0x95
[2026-03-30T14:01:50.354Z] [zip] boundary @10232: 0x29
[2026-03-30T14:01:50.354Z] [zip] boundary @11256: 0x0e
[2026-03-30T14:01:50.354Z] [zip] boundary @12280: 0xb0
[2026-03-30T14:01:50.354Z] [zip] boundary @13304: 0x40
[2026-03-30T14:01:50.354Z] [zip] boundary @14328: 0x95
[2026-03-30T14:01:50.354Z] [zip] boundary @15352: 0x4e
[2026-03-30T14:01:50.354Z] [zip] boundary @16376: 0x88
[2026-03-30T14:01:50.354Z] [zip] boundary @17400: 0x5c
[2026-03-30T14:01:50.354Z] [queue] #25 SET_BUTTONS: executing
[2026-03-30T14:01:50.354Z] [send] SET_BUTTONS: sending 18 packets
[2026-03-30T14:01:50.354Z] [send]   pkt[0] header: 7c 7c 00 01 19 47 00 00 50 4b 03 04 0a 00 00 00 ... (1024 bytes total)
[2026-03-30T14:01:50.392Z] [recv] raw 7c 7c 01 01 f6 03 00 00 01 07 01 01 00 00 00 00 ... (1024 bytes total)
[2026-03-30T14:01:50.392Z] [recv] BUTTON btn=7 pressed=true state=1 raw=[01070101]
[2026-03-30T14:01:50.443Z] [recv] raw 7c 7c 01 01 f6 03 00 00 01 07 01 00 00 00 00 00 ... (1024 bytes total)
[2026-03-30T14:01:50.444Z] [recv] BUTTON btn=7 pressed=false state=1 raw=[01070100]
[2026-03-30T14:01:50.477Z] [queue] #25 SET_BUTTONS: done
[2026-03-30T14:01:50.493Z] [render] SET_BUTTONS [0,1,2,3,4,5,6,7,8,9,10,11,12] (13 buttons)
[2026-03-30T14:01:50.494Z] [recv] raw 7c 7c 01 01 f6 03 00 00 01 06 01 01 00 00 00 00 ... (1024 bytes total)
[2026-03-30T14:01:50.494Z] [recv] BUTTON btn=6 pressed=true state=1 raw=[01060101]
[2026-03-30T14:01:50.497Z] [zip] manifest: {
  "0_0": {
    "State": 0,
    "ViewParam": [
      {
        "Text": "Btn 0",
        "Icon": "icons/btn_0.png"
      }
    ]
  },
  "1_0": {
    "State": 0,
    "ViewParam": [
      {
        "Text": "Btn 1",
        "Icon": "icons/btn_1.png"
      }
    ]
  },
  "2_0": {
    "State": 0,
    "ViewParam": [
      {
        "Text": "Btn 2",
        "Icon": "icons/btn_2.png"
      }
    ]
  },
  "3_0": {
    "State": 0,
    "ViewParam": [
      {
        "Text": "Btn 3",
        "Icon": "icons/btn_3.png"
      }
    ]
  },
  "4_0": {
    "State": 0,
    "ViewParam": [
      {
        "Text": "Btn 4",
        "Icon": "icons/btn_4.png"
      }
    ]
  },
  "0_1": {
    "State": 0,
    "ViewParam": [
      {
        "Text": "Btn 5",
        "Icon": "icons/btn_5.png"
      }
    ]
  },
  "1_1": {
    "State": 0,
    "ViewParam": [
      {
        "Text": "Btn 6",
        "Icon": "icons/btn_6.png"
      }
    ]
  },
  "2_1": {
    "State": 0,
    "ViewParam": [
      {
        "Text": "Btn 7",
        "Icon": "icons/btn_7.png"
      }
    ]
  },
  "3_1": {
    "State": 0,
    "ViewParam": [
      {
        "Text": "Btn 8",
        "Icon": "icons/btn_8.png"
      }
    ]
  },
  "4_1": {
    "State": 0,
    "ViewParam": [
      {
        "Text": "Btn 9",
        "Icon": "icons/btn_9.png"
      }
    ]
  },
  "0_2": {
    "State": 0,
    "ViewParam": [
      {
        "Text": "Btn 10",
        "Icon": "icons/btn_10.png"
      }
    ]
  },
  "1_2": {
    "State": 0,
    "ViewParam": [
      {
        "Text": "Btn 11",
        "Icon": "icons/btn_11.png"
      }
    ]
  },
  "2_2": {
    "State": 0,
    "ViewParam": [
      {
        "Text": "Btn 12",
        "Icon": "icons/btn_12.png"
      }
    ]
  }
}
[2026-03-30T14:01:50.497Z] [zip] size=18201 bytes, 18 packets
[2026-03-30T14:01:50.497Z] [zip] zip header: 50 4b 03 04 0a 00 00 00 00 00 39 70 7e 5c 00 00 00 00 00 00 00 00 00 00 00 00 06 00 00 00 69 63 ... (18201 bytes total)
[2026-03-30T14:01:50.497Z] [zip] boundary @1016: 0x16
[2026-03-30T14:01:50.497Z] [zip] boundary @2040: 0x7e
[2026-03-30T14:01:50.497Z] [zip] boundary @3064: 0x5e
[2026-03-30T14:01:50.497Z] [zip] boundary @4088: 0x6a
[2026-03-30T14:01:50.497Z] [zip] boundary @5112: 0x88
[2026-03-30T14:01:50.497Z] [zip] boundary @6136: 0xd9
[2026-03-30T14:01:50.497Z] [zip] boundary @7160: 0xed
[2026-03-30T14:01:50.497Z] [zip] boundary @8184: 0xbe
[2026-03-30T14:01:50.497Z] [zip] boundary @9208: 0x95
[2026-03-30T14:01:50.497Z] [zip] boundary @10232: 0x29
[2026-03-30T14:01:50.497Z] [zip] boundary @11256: 0x0e
[2026-03-30T14:01:50.497Z] [zip] boundary @12280: 0xb0
[2026-03-30T14:01:50.497Z] [zip] boundary @13304: 0x40
[2026-03-30T14:01:50.497Z] [zip] boundary @14328: 0x95
[2026-03-30T14:01:50.497Z] [zip] boundary @15352: 0x4e
[2026-03-30T14:01:50.497Z] [zip] boundary @16376: 0x88
[2026-03-30T14:01:50.497Z] [zip] boundary @17400: 0x5c
[2026-03-30T14:01:50.497Z] [queue] #26 SET_BUTTONS: executing
[2026-03-30T14:01:50.497Z] [send] SET_BUTTONS: sending 18 packets
[2026-03-30T14:01:50.497Z] [send]   pkt[0] header: 7c 7c 00 01 19 47 00 00 50 4b 03 04 0a 00 00 00 ... (1024 bytes total)
[2026-03-30T14:01:50.545Z] [recv] raw 7c 7c 01 01 f6 03 00 00 01 06 01 00 00 00 00 00 ... (1024 bytes total)
[2026-03-30T14:01:50.545Z] [recv] BUTTON btn=6 pressed=false state=1 raw=[01060100]
[2026-03-30T14:01:50.596Z] [recv] raw 7c 7c 01 01 f6 03 00 00 01 07 01 01 00 00 00 00 ... (1024 bytes total)
[2026-03-30T14:01:50.596Z] [recv] BUTTON btn=7 pressed=true state=1 raw=[01070101]
[2026-03-30T14:01:50.616Z] [queue] #26 SET_BUTTONS: done
[2026-03-30T14:01:50.635Z] [render] SET_BUTTONS [0,1,2,3,4,5,6,7,8,9,10,11,12] (13 buttons)
[2026-03-30T14:01:50.640Z] [zip] manifest: {
  "0_0": {
    "State": 0,
    "ViewParam": [
      {
        "Text": "Btn 0",
        "Icon": "icons/btn_0.png"
      }
    ]
  },
  "1_0": {
    "State": 0,
    "ViewParam": [
      {
        "Text": "Btn 1",
        "Icon": "icons/btn_1.png"
      }
    ]
  },
  "2_0": {
    "State": 0,
    "ViewParam": [
      {
        "Text": "Btn 2",
        "Icon": "icons/btn_2.png"
      }
    ]
  },
  "3_0": {
    "State": 0,
    "ViewParam": [
      {
        "Text": "Btn 3",
        "Icon": "icons/btn_3.png"
      }
    ]
  },
  "4_0": {
    "State": 0,
    "ViewParam": [
      {
        "Text": "Btn 4",
        "Icon": "icons/btn_4.png"
      }
    ]
  },
  "0_1": {
    "State": 0,
    "ViewParam": [
      {
        "Text": "Btn 5",
        "Icon": "icons/btn_5.png"
      }
    ]
  },
  "1_1": {
    "State": 0,
    "ViewParam": [
      {
        "Text": "Btn 6",
        "Icon": "icons/btn_6.png"
      }
    ]
  },
  "2_1": {
    "State": 0,
    "ViewParam": [
      {
        "Text": "Btn 7",
        "Icon": "icons/btn_7.png"
      }
    ]
  },
  "3_1": {
    "State": 0,
    "ViewParam": [
      {
        "Text": "Btn 8",
        "Icon": "icons/btn_8.png"
      }
    ]
  },
  "4_1": {
    "State": 0,
    "ViewParam": [
      {
        "Text": "Btn 9",
        "Icon": "icons/btn_9.png"
      }
    ]
  },
  "0_2": {
    "State": 0,
    "ViewParam": [
      {
        "Text": "Btn 10",
        "Icon": "icons/btn_10.png"
      }
    ]
  },
  "1_2": {
    "State": 0,
    "ViewParam": [
      {
        "Text": "Btn 11",
        "Icon": "icons/btn_11.png"
      }
    ]
  },
  "2_2": {
    "State": 0,
    "ViewParam": [
      {
        "Text": "Btn 12",
        "Icon": "icons/btn_12.png"
      }
    ]
  }
}
[2026-03-30T14:01:50.640Z] [zip] size=17660 bytes, 18 packets
[2026-03-30T14:01:50.640Z] [zip] boundary check FAILED attempt 1: offset 17400: 0x00
[2026-03-30T14:01:50.645Z] [recv] raw 7c 7c 01 01 f6 03 00 00 01 07 01 00 00 00 00 00 ... (1024 bytes total)
[2026-03-30T14:01:50.645Z] [recv] BUTTON btn=7 pressed=false state=1 raw=[01070100]
[2026-03-30T14:01:50.649Z] [zip] boundary workaround: passed on attempt 2 (dummy=8 chars)
[2026-03-30T14:01:50.650Z] [zip] zip header: 50 4b 03 04 0a 00 00 00 08 00 39 70 7e 5c 54 87 b4 2b 0a 00 00 00 08 00 00 00 09 00 00 00 64 75 ... (17764 bytes total)
[2026-03-30T14:01:50.650Z] [zip] boundary @1016: 0x7b
[2026-03-30T14:01:50.650Z] [zip] boundary @2040: 0xb7
[2026-03-30T14:01:50.650Z] [zip] boundary @3064: 0x86
[2026-03-30T14:01:50.650Z] [zip] boundary @4088: 0xd8
[2026-03-30T14:01:50.650Z] [zip] boundary @5112: 0x7a
[2026-03-30T14:01:50.650Z] [zip] boundary @6136: 0x13
[2026-03-30T14:01:50.650Z] [zip] boundary @7160: 0xdc
[2026-03-30T14:01:50.650Z] [zip] boundary @8184: 0x8e
[2026-03-30T14:01:50.650Z] [zip] boundary @9208: 0xf4
[2026-03-30T14:01:50.650Z] [zip] boundary @10232: 0x08
[2026-03-30T14:01:50.650Z] [zip] boundary @11256: 0xc6
[2026-03-30T14:01:50.650Z] [zip] boundary @12280: 0xe1
[2026-03-30T14:01:50.650Z] [zip] boundary @13304: 0x51
[2026-03-30T14:01:50.650Z] [zip] boundary @14328: 0x0b
[2026-03-30T14:01:50.650Z] [zip] boundary @15352: 0xb0
[2026-03-30T14:01:50.651Z] [zip] boundary @16376: 0xdf
[2026-03-30T14:01:50.651Z] [zip] boundary @17400: 0x07
[2026-03-30T14:01:50.651Z] [queue] #27 SET_BUTTONS: executing
[2026-03-30T14:01:50.651Z] [send] SET_BUTTONS: sending 18 packets
[2026-03-30T14:01:50.651Z] [send]   pkt[0] header: 7c 7c 00 01 64 45 00 00 50 4b 03 04 0a 00 00 00 ... (1024 bytes total)
[2026-03-30T14:01:50.697Z] [recv] raw 7c 7c 01 01 f6 03 00 00 01 0b 01 01 00 00 00 00 ... (1024 bytes total)
[2026-03-30T14:01:50.697Z] [recv] BUTTON btn=11 pressed=true state=1 raw=[010b0101]
[2026-03-30T14:01:50.747Z] [recv] raw 7c 7c 01 01 f6 03 00 00 01 0c 01 01 00 00 00 00 ... (1024 bytes total)
[2026-03-30T14:01:50.747Z] [recv] BUTTON btn=12 pressed=true state=1 raw=[010c0101]
[2026-03-30T14:01:50.771Z] [queue] #27 SET_BUTTONS: done
[2026-03-30T14:01:50.788Z] [render] SET_BUTTONS [0,1,2,3,4,5,6,7,8,9,10,11,12] (13 buttons)
[2026-03-30T14:01:50.797Z] [zip] manifest: {
  "0_0": {
    "State": 0,
    "ViewParam": [
      {
        "Text": "Btn 0",
        "Icon": "icons/btn_0.png"
      }
    ]
  },
  "1_0": {
    "State": 0,
    "ViewParam": [
      {
        "Text": "Btn 1",
        "Icon": "icons/btn_1.png"
      }
    ]
  },
  "2_0": {
    "State": 0,
    "ViewParam": [
      {
        "Text": "Btn 2",
        "Icon": "icons/btn_2.png"
      }
    ]
  },
  "3_0": {
    "State": 0,
    "ViewParam": [
      {
        "Text": "Btn 3",
        "Icon": "icons/btn_3.png"
      }
    ]
  },
  "4_0": {
    "State": 0,
    "ViewParam": [
      {
        "Text": "Btn 4",
        "Icon": "icons/btn_4.png"
      }
    ]
  },
  "0_1": {
    "State": 0,
    "ViewParam": [
      {
        "Text": "Btn 5",
        "Icon": "icons/btn_5.png"
      }
    ]
  },
  "1_1": {
    "State": 0,
    "ViewParam": [
      {
        "Text": "Btn 6",
        "Icon": "icons/btn_6.png"
      }
    ]
  },
  "2_1": {
    "State": 0,
    "ViewParam": [
      {
        "Text": "Btn 7",
        "Icon": "icons/btn_7.png"
      }
    ]
  },
  "3_1": {
    "State": 0,
    "ViewParam": [
      {
        "Text": "Btn 8",
        "Icon": "icons/btn_8.png"
      }
    ]
  },
  "4_1": {
    "State": 0,
    "ViewParam": [
      {
        "Text": "Btn 9",
        "Icon": "icons/btn_9.png"
      }
    ]
  },
  "0_2": {
    "State": 0,
    "ViewParam": [
      {
        "Text": "Btn 10",
        "Icon": "icons/btn_10.png"
      }
    ]
  },
  "1_2": {
    "State": 0,
    "ViewParam": [
      {
        "Text": "Btn 11",
        "Icon": "icons/btn_11.png"
      }
    ]
  },
  "2_2": {
    "State": 0,
    "ViewParam": [
      {
        "Text": "Btn 12",
        "Icon": "icons/btn_12.png"
      }
    ]
  }
}
[2026-03-30T14:01:50.797Z] [zip] size=16971 bytes, 17 packets
[2026-03-30T14:01:50.797Z] [zip] boundary check FAILED attempt 1: offset 16376: 0x00
[2026-03-30T14:01:50.797Z] [recv] raw 7c 7c 01 01 f6 03 00 00 01 0b 01 00 00 00 00 00 ... (1024 bytes total)
[2026-03-30T14:01:50.797Z] [recv] BUTTON btn=11 pressed=false state=1 raw=[010b0100]
[2026-03-30T14:01:50.805Z] [zip] boundary workaround: passed on attempt 2 (dummy=8 chars)
[2026-03-30T14:01:50.805Z] [zip] zip header: 50 4b 03 04 0a 00 00 00 08 00 39 70 7e 5c 52 43 d9 66 0a 00 00 00 08 00 00 00 09 00 00 00 64 75 ... (17075 bytes total)
[2026-03-30T14:01:50.805Z] [zip] boundary @1016: 0x7b
[2026-03-30T14:01:50.805Z] [zip] boundary @2040: 0xb7
[2026-03-30T14:01:50.805Z] [zip] boundary @3064: 0x86
[2026-03-30T14:01:50.805Z] [zip] boundary @4088: 0xd8
[2026-03-30T14:01:50.805Z] [zip] boundary @5112: 0x7a
[2026-03-30T14:01:50.805Z] [zip] boundary @6136: 0x13
[2026-03-30T14:01:50.805Z] [zip] boundary @7160: 0xdc
[2026-03-30T14:01:50.805Z] [zip] boundary @8184: 0x8e
[2026-03-30T14:01:50.805Z] [zip] boundary @9208: 0xf4
[2026-03-30T14:01:50.805Z] [zip] boundary @10232: 0xad
[2026-03-30T14:01:50.805Z] [zip] boundary @11256: 0x18
[2026-03-30T14:01:50.805Z] [zip] boundary @12280: 0xe9
[2026-03-30T14:01:50.805Z] [zip] boundary @13304: 0xcc
[2026-03-30T14:01:50.805Z] [zip] boundary @14328: 0x54
[2026-03-30T14:01:50.806Z] [zip] boundary @15352: 0xfc
[2026-03-30T14:01:50.806Z] [zip] boundary @16376: 0x32
[2026-03-30T14:01:50.806Z] [queue] #28 SET_BUTTONS: executing
[2026-03-30T14:01:50.806Z] [send] SET_BUTTONS: sending 17 packets
[2026-03-30T14:01:50.806Z] [send]   pkt[0] header: 7c 7c 00 01 b3 42 00 00 50 4b 03 04 0a 00 00 00 ... (1024 bytes total)
[2026-03-30T14:01:50.848Z] [recv] raw 7c 7c 01 01 f6 03 00 00 01 0b 01 01 00 00 00 00 ... (1024 bytes total)
[2026-03-30T14:01:50.848Z] [recv] BUTTON btn=11 pressed=true state=1 raw=[010b0101]
[2026-03-30T14:01:50.900Z] [recv] raw 7c 7c 01 01 f6 03 00 00 01 0c 01 00 00 00 00 00 ... (1024 bytes total)
[2026-03-30T14:01:50.900Z] [recv] BUTTON btn=12 pressed=false state=1 raw=[010c0100]
[2026-03-30T14:01:50.924Z] [queue] #28 SET_BUTTONS: done
[2026-03-30T14:01:50.941Z] [render] SET_BUTTONS [0,1,2,3,4,5,6,7,8,9,10,11,12] (13 buttons)
[2026-03-30T14:01:50.945Z] [zip] manifest: {
  "0_0": {
    "State": 0,
    "ViewParam": [
      {
        "Text": "Btn 0",
        "Icon": "icons/btn_0.png"
      }
    ]
  },
  "1_0": {
    "State": 0,
    "ViewParam": [
      {
        "Text": "Btn 1",
        "Icon": "icons/btn_1.png"
      }
    ]
  },
  "2_0": {
    "State": 0,
    "ViewParam": [
      {
        "Text": "Btn 2",
        "Icon": "icons/btn_2.png"
      }
    ]
  },
  "3_0": {
    "State": 0,
    "ViewParam": [
      {
        "Text": "Btn 3",
        "Icon": "icons/btn_3.png"
      }
    ]
  },
  "4_0": {
    "State": 0,
    "ViewParam": [
      {
        "Text": "Btn 4",
        "Icon": "icons/btn_4.png"
      }
    ]
  },
  "0_1": {
    "State": 0,
    "ViewParam": [
      {
        "Text": "Btn 5",
        "Icon": "icons/btn_5.png"
      }
    ]
  },
  "1_1": {
    "State": 0,
    "ViewParam": [
      {
        "Text": "Btn 6",
        "Icon": "icons/btn_6.png"
      }
    ]
  },
  "2_1": {
    "State": 0,
    "ViewParam": [
      {
        "Text": "Btn 7",
        "Icon": "icons/btn_7.png"
      }
    ]
  },
  "3_1": {
    "State": 0,
    "ViewParam": [
      {
        "Text": "Btn 8",
        "Icon": "icons/btn_8.png"
      }
    ]
  },
  "4_1": {
    "State": 0,
    "ViewParam": [
      {
        "Text": "Btn 9",
        "Icon": "icons/btn_9.png"
      }
    ]
  },
  "0_2": {
    "State": 0,
    "ViewParam": [
      {
        "Text": "Btn 10",
        "Icon": "icons/btn_10.png"
      }
    ]
  },
  "1_2": {
    "State": 0,
    "ViewParam": [
      {
        "Text": "Btn 11",
        "Icon": "icons/btn_11.png"
      }
    ]
  },
  "2_2": {
    "State": 0,
    "ViewParam": [
      {
        "Text": "Btn 12",
        "Icon": "icons/btn_12.png"
      }
    ]
  }
}
[2026-03-30T14:01:50.945Z] [zip] size=17720 bytes, 18 packets
[2026-03-30T14:01:50.945Z] [zip] boundary check FAILED attempt 1: offset 17400: 0x00
[2026-03-30T14:01:50.949Z] [zip] boundary check FAILED attempt 2: offset 17400: 0x00
[2026-03-30T14:01:50.949Z] [recv] raw 7c 7c 01 01 f6 03 00 00 01 0b 01 00 00 00 00 00 ... (1024 bytes total)
[2026-03-30T14:01:50.949Z] [recv] BUTTON btn=11 pressed=false state=1 raw=[010b0100]
[2026-03-30T14:01:50.956Z] [zip] boundary workaround: passed on attempt 3 (dummy=24 chars)
[2026-03-30T14:01:50.956Z] [zip] zip header: 50 4b 03 04 0a 00 00 00 08 00 39 70 7e 5c da ca 3c 7d 1a 00 00 00 18 00 00 00 09 00 00 00 64 75 ... (17840 bytes total)
[2026-03-30T14:01:50.956Z] [zip] boundary @1016: 0xc1
[2026-03-30T14:01:50.956Z] [zip] boundary @2040: 0x1c
[2026-03-30T14:01:50.956Z] [zip] boundary @3064: 0xe6
[2026-03-30T14:01:50.956Z] [zip] boundary @4088: 0xca
[2026-03-30T14:01:50.956Z] [zip] boundary @5112: 0xe2
[2026-03-30T14:01:50.956Z] [zip] boundary @6136: 0xd9
[2026-03-30T14:01:50.956Z] [zip] boundary @7160: 0xe2
[2026-03-30T14:01:50.956Z] [zip] boundary @8184: 0x81
[2026-03-30T14:01:50.956Z] [zip] boundary @9208: 0x70
[2026-03-30T14:01:50.956Z] [zip] boundary @10232: 0x56
[2026-03-30T14:01:50.956Z] [zip] boundary @11256: 0x3b
[2026-03-30T14:01:50.956Z] [zip] boundary @12280: 0xda
[2026-03-30T14:01:50.956Z] [zip] boundary @13304: 0x2c
[2026-03-30T14:01:50.956Z] [zip] boundary @14328: 0x43
[2026-03-30T14:01:50.956Z] [zip] boundary @15352: 0x1e
[2026-03-30T14:01:50.956Z] [zip] boundary @16376: 0xeb
[2026-03-30T14:01:50.956Z] [zip] boundary @17400: 0x08
[2026-03-30T14:01:50.956Z] [queue] #29 SET_BUTTONS: executing
[2026-03-30T14:01:50.956Z] [send] SET_BUTTONS: sending 18 packets
[2026-03-30T14:01:50.956Z] [send]   pkt[0] header: 7c 7c 00 01 b0 45 00 00 50 4b 03 04 0a 00 00 00 ... (1024 bytes total)
[2026-03-30T14:01:51.001Z] [recv] raw 7c 7c 01 01 f6 03 00 00 01 02 01 01 00 00 00 00 ... (1024 bytes total)
[2026-03-30T14:01:51.001Z] [recv] BUTTON btn=2 pressed=true state=1 raw=[01020101]
[2026-03-30T14:01:51.051Z] [recv] raw 7c 7c 01 01 f6 03 00 00 01 03 01 01 00 00 00 00 ... (1024 bytes total)
[2026-03-30T14:01:51.051Z] [recv] BUTTON btn=3 pressed=true state=1 raw=[01030101]
[2026-03-30T14:01:51.075Z] [queue] #29 SET_BUTTONS: done
[2026-03-30T14:01:51.093Z] [render] SET_BUTTONS [0,1,2,3,4,5,6,7,8,9,10,11,12] (13 buttons)
[2026-03-30T14:01:51.098Z] [zip] manifest: {
  "0_0": {
    "State": 0,
    "ViewParam": [
      {
        "Text": "Btn 0",
        "Icon": "icons/btn_0.png"
      }
    ]
  },
  "1_0": {
    "State": 0,
    "ViewParam": [
      {
        "Text": "Btn 1",
        "Icon": "icons/btn_1.png"
      }
    ]
  },
  "2_0": {
    "State": 0,
    "ViewParam": [
      {
        "Text": "Btn 2",
        "Icon": "icons/btn_2.png"
      }
    ]
  },
  "3_0": {
    "State": 0,
    "ViewParam": [
      {
        "Text": "Btn 3",
        "Icon": "icons/btn_3.png"
      }
    ]
  },
  "4_0": {
    "State": 0,
    "ViewParam": [
      {
        "Text": "Btn 4",
        "Icon": "icons/btn_4.png"
      }
    ]
  },
  "0_1": {
    "State": 0,
    "ViewParam": [
      {
        "Text": "Btn 5",
        "Icon": "icons/btn_5.png"
      }
    ]
  },
  "1_1": {
    "State": 0,
    "ViewParam": [
      {
        "Text": "Btn 6",
        "Icon": "icons/btn_6.png"
      }
    ]
  },
  "2_1": {
    "State": 0,
    "ViewParam": [
      {
        "Text": "Btn 7",
        "Icon": "icons/btn_7.png"
      }
    ]
  },
  "3_1": {
    "State": 0,
    "ViewParam": [
      {
        "Text": "Btn 8",
        "Icon": "icons/btn_8.png"
      }
    ]
  },
  "4_1": {
    "State": 0,
    "ViewParam": [
      {
        "Text": "Btn 9",
        "Icon": "icons/btn_9.png"
      }
    ]
  },
  "0_2": {
    "State": 0,
    "ViewParam": [
      {
        "Text": "Btn 10",
        "Icon": "icons/btn_10.png"
      }
    ]
  },
  "1_2": {
    "State": 0,
    "ViewParam": [
      {
        "Text": "Btn 11",
        "Icon": "icons/btn_11.png"
      }
    ]
  },
  "2_2": {
    "State": 0,
    "ViewParam": [
      {
        "Text": "Btn 12",
        "Icon": "icons/btn_12.png"
      }
    ]
  }
}
[2026-03-30T14:01:51.098Z] [zip] size=16778 bytes, 17 packets
[2026-03-30T14:01:51.098Z] [zip] zip header: 50 4b 03 04 0a 00 00 00 00 00 39 70 7e 5c 00 00 00 00 00 00 00 00 00 00 00 00 06 00 00 00 69 63 ... (16778 bytes total)
[2026-03-30T14:01:51.098Z] [zip] boundary @1016: 0x16
[2026-03-30T14:01:51.098Z] [zip] boundary @2040: 0x7e
[2026-03-30T14:01:51.098Z] [zip] boundary @3064: 0xb3
[2026-03-30T14:01:51.098Z] [zip] boundary @4088: 0xdc
[2026-03-30T14:01:51.098Z] [zip] boundary @5112: 0xe7
[2026-03-30T14:01:51.098Z] [zip] boundary @6136: 0x79
[2026-03-30T14:01:51.098Z] [zip] boundary @7160: 0x46
[2026-03-30T14:01:51.098Z] [zip] boundary @8184: 0x01
[2026-03-30T14:01:51.098Z] [zip] boundary @9208: 0x3b
[2026-03-30T14:01:51.098Z] [zip] boundary @10232: 0x4b
[2026-03-30T14:01:51.098Z] [zip] boundary @11256: 0x51
[2026-03-30T14:01:51.098Z] [zip] boundary @12280: 0xfb
[2026-03-30T14:01:51.098Z] [zip] boundary @13304: 0x8f
[2026-03-30T14:01:51.098Z] [zip] boundary @14328: 0x3e
[2026-03-30T14:01:51.098Z] [zip] boundary @15352: 0xe6
[2026-03-30T14:01:51.098Z] [zip] boundary @16376: 0x6f
[2026-03-30T14:01:51.098Z] [queue] #30 SET_BUTTONS: executing
[2026-03-30T14:01:51.098Z] [send] SET_BUTTONS: sending 17 packets
[2026-03-30T14:01:51.098Z] [send]   pkt[0] header: 7c 7c 00 01 8a 41 00 00 50 4b 03 04 0a 00 00 00 ... (1024 bytes total)
[2026-03-30T14:01:51.118Z] [recv] raw 7c 7c 01 01 f6 03 00 00 01 01 01 01 00 00 00 00 ... (1024 bytes total)
[2026-03-30T14:01:51.118Z] [recv] BUTTON btn=1 pressed=true state=1 raw=[01010101]
[2026-03-30T14:01:51.168Z] [recv] raw 7c 7c 01 01 f6 03 00 00 01 03 01 00 00 00 00 00 ... (1024 bytes total)
[2026-03-30T14:01:51.168Z] [recv] BUTTON btn=3 pressed=false state=1 raw=[01030100]
[2026-03-30T14:01:51.221Z] [queue] #30 SET_BUTTONS: done
[2026-03-30T14:01:51.222Z] [recv] raw 7c 7c 01 01 f6 03 00 00 01 01 01 00 00 00 00 00 ... (1024 bytes total)
[2026-03-30T14:01:51.222Z] [recv] BUTTON btn=1 pressed=false state=1 raw=[01010100]
[2026-03-30T14:01:51.238Z] [render] SET_BUTTONS [0,1,2,3,4,5,6,7,8,9,10,11,12] (13 buttons)
[2026-03-30T14:01:51.256Z] [zip] manifest: {
  "0_0": {
    "State": 0,
    "ViewParam": [
      {
        "Text": "Btn 0",
        "Icon": "icons/btn_0.png"
      }
    ]
  },
  "1_0": {
    "State": 0,
    "ViewParam": [
      {
        "Text": "Btn 1",
        "Icon": "icons/btn_1.png"
      }
    ]
  },
  "2_0": {
    "State": 0,
    "ViewParam": [
      {
        "Text": "Btn 2",
        "Icon": "icons/btn_2.png"
      }
    ]
  },
  "3_0": {
    "State": 0,
    "ViewParam": [
      {
        "Text": "Btn 3",
        "Icon": "icons/btn_3.png"
      }
    ]
  },
  "4_0": {
    "State": 0,
    "ViewParam": [
      {
        "Text": "Btn 4",
        "Icon": "icons/btn_4.png"
      }
    ]
  },
  "0_1": {
    "State": 0,
    "ViewParam": [
      {
        "Text": "Btn 5",
        "Icon": "icons/btn_5.png"
      }
    ]
  },
  "1_1": {
    "State": 0,
    "ViewParam": [
      {
        "Text": "Btn 6",
        "Icon": "icons/btn_6.png"
      }
    ]
  },
  "2_1": {
    "State": 0,
    "ViewParam": [
      {
        "Text": "Btn 7",
        "Icon": "icons/btn_7.png"
      }
    ]
  },
  "3_1": {
    "State": 0,
    "ViewParam": [
      {
        "Text": "Btn 8",
        "Icon": "icons/btn_8.png"
      }
    ]
  },
  "4_1": {
    "State": 0,
    "ViewParam": [
      {
        "Text": "Btn 9",
        "Icon": "icons/btn_9.png"
      }
    ]
  },
  "0_2": {
    "State": 0,
    "ViewParam": [
      {
        "Text": "Btn 10",
        "Icon": "icons/btn_10.png"
      }
    ]
  },
  "1_2": {
    "State": 0,
    "ViewParam": [
      {
        "Text": "Btn 11",
        "Icon": "icons/btn_11.png"
      }
    ]
  },
  "2_2": {
    "State": 0,
    "ViewParam": [
      {
        "Text": "Btn 12",
        "Icon": "icons/btn_12.png"
      }
    ]
  }
}
[2026-03-30T14:01:51.257Z] [zip] size=17566 bytes, 18 packets
[2026-03-30T14:01:51.257Z] [zip] boundary check FAILED attempt 1: offset 17400: 0x00
[2026-03-30T14:01:51.262Z] [zip] boundary workaround: passed on attempt 2 (dummy=8 chars)
[2026-03-30T14:01:51.262Z] [zip] zip header: 50 4b 03 04 0a 00 00 00 08 00 39 70 7e 5c 21 64 4d fb 0a 00 00 00 08 00 00 00 09 00 00 00 64 75 ... (17670 bytes total)
[2026-03-30T14:01:51.262Z] [zip] boundary @1016: 0x7b
[2026-03-30T14:01:51.262Z] [zip] boundary @2040: 0xb7
[2026-03-30T14:01:51.262Z] [zip] boundary @3064: 0xbb
[2026-03-30T14:01:51.262Z] [zip] boundary @4088: 0xed
[2026-03-30T14:01:51.262Z] [zip] boundary @5112: 0xfe
[2026-03-30T14:01:51.262Z] [zip] boundary @6136: 0x39
[2026-03-30T14:01:51.262Z] [zip] boundary @7160: 0x82
[2026-03-30T14:01:51.262Z] [zip] boundary @8184: 0x66
[2026-03-30T14:01:51.262Z] [zip] boundary @9208: 0x5e
[2026-03-30T14:01:51.262Z] [zip] boundary @10232: 0x20
[2026-03-30T14:01:51.262Z] [zip] boundary @11256: 0xcb
[2026-03-30T14:01:51.262Z] [zip] boundary @12280: 0x38
[2026-03-30T14:01:51.262Z] [zip] boundary @13304: 0xcd
[2026-03-30T14:01:51.262Z] [zip] boundary @14328: 0x52
[2026-03-30T14:01:51.262Z] [zip] boundary @15352: 0xae
[2026-03-30T14:01:51.262Z] [zip] boundary @16376: 0xb7
[2026-03-30T14:01:51.262Z] [zip] boundary @17400: 0x70
[2026-03-30T14:01:51.263Z] [queue] #31 SET_BUTTONS: executing
[2026-03-30T14:01:51.263Z] [send] SET_BUTTONS: sending 18 packets
[2026-03-30T14:01:51.263Z] [send]   pkt[0] header: 7c 7c 00 01 06 45 00 00 50 4b 03 04 0a 00 00 00 ... (1024 bytes total)
[2026-03-30T14:01:51.288Z] [recv] raw 7c 7c 01 01 f6 03 00 00 01 02 01 00 00 00 00 00 ... (1024 bytes total)
[2026-03-30T14:01:51.288Z] [recv] BUTTON btn=2 pressed=false state=1 raw=[01020100]
[2026-03-30T14:01:51.340Z] [recv] raw 7c 7c 01 01 f6 03 00 00 01 02 01 01 00 00 00 00 ... (1024 bytes total)
[2026-03-30T14:01:51.340Z] [recv] BUTTON btn=2 pressed=true state=1 raw=[01020101]
[2026-03-30T14:01:51.389Z] [queue] #31 SET_BUTTONS: done
[2026-03-30T14:01:51.390Z] [recv] raw 7c 7c 01 01 f6 03 00 00 01 03 01 01 00 00 00 00 ... (1024 bytes total)
[2026-03-30T14:01:51.390Z] [recv] BUTTON btn=3 pressed=true state=1 raw=[01030101]
[2026-03-30T14:01:51.407Z] [render] SET_BUTTONS [0,1,2,3,4,5,6,7,8,9,10,11,12] (13 buttons)
[2026-03-30T14:01:51.412Z] [zip] manifest: {
  "0_0": {
    "State": 0,
    "ViewParam": [
      {
        "Text": "Btn 0",
        "Icon": "icons/btn_0.png"
      }
    ]
  },
  "1_0": {
    "State": 0,
    "ViewParam": [
      {
        "Text": "Btn 1",
        "Icon": "icons/btn_1.png"
      }
    ]
  },
  "2_0": {
    "State": 0,
    "ViewParam": [
      {
        "Text": "Btn 2",
        "Icon": "icons/btn_2.png"
      }
    ]
  },
  "3_0": {
    "State": 0,
    "ViewParam": [
      {
        "Text": "Btn 3",
        "Icon": "icons/btn_3.png"
      }
    ]
  },
  "4_0": {
    "State": 0,
    "ViewParam": [
      {
        "Text": "Btn 4",
        "Icon": "icons/btn_4.png"
      }
    ]
  },
  "0_1": {
    "State": 0,
    "ViewParam": [
      {
        "Text": "Btn 5",
        "Icon": "icons/btn_5.png"
      }
    ]
  },
  "1_1": {
    "State": 0,
    "ViewParam": [
      {
        "Text": "Btn 6",
        "Icon": "icons/btn_6.png"
      }
    ]
  },
  "2_1": {
    "State": 0,
    "ViewParam": [
      {
        "Text": "Btn 7",
        "Icon": "icons/btn_7.png"
      }
    ]
  },
  "3_1": {
    "State": 0,
    "ViewParam": [
      {
        "Text": "Btn 8",
        "Icon": "icons/btn_8.png"
      }
    ]
  },
  "4_1": {
    "State": 0,
    "ViewParam": [
      {
        "Text": "Btn 9",
        "Icon": "icons/btn_9.png"
      }
    ]
  },
  "0_2": {
    "State": 0,
    "ViewParam": [
      {
        "Text": "Btn 10",
        "Icon": "icons/btn_10.png"
      }
    ]
  },
  "1_2": {
    "State": 0,
    "ViewParam": [
      {
        "Text": "Btn 11",
        "Icon": "icons/btn_11.png"
      }
    ]
  },
  "2_2": {
    "State": 0,
    "ViewParam": [
      {
        "Text": "Btn 12",
        "Icon": "icons/btn_12.png"
      }
    ]
  }
}
[2026-03-30T14:01:51.412Z] [zip] size=16778 bytes, 17 packets
[2026-03-30T14:01:51.412Z] [zip] zip header: 50 4b 03 04 0a 00 00 00 00 00 39 70 7e 5c 00 00 00 00 00 00 00 00 00 00 00 00 06 00 00 00 69 63 ... (16778 bytes total)
[2026-03-30T14:01:51.412Z] [zip] boundary @1016: 0x16
[2026-03-30T14:01:51.412Z] [zip] boundary @2040: 0x7e
[2026-03-30T14:01:51.412Z] [zip] boundary @3064: 0xb3
[2026-03-30T14:01:51.412Z] [zip] boundary @4088: 0xdc
[2026-03-30T14:01:51.412Z] [zip] boundary @5112: 0xe7
[2026-03-30T14:01:51.412Z] [zip] boundary @6136: 0x79
[2026-03-30T14:01:51.412Z] [zip] boundary @7160: 0x46
[2026-03-30T14:01:51.412Z] [zip] boundary @8184: 0x01
[2026-03-30T14:01:51.412Z] [zip] boundary @9208: 0x3b
[2026-03-30T14:01:51.412Z] [zip] boundary @10232: 0x4b
[2026-03-30T14:01:51.412Z] [zip] boundary @11256: 0x51
[2026-03-30T14:01:51.412Z] [zip] boundary @12280: 0xfb
[2026-03-30T14:01:51.412Z] [zip] boundary @13304: 0x8f
[2026-03-30T14:01:51.412Z] [zip] boundary @14328: 0x3e
[2026-03-30T14:01:51.412Z] [zip] boundary @15352: 0xe6
[2026-03-30T14:01:51.412Z] [zip] boundary @16376: 0x6f
[2026-03-30T14:01:51.412Z] [queue] #32 SET_BUTTONS: executing
[2026-03-30T14:01:51.412Z] [send] SET_BUTTONS: sending 17 packets
[2026-03-30T14:01:51.412Z] [send]   pkt[0] header: 7c 7c 00 01 8a 41 00 00 50 4b 03 04 0a 00 00 00 ... (1024 bytes total)
[2026-03-30T14:01:51.440Z] [recv] raw 7c 7c 01 01 f6 03 00 00 01 01 01 01 00 00 00 00 ... (1024 bytes total)
[2026-03-30T14:01:51.440Z] [recv] BUTTON btn=1 pressed=true state=1 raw=[01010101]
[2026-03-30T14:01:51.559Z] [recv] raw 7c 7c 01 01 f6 03 00 00 01 03 01 00 00 00 00 00 ... (1024 bytes total)
[2026-03-30T14:01:51.560Z] [recv] BUTTON btn=3 pressed=false state=1 raw=[01030100]
[2026-03-30T14:01:51.560Z] [queue] #32 SET_BUTTONS: done
[2026-03-30T14:01:51.560Z] [recv] raw 7c 7c 01 01 f6 03 00 00 01 01 01 00 00 00 00 00 ... (1024 bytes total)
[2026-03-30T14:01:51.560Z] [recv] BUTTON btn=1 pressed=false state=1 raw=[01010100]
[2026-03-30T14:01:51.576Z] [render] SET_BUTTONS [0,1,2,3,4,5,6,7,8,9,10,11,12] (13 buttons)
[2026-03-30T14:01:51.582Z] [zip] manifest: {
  "0_0": {
    "State": 0,
    "ViewParam": [
      {
        "Text": "Btn 0",
        "Icon": "icons/btn_0.png"
      }
    ]
  },
  "1_0": {
    "State": 0,
    "ViewParam": [
      {
        "Text": "Btn 1",
        "Icon": "icons/btn_1.png"
      }
    ]
  },
  "2_0": {
    "State": 0,
    "ViewParam": [
      {
        "Text": "Btn 2",
        "Icon": "icons/btn_2.png"
      }
    ]
  },
  "3_0": {
    "State": 0,
    "ViewParam": [
      {
        "Text": "Btn 3",
        "Icon": "icons/btn_3.png"
      }
    ]
  },
  "4_0": {
    "State": 0,
    "ViewParam": [
      {
        "Text": "Btn 4",
        "Icon": "icons/btn_4.png"
      }
    ]
  },
  "0_1": {
    "State": 0,
    "ViewParam": [
      {
        "Text": "Btn 5",
        "Icon": "icons/btn_5.png"
      }
    ]
  },
  "1_1": {
    "State": 0,
    "ViewParam": [
      {
        "Text": "Btn 6",
        "Icon": "icons/btn_6.png"
      }
    ]
  },
  "2_1": {
    "State": 0,
    "ViewParam": [
      {
        "Text": "Btn 7",
        "Icon": "icons/btn_7.png"
      }
    ]
  },
  "3_1": {
    "State": 0,
    "ViewParam": [
      {
        "Text": "Btn 8",
        "Icon": "icons/btn_8.png"
      }
    ]
  },
  "4_1": {
    "State": 0,
    "ViewParam": [
      {
        "Text": "Btn 9",
        "Icon": "icons/btn_9.png"
      }
    ]
  },
  "0_2": {
    "State": 0,
    "ViewParam": [
      {
        "Text": "Btn 10",
        "Icon": "icons/btn_10.png"
      }
    ]
  },
  "1_2": {
    "State": 0,
    "ViewParam": [
      {
        "Text": "Btn 11",
        "Icon": "icons/btn_11.png"
      }
    ]
  },
  "2_2": {
    "State": 0,
    "ViewParam": [
      {
        "Text": "Btn 12",
        "Icon": "icons/btn_12.png"
      }
    ]
  }
}
[2026-03-30T14:01:51.583Z] [zip] size=17566 bytes, 18 packets
[2026-03-30T14:01:51.583Z] [zip] boundary check FAILED attempt 1: offset 17400: 0x00
[2026-03-30T14:01:51.588Z] [zip] boundary workaround: passed on attempt 2 (dummy=8 chars)
[2026-03-30T14:01:51.588Z] [zip] zip header: 50 4b 03 04 0a 00 00 00 08 00 39 70 7e 5c d1 16 56 fb 0a 00 00 00 08 00 00 00 09 00 00 00 64 75 ... (17670 bytes total)
[2026-03-30T14:01:51.588Z] [zip] boundary @1016: 0x7b
[2026-03-30T14:01:51.588Z] [zip] boundary @2040: 0xb7
[2026-03-30T14:01:51.588Z] [zip] boundary @3064: 0xbb
[2026-03-30T14:01:51.588Z] [zip] boundary @4088: 0xed
[2026-03-30T14:01:51.588Z] [zip] boundary @5112: 0xfe
[2026-03-30T14:01:51.588Z] [zip] boundary @6136: 0x39
[2026-03-30T14:01:51.588Z] [zip] boundary @7160: 0x82
[2026-03-30T14:01:51.588Z] [zip] boundary @8184: 0x66
[2026-03-30T14:01:51.588Z] [zip] boundary @9208: 0x5e
[2026-03-30T14:01:51.588Z] [zip] boundary @10232: 0x20
[2026-03-30T14:01:51.588Z] [zip] boundary @11256: 0xcb
[2026-03-30T14:01:51.588Z] [zip] boundary @12280: 0x38
[2026-03-30T14:01:51.588Z] [zip] boundary @13304: 0xcd
[2026-03-30T14:01:51.588Z] [zip] boundary @14328: 0x52
[2026-03-30T14:01:51.589Z] [zip] boundary @15352: 0xae
[2026-03-30T14:01:51.589Z] [zip] boundary @16376: 0xb7
[2026-03-30T14:01:51.589Z] [zip] boundary @17400: 0x70
[2026-03-30T14:01:51.589Z] [queue] #33 SET_BUTTONS: executing
[2026-03-30T14:01:51.589Z] [send] SET_BUTTONS: sending 18 packets
[2026-03-30T14:01:51.589Z] [send]   pkt[0] header: 7c 7c 00 01 06 45 00 00 50 4b 03 04 0a 00 00 00 ... (1024 bytes total)
[2026-03-30T14:01:51.638Z] [recv] raw 7c 7c 01 01 f6 03 00 00 01 02 01 00 00 00 00 00 ... (1024 bytes total)
[2026-03-30T14:01:51.638Z] [recv] BUTTON btn=2 pressed=false state=1 raw=[01020100]
[2026-03-30T14:01:53.298Z] [recv] raw 7c 7c 01 01 f6 03 00 00 01 04 01 01 00 00 00 00 ... (1024 bytes total)
[2026-03-30T14:01:53.298Z] [recv] BUTTON btn=4 pressed=true state=1 raw=[01040101]
[2026-03-30T14:01:53.298Z] [queue] #33 SET_BUTTONS: done
[2026-03-30T14:01:54.084Z] [recv] raw 7c 7c 01 01 f6 03 00 00 01 04 01 00 00 00 00 00 ... (1024 bytes total)
[2026-03-30T14:01:54.084Z] [recv] BUTTON btn=4 pressed=false state=1 raw=[01040100]
[2026-03-30T14:01:54.084Z] [render] SET_BUTTONS [0,1,2,3,4,5,6,7,8,9,10,11,12] (13 buttons)
[2026-03-30T14:01:54.492Z] [recv] raw 7c 7c 01 01 f6 03 00 00 01 04 01 01 00 00 00 00 ... (1024 bytes total)
[2026-03-30T14:01:54.492Z] [recv] BUTTON btn=4 pressed=true state=1 raw=[01040101]
[2026-03-30T14:01:55.188Z] [recv] raw 7c 7c 01 01 f6 03 00 00 01 04 01 00 00 00 00 00 ... (1024 bytes total)
[2026-03-30T14:01:55.188Z] [recv] BUTTON btn=4 pressed=false state=1 raw=[01040100]
[2026-03-30T14:01:55.445Z] [recv] raw 7c 7c 01 01 f6 03 00 00 01 03 01 01 00 00 00 00 ... (1024 bytes total)
[2026-03-30T14:01:55.445Z] [recv] BUTTON btn=3 pressed=true state=1 raw=[01030101]
[2026-03-30T14:01:55.627Z] [recv] raw 7c 7c 01 01 f6 03 00 00 01 03 01 00 00 00 00 00 ... (1024 bytes total)
[2026-03-30T14:01:55.627Z] [recv] BUTTON btn=3 pressed=false state=1 raw=[01030100]
[2026-03-30T14:01:55.734Z] [recv] raw 7c 7c 01 01 f6 03 00 00 01 03 01 01 00 00 00 00 ... (1024 bytes total)
[2026-03-30T14:01:55.734Z] [recv] BUTTON btn=3 pressed=true state=1 raw=[01030101]
[2026-03-30T14:01:55.903Z] [recv] raw 7c 7c 01 01 f6 03 00 00 01 03 01 00 00 00 00 00 ... (1024 bytes total)
[2026-03-30T14:01:55.903Z] [recv] BUTTON btn=3 pressed=false state=1 raw=[01030100]
[2026-03-30T14:01:56.113Z] [recv] raw 7c 7c 01 01 f6 03 00 00 01 02 01 01 00 00 00 00 ... (1024 bytes total)
[2026-03-30T14:01:56.113Z] [recv] BUTTON btn=2 pressed=true state=1 raw=[01020101]
[2026-03-30T14:01:56.296Z] [recv] raw 7c 7c 01 01 f6 03 00 00 01 02 01 00 00 00 00 00 ... (1024 bytes total)
[2026-03-30T14:01:56.296Z] [recv] BUTTON btn=2 pressed=false state=1 raw=[01020100]
[2026-03-30T14:01:56.462Z] [recv] raw 7c 7c 01 01 f6 03 00 00 01 01 01 01 00 00 00 00 ... (1024 bytes total)
[2026-03-30T14:01:56.462Z] [recv] BUTTON btn=1 pressed=true state=1 raw=[01010101]
[2026-03-30T14:01:56.675Z] [recv] raw 7c 7c 01 01 f6 03 00 00 01 01 01 00 00 00 00 00 ... (1024 bytes total)
[2026-03-30T14:01:56.675Z] [recv] BUTTON btn=1 pressed=false state=1 raw=[01010100]
[2026-03-30T14:01:57.189Z] [recv] raw 7c 7c 01 01 f6 03 00 00 01 02 01 01 00 00 00 00 ... (1024 bytes total)
[2026-03-30T14:01:57.189Z] [recv] BUTTON btn=2 pressed=true state=1 raw=[01020101]
[2026-03-30T14:01:57.401Z] [recv] raw 7c 7c 01 01 f6 03 00 00 01 00 01 01 00 00 00 00 ... (1024 bytes total)
[2026-03-30T14:01:57.401Z] [recv] BUTTON btn=0 pressed=true state=1 raw=[01000101]
[2026-03-30T14:01:57.568Z] [recv] raw 7c 7c 01 01 f6 03 00 00 01 00 01 00 00 00 00 00 ... (1024 bytes total)
[2026-03-30T14:01:57.568Z] [recv] BUTTON btn=0 pressed=false state=1 raw=[01000100]
[2026-03-30T14:01:57.645Z] [recv] raw 7c 7c 01 01 f6 03 00 00 01 05 01 01 00 00 00 00 ... (1024 bytes total)
[2026-03-30T14:01:57.645Z] [recv] BUTTON btn=5 pressed=true state=1 raw=[01050101]
[2026-03-30T14:01:57.662Z] [recv] raw 7c 7c 01 01 f6 03 00 00 01 02 01 00 00 00 00 00 ... (1024 bytes total)
[2026-03-30T14:01:57.662Z] [recv] BUTTON btn=2 pressed=false state=1 raw=[01020100]
[2026-03-30T14:01:57.664Z] [zip] manifest: {
  "0_0": {
    "State": 0,
    "ViewParam": [
      {
        "Text": "Btn 0",
        "Icon": "icons/btn_0.png"
      }
    ]
  },
  "1_0": {
    "State": 0,
    "ViewParam": [
      {
        "Text": "Btn 1",
        "Icon": "icons/btn_1.png"
      }
    ]
  },
  "2_0": {
    "State": 0,
    "ViewParam": [
      {
        "Text": "Btn 2",
        "Icon": "icons/btn_2.png"
      }
    ]
  },
  "3_0": {
    "State": 0,
    "ViewParam": [
      {
        "Text": "Btn 3",
        "Icon": "icons/btn_3.png"
      }
    ]
  },
  "4_0": {
    "State": 0,
    "ViewParam": [
      {
        "Text": "Btn 4",
        "Icon": "icons/btn_4.png"
      }
    ]
  },
  "0_1": {
    "State": 0,
    "ViewParam": [
      {
        "Text": "Btn 5",
        "Icon": "icons/btn_5.png"
      }
    ]
  },
  "1_1": {
    "State": 0,
    "ViewParam": [
      {
        "Text": "Btn 6",
        "Icon": "icons/btn_6.png"
      }
    ]
  },
  "2_1": {
    "State": 0,
    "ViewParam": [
      {
        "Text": "Btn 7",
        "Icon": "icons/btn_7.png"
      }
    ]
  },
  "3_1": {
    "State": 0,
    "ViewParam": [
      {
        "Text": "Btn 8",
        "Icon": "icons/btn_8.png"
      }
    ]
  },
  "4_1": {
    "State": 0,
    "ViewParam": [
      {
        "Text": "Btn 9",
        "Icon": "icons/btn_9.png"
      }
    ]
  },
  "0_2": {
    "State": 0,
    "ViewParam": [
      {
        "Text": "Btn 10",
        "Icon": "icons/btn_10.png"
      }
    ]
  },
  "1_2": {
    "State": 0,
    "ViewParam": [
      {
        "Text": "Btn 11",
        "Icon": "icons/btn_11.png"
      }
    ]
  },
  "2_2": {
    "State": 0,
    "ViewParam": [
      {
        "Text": "Btn 12",
        "Icon": "icons/btn_12.png"
      }
    ]
  }
}
[2026-03-30T14:01:57.664Z] [zip] size=17673 bytes, 18 packets
[2026-03-30T14:01:57.664Z] [zip] zip header: 50 4b 03 04 0a 00 00 00 00 00 3b 70 7e 5c 00 00 00 00 00 00 00 00 00 00 00 00 06 00 00 00 69 63 ... (17673 bytes total)
[2026-03-30T14:01:57.664Z] [zip] boundary @1016: 0x16
[2026-03-30T14:01:57.664Z] [zip] boundary @2040: 0x7e
[2026-03-30T14:01:57.664Z] [zip] boundary @3064: 0x5e
[2026-03-30T14:01:57.664Z] [zip] boundary @4088: 0x6a
[2026-03-30T14:01:57.664Z] [zip] boundary @5112: 0x88
[2026-03-30T14:01:57.664Z] [zip] boundary @6136: 0x95
[2026-03-30T14:01:57.664Z] [zip] boundary @7160: 0x50
[2026-03-30T14:01:57.664Z] [zip] boundary @8184: 0x2b
[2026-03-30T14:01:57.664Z] [zip] boundary @9208: 0x0a
[2026-03-30T14:01:57.664Z] [zip] boundary @10232: 0x8b
[2026-03-30T14:01:57.664Z] [zip] boundary @11256: 0xd3
[2026-03-30T14:01:57.664Z] [zip] boundary @12280: 0xcb
[2026-03-30T14:01:57.664Z] [zip] boundary @13304: 0xd0
[2026-03-30T14:01:57.664Z] [zip] boundary @14328: 0xcf
[2026-03-30T14:01:57.664Z] [zip] boundary @15352: 0x58
[2026-03-30T14:01:57.664Z] [zip] boundary @16376: 0x1b
[2026-03-30T14:01:57.664Z] [zip] boundary @17400: 0x5f
[2026-03-30T14:01:57.664Z] [queue] #34 SET_BUTTONS: executing
[2026-03-30T14:01:57.664Z] [send] SET_BUTTONS: sending 18 packets
[2026-03-30T14:01:57.664Z] [send]   pkt[0] header: 7c 7c 00 01 09 45 00 00 50 4b 03 04 0a 00 00 00 ... (1024 bytes total)
[2026-03-30T14:01:57.697Z] [recv] raw 7c 7c 01 01 f6 03 00 00 01 01 01 01 00 00 00 00 ... (1024 bytes total)
[2026-03-30T14:01:57.697Z] [recv] BUTTON btn=1 pressed=true state=1 raw=[01010101]
[2026-03-30T14:01:57.747Z] [recv] raw 7c 7c 01 01 f6 03 00 00 01 01 01 00 00 00 00 00 ... (1024 bytes total)
[2026-03-30T14:01:57.747Z] [recv] BUTTON btn=1 pressed=false state=1 raw=[01010100]
[2026-03-30T14:01:57.797Z] [queue] #34 SET_BUTTONS: done
[2026-03-30T14:01:57.826Z] [recv] raw 7c 7c 01 01 f6 03 00 00 01 07 01 01 00 00 00 00 ... (1024 bytes total)
[2026-03-30T14:01:57.826Z] [recv] BUTTON btn=7 pressed=true state=1 raw=[01070101]
[2026-03-30T14:01:57.826Z] [render] SET_BUTTONS [0,1,2,3,4,5,6,7,8,9,10,11,12] (13 buttons)
[2026-03-30T14:01:57.829Z] [zip] manifest: {
  "0_0": {
    "State": 0,
    "ViewParam": [
      {
        "Text": "Btn 0",
        "Icon": "icons/btn_0.png"
      }
    ]
  },
  "1_0": {
    "State": 0,
    "ViewParam": [
      {
        "Text": "Btn 1",
        "Icon": "icons/btn_1.png"
      }
    ]
  },
  "2_0": {
    "State": 0,
    "ViewParam": [
      {
        "Text": "Btn 2",
        "Icon": "icons/btn_2.png"
      }
    ]
  },
  "3_0": {
    "State": 0,
    "ViewParam": [
      {
        "Text": "Btn 3",
        "Icon": "icons/btn_3.png"
      }
    ]
  },
  "4_0": {
    "State": 0,
    "ViewParam": [
      {
        "Text": "Btn 4",
        "Icon": "icons/btn_4.png"
      }
    ]
  },
  "0_1": {
    "State": 0,
    "ViewParam": [
      {
        "Text": "Btn 5",
        "Icon": "icons/btn_5.png"
      }
    ]
  },
  "1_1": {
    "State": 0,
    "ViewParam": [
      {
        "Text": "Btn 6",
        "Icon": "icons/btn_6.png"
      }
    ]
  },
  "2_1": {
    "State": 0,
    "ViewParam": [
      {
        "Text": "Btn 7",
        "Icon": "icons/btn_7.png"
      }
    ]
  },
  "3_1": {
    "State": 0,
    "ViewParam": [
      {
        "Text": "Btn 8",
        "Icon": "icons/btn_8.png"
      }
    ]
  },
  "4_1": {
    "State": 0,
    "ViewParam": [
      {
        "Text": "Btn 9",
        "Icon": "icons/btn_9.png"
      }
    ]
  },
  "0_2": {
    "State": 0,
    "ViewParam": [
      {
        "Text": "Btn 10",
        "Icon": "icons/btn_10.png"
      }
    ]
  },
  "1_2": {
    "State": 0,
    "ViewParam": [
      {
        "Text": "Btn 11",
        "Icon": "icons/btn_11.png"
      }
    ]
  },
  "2_2": {
    "State": 0,
    "ViewParam": [
      {
        "Text": "Btn 12",
        "Icon": "icons/btn_12.png"
      }
    ]
  }
}
[2026-03-30T14:01:57.829Z] [zip] size=17496 bytes, 18 packets
[2026-03-30T14:01:57.829Z] [zip] zip header: 50 4b 03 04 0a 00 00 00 00 00 3c 70 7e 5c 00 00 00 00 00 00 00 00 00 00 00 00 06 00 00 00 69 63 ... (17496 bytes total)
[2026-03-30T14:01:57.829Z] [zip] boundary @1016: 0x16
[2026-03-30T14:01:57.829Z] [zip] boundary @2040: 0x7e
[2026-03-30T14:01:57.829Z] [zip] boundary @3064: 0x5e
[2026-03-30T14:01:57.829Z] [zip] boundary @4088: 0x6a
[2026-03-30T14:01:57.829Z] [zip] boundary @5112: 0x88
[2026-03-30T14:01:57.829Z] [zip] boundary @6136: 0xd9
[2026-03-30T14:01:57.829Z] [zip] boundary @7160: 0x23
[2026-03-30T14:01:57.829Z] [zip] boundary @8184: 0xc4
[2026-03-30T14:01:57.829Z] [zip] boundary @9208: 0xde
[2026-03-30T14:01:57.829Z] [zip] boundary @10232: 0x35
[2026-03-30T14:01:57.829Z] [zip] boundary @11256: 0x04
[2026-03-30T14:01:57.829Z] [zip] boundary @12280: 0xe4
[2026-03-30T14:01:57.829Z] [zip] boundary @13304: 0xfb
[2026-03-30T14:01:57.829Z] [zip] boundary @14328: 0x14
[2026-03-30T14:01:57.829Z] [zip] boundary @15352: 0x6c
[2026-03-30T14:01:57.830Z] [zip] boundary @16376: 0x50
[2026-03-30T14:01:57.830Z] [zip] boundary @17400: 0x63
[2026-03-30T14:01:57.830Z] [queue] #35 SET_BUTTONS: executing
[2026-03-30T14:01:57.830Z] [send] SET_BUTTONS: sending 18 packets
[2026-03-30T14:01:57.830Z] [send]   pkt[0] header: 7c 7c 00 01 58 44 00 00 50 4b 03 04 0a 00 00 00 ... (1024 bytes total)
[2026-03-30T14:01:57.864Z] [recv] raw 7c 7c 01 01 f6 03 00 00 01 06 01 01 00 00 00 00 ... (1024 bytes total)
[2026-03-30T14:01:57.864Z] [recv] BUTTON btn=6 pressed=true state=1 raw=[01060101]
[2026-03-30T14:01:57.914Z] [recv] raw 7c 7c 01 01 f6 03 00 00 01 05 01 00 00 00 00 00 ... (1024 bytes total)
[2026-03-30T14:01:57.915Z] [recv] BUTTON btn=5 pressed=false state=1 raw=[01050100]
[2026-03-30T14:01:57.965Z] [queue] #35 SET_BUTTONS: done
[2026-03-30T14:01:58.133Z] [recv] raw 7c 7c 01 01 f6 03 00 00 01 06 01 00 00 00 00 00 ... (1024 bytes total)
[2026-03-30T14:01:58.134Z] [recv] BUTTON btn=6 pressed=false state=1 raw=[01060100]
[2026-03-30T14:01:58.134Z] [render] SET_BUTTONS [0,1,2,3,4,5,6,7,8,9,10,11,12] (13 buttons)
[2026-03-30T14:01:58.165Z] [recv] raw 7c 7c 01 01 f6 03 00 00 01 06 01 01 00 00 00 00 ... (1024 bytes total)
[2026-03-30T14:01:58.165Z] [recv] BUTTON btn=6 pressed=true state=1 raw=[01060101]
[2026-03-30T14:01:58.169Z] [zip] manifest: {
  "0_0": {
    "State": 0,
    "ViewParam": [
      {
        "Text": "Btn 0",
        "Icon": "icons/btn_0.png"
      }
    ]
  },
  "1_0": {
    "State": 0,
    "ViewParam": [
      {
        "Text": "Btn 1",
        "Icon": "icons/btn_1.png"
      }
    ]
  },
  "2_0": {
    "State": 0,
    "ViewParam": [
      {
        "Text": "Btn 2",
        "Icon": "icons/btn_2.png"
      }
    ]
  },
  "3_0": {
    "State": 0,
    "ViewParam": [
      {
        "Text": "Btn 3",
        "Icon": "icons/btn_3.png"
      }
    ]
  },
  "4_0": {
    "State": 0,
    "ViewParam": [
      {
        "Text": "Btn 4",
        "Icon": "icons/btn_4.png"
      }
    ]
  },
  "0_1": {
    "State": 0,
    "ViewParam": [
      {
        "Text": "Btn 5",
        "Icon": "icons/btn_5.png"
      }
    ]
  },
  "1_1": {
    "State": 0,
    "ViewParam": [
      {
        "Text": "Btn 6",
        "Icon": "icons/btn_6.png"
      }
    ]
  },
  "2_1": {
    "State": 0,
    "ViewParam": [
      {
        "Text": "Btn 7",
        "Icon": "icons/btn_7.png"
      }
    ]
  },
  "3_1": {
    "State": 0,
    "ViewParam": [
      {
        "Text": "Btn 8",
        "Icon": "icons/btn_8.png"
      }
    ]
  },
  "4_1": {
    "State": 0,
    "ViewParam": [
      {
        "Text": "Btn 9",
        "Icon": "icons/btn_9.png"
      }
    ]
  },
  "0_2": {
    "State": 0,
    "ViewParam": [
      {
        "Text": "Btn 10",
        "Icon": "icons/btn_10.png"
      }
    ]
  },
  "1_2": {
    "State": 0,
    "ViewParam": [
      {
        "Text": "Btn 11",
        "Icon": "icons/btn_11.png"
      }
    ]
  },
  "2_2": {
    "State": 0,
    "ViewParam": [
      {
        "Text": "Btn 12",
        "Icon": "icons/btn_12.png"
      }
    ]
  }
}
[2026-03-30T14:01:58.170Z] [zip] size=16891 bytes, 17 packets
[2026-03-30T14:01:58.170Z] [zip] zip header: 50 4b 03 04 0a 00 00 00 00 00 3d 70 7e 5c 00 00 00 00 00 00 00 00 00 00 00 00 06 00 00 00 69 63 ... (16891 bytes total)
[2026-03-30T14:01:58.170Z] [zip] boundary @1016: 0x16
[2026-03-30T14:01:58.170Z] [zip] boundary @2040: 0x7e
[2026-03-30T14:01:58.170Z] [zip] boundary @3064: 0x5e
[2026-03-30T14:01:58.170Z] [zip] boundary @4088: 0x6a
[2026-03-30T14:01:58.170Z] [zip] boundary @5112: 0x88
[2026-03-30T14:01:58.170Z] [zip] boundary @6136: 0xd9
[2026-03-30T14:01:58.170Z] [zip] boundary @7160: 0xed
[2026-03-30T14:01:58.170Z] [zip] boundary @8184: 0x6f
[2026-03-30T14:01:58.170Z] [zip] boundary @9208: 0xac
[2026-03-30T14:01:58.170Z] [zip] boundary @10232: 0x14
[2026-03-30T14:01:58.170Z] [zip] boundary @11256: 0xf5
[2026-03-30T14:01:58.170Z] [zip] boundary @12280: 0x4c
[2026-03-30T14:01:58.170Z] [zip] boundary @13304: 0x4b
[2026-03-30T14:01:58.170Z] [zip] boundary @14328: 0x44
[2026-03-30T14:01:58.170Z] [zip] boundary @15352: 0xdd
[2026-03-30T14:01:58.170Z] [zip] boundary @16376: 0x2e
[2026-03-30T14:01:58.170Z] [queue] #36 SET_BUTTONS: executing
[2026-03-30T14:01:58.170Z] [send] SET_BUTTONS: sending 17 packets
[2026-03-30T14:01:58.170Z] [send]   pkt[0] header: 7c 7c 00 01 fb 41 00 00 50 4b 03 04 0a 00 00 00 ... (1024 bytes total)
[2026-03-30T14:01:58.227Z] [recv] raw 7c 7c 01 01 f6 03 00 00 01 0a 01 01 00 00 00 00 ... (1024 bytes total)
[2026-03-30T14:01:58.227Z] [recv] BUTTON btn=10 pressed=true state=1 raw=[010a0101]
[2026-03-30T14:01:58.287Z] [recv] raw 7c 7c 01 01 f6 03 00 00 01 0a 01 00 00 00 00 00 ... (1024 bytes total)
[2026-03-30T14:01:58.287Z] [recv] BUTTON btn=10 pressed=false state=1 raw=[010a0100]
[2026-03-30T14:01:58.308Z] [queue] #36 SET_BUTTONS: done
[2026-03-30T14:01:58.309Z] [recv] raw 7c 7c 01 01 f6 03 00 00 01 07 01 00 00 00 00 00 ... (1024 bytes total)
[2026-03-30T14:01:58.309Z] [recv] BUTTON btn=7 pressed=false state=1 raw=[01070100]
[2026-03-30T14:01:58.326Z] [render] SET_BUTTONS [0,1,2,3,4,5,6,7,8,9,10,11,12] (13 buttons)
[2026-03-30T14:01:58.330Z] [zip] manifest: {
  "0_0": {
    "State": 0,
    "ViewParam": [
      {
        "Text": "Btn 0",
        "Icon": "icons/btn_0.png"
      }
    ]
  },
  "1_0": {
    "State": 0,
    "ViewParam": [
      {
        "Text": "Btn 1",
        "Icon": "icons/btn_1.png"
      }
    ]
  },
  "2_0": {
    "State": 0,
    "ViewParam": [
      {
        "Text": "Btn 2",
        "Icon": "icons/btn_2.png"
      }
    ]
  },
  "3_0": {
    "State": 0,
    "ViewParam": [
      {
        "Text": "Btn 3",
        "Icon": "icons/btn_3.png"
      }
    ]
  },
  "4_0": {
    "State": 0,
    "ViewParam": [
      {
        "Text": "Btn 4",
        "Icon": "icons/btn_4.png"
      }
    ]
  },
  "0_1": {
    "State": 0,
    "ViewParam": [
      {
        "Text": "Btn 5",
        "Icon": "icons/btn_5.png"
      }
    ]
  },
  "1_1": {
    "State": 0,
    "ViewParam": [
      {
        "Text": "Btn 6",
        "Icon": "icons/btn_6.png"
      }
    ]
  },
  "2_1": {
    "State": 0,
    "ViewParam": [
      {
        "Text": "Btn 7",
        "Icon": "icons/btn_7.png"
      }
    ]
  },
  "3_1": {
    "State": 0,
    "ViewParam": [
      {
        "Text": "Btn 8",
        "Icon": "icons/btn_8.png"
      }
    ]
  },
  "4_1": {
    "State": 0,
    "ViewParam": [
      {
        "Text": "Btn 9",
        "Icon": "icons/btn_9.png"
      }
    ]
  },
  "0_2": {
    "State": 0,
    "ViewParam": [
      {
        "Text": "Btn 10",
        "Icon": "icons/btn_10.png"
      }
    ]
  },
  "1_2": {
    "State": 0,
    "ViewParam": [
      {
        "Text": "Btn 11",
        "Icon": "icons/btn_11.png"
      }
    ]
  },
  "2_2": {
    "State": 0,
    "ViewParam": [
      {
        "Text": "Btn 12",
        "Icon": "icons/btn_12.png"
      }
    ]
  }
}
[2026-03-30T14:01:58.330Z] [zip] size=17432 bytes, 18 packets
[2026-03-30T14:01:58.330Z] [zip] zip header: 50 4b 03 04 0a 00 00 00 00 00 3d 70 7e 5c 00 00 00 00 00 00 00 00 00 00 00 00 06 00 00 00 69 63 ... (17432 bytes total)
[2026-03-30T14:01:58.330Z] [zip] boundary @1016: 0x16
[2026-03-30T14:01:58.330Z] [zip] boundary @2040: 0x7e
[2026-03-30T14:01:58.330Z] [zip] boundary @3064: 0x5e
[2026-03-30T14:01:58.330Z] [zip] boundary @4088: 0x6a
[2026-03-30T14:01:58.330Z] [zip] boundary @5112: 0x88
[2026-03-30T14:01:58.330Z] [zip] boundary @6136: 0xd9
[2026-03-30T14:01:58.330Z] [zip] boundary @7160: 0xed
[2026-03-30T14:01:58.330Z] [zip] boundary @8184: 0x6f
[2026-03-30T14:01:58.330Z] [zip] boundary @9208: 0x15
[2026-03-30T14:01:58.330Z] [zip] boundary @10232: 0x58
[2026-03-30T14:01:58.330Z] [zip] boundary @11256: 0xc5
[2026-03-30T14:01:58.330Z] [zip] boundary @12280: 0x96
[2026-03-30T14:01:58.330Z] [zip] boundary @13304: 0x4e
[2026-03-30T14:01:58.330Z] [zip] boundary @14328: 0x77
[2026-03-30T14:01:58.330Z] [zip] boundary @15352: 0x06
[2026-03-30T14:01:58.330Z] [zip] boundary @16376: 0xb5
[2026-03-30T14:01:58.330Z] [zip] boundary @17400: 0x69
[2026-03-30T14:01:58.330Z] [queue] #37 SET_BUTTONS: executing
[2026-03-30T14:01:58.330Z] [send] SET_BUTTONS: sending 18 packets
[2026-03-30T14:01:58.330Z] [send]   pkt[0] header: 7c 7c 00 01 18 44 00 00 50 4b 03 04 0a 00 00 00 ... (1024 bytes total)
[2026-03-30T14:01:58.359Z] [recv] raw 7c 7c 01 01 f6 03 00 00 01 06 01 00 00 00 00 00 ... (1024 bytes total)
[2026-03-30T14:01:58.359Z] [recv] BUTTON btn=6 pressed=false state=1 raw=[01060100]
[2026-03-30T14:01:58.409Z] [recv] raw 7c 7c 01 01 f6 03 00 00 01 0c 01 01 00 00 00 00 ... (1024 bytes total)
[2026-03-30T14:01:58.409Z] [recv] BUTTON btn=12 pressed=true state=1 raw=[010c0101]
[2026-03-30T14:01:58.455Z] [queue] #37 SET_BUTTONS: done
[2026-03-30T14:01:58.460Z] [recv] raw 7c 7c 01 01 f6 03 00 00 01 0b 01 01 00 00 00 00 ... (1024 bytes total)
[2026-03-30T14:01:58.460Z] [recv] BUTTON btn=11 pressed=true state=1 raw=[010b0101]
[2026-03-30T14:01:58.472Z] [render] SET_BUTTONS [0,1,2,3,4,5,6,7,8,9,10,11,12] (13 buttons)
[2026-03-30T14:01:58.476Z] [zip] manifest: {
  "0_0": {
    "State": 0,
    "ViewParam": [
      {
        "Text": "Btn 0",
        "Icon": "icons/btn_0.png"
      }
    ]
  },
  "1_0": {
    "State": 0,
    "ViewParam": [
      {
        "Text": "Btn 1",
        "Icon": "icons/btn_1.png"
      }
    ]
  },
  "2_0": {
    "State": 0,
    "ViewParam": [
      {
        "Text": "Btn 2",
        "Icon": "icons/btn_2.png"
      }
    ]
  },
  "3_0": {
    "State": 0,
    "ViewParam": [
      {
        "Text": "Btn 3",
        "Icon": "icons/btn_3.png"
      }
    ]
  },
  "4_0": {
    "State": 0,
    "ViewParam": [
      {
        "Text": "Btn 4",
        "Icon": "icons/btn_4.png"
      }
    ]
  },
  "0_1": {
    "State": 0,
    "ViewParam": [
      {
        "Text": "Btn 5",
        "Icon": "icons/btn_5.png"
      }
    ]
  },
  "1_1": {
    "State": 0,
    "ViewParam": [
      {
        "Text": "Btn 6",
        "Icon": "icons/btn_6.png"
      }
    ]
  },
  "2_1": {
    "State": 0,
    "ViewParam": [
      {
        "Text": "Btn 7",
        "Icon": "icons/btn_7.png"
      }
    ]
  },
  "3_1": {
    "State": 0,
    "ViewParam": [
      {
        "Text": "Btn 8",
        "Icon": "icons/btn_8.png"
      }
    ]
  },
  "4_1": {
    "State": 0,
    "ViewParam": [
      {
        "Text": "Btn 9",
        "Icon": "icons/btn_9.png"
      }
    ]
  },
  "0_2": {
    "State": 0,
    "ViewParam": [
      {
        "Text": "Btn 10",
        "Icon": "icons/btn_10.png"
      }
    ]
  },
  "1_2": {
    "State": 0,
    "ViewParam": [
      {
        "Text": "Btn 11",
        "Icon": "icons/btn_11.png"
      }
    ]
  },
  "2_2": {
    "State": 0,
    "ViewParam": [
      {
        "Text": "Btn 12",
        "Icon": "icons/btn_12.png"
      }
    ]
  }
}
[2026-03-30T14:01:58.476Z] [zip] size=16971 bytes, 17 packets
[2026-03-30T14:01:58.476Z] [zip] boundary check FAILED attempt 1: offset 16376: 0x00
[2026-03-30T14:01:58.481Z] [zip] boundary workaround: passed on attempt 2 (dummy=8 chars)
[2026-03-30T14:01:58.481Z] [zip] zip header: 50 4b 03 04 0a 00 00 00 08 00 3d 70 7e 5c 31 d8 e4 e1 0a 00 00 00 08 00 00 00 09 00 00 00 64 75 ... (17075 bytes total)
[2026-03-30T14:01:58.481Z] [zip] boundary @1016: 0x7b
[2026-03-30T14:01:58.481Z] [zip] boundary @2040: 0xb7
[2026-03-30T14:01:58.481Z] [zip] boundary @3064: 0x86
[2026-03-30T14:01:58.481Z] [zip] boundary @4088: 0xd8
[2026-03-30T14:01:58.481Z] [zip] boundary @5112: 0x7a
[2026-03-30T14:01:58.481Z] [zip] boundary @6136: 0x13
[2026-03-30T14:01:58.481Z] [zip] boundary @7160: 0xdc
[2026-03-30T14:01:58.481Z] [zip] boundary @8184: 0x8e
[2026-03-30T14:01:58.481Z] [zip] boundary @9208: 0xf4
[2026-03-30T14:01:58.481Z] [zip] boundary @10232: 0xad
[2026-03-30T14:01:58.481Z] [zip] boundary @11256: 0x18
[2026-03-30T14:01:58.481Z] [zip] boundary @12280: 0xe9
[2026-03-30T14:01:58.481Z] [zip] boundary @13304: 0xcc
[2026-03-30T14:01:58.481Z] [zip] boundary @14328: 0x54
[2026-03-30T14:01:58.481Z] [zip] boundary @15352: 0xfc
[2026-03-30T14:01:58.481Z] [zip] boundary @16376: 0x32
[2026-03-30T14:01:58.481Z] [queue] #38 SET_BUTTONS: executing
[2026-03-30T14:01:58.481Z] [send] SET_BUTTONS: sending 17 packets
[2026-03-30T14:01:58.481Z] [send]   pkt[0] header: 7c 7c 00 01 b3 42 00 00 50 4b 03 04 0a 00 00 00 ... (1024 bytes total)
[2026-03-30T14:01:58.576Z] [recv] raw 7c 7c 01 01 f6 03 00 00 01 0c 01 00 00 00 00 00 ... (1024 bytes total)
[2026-03-30T14:01:58.576Z] [recv] BUTTON btn=12 pressed=false state=1 raw=[010c0100]
[2026-03-30T14:01:58.698Z] [recv] raw 7c 7c 01 01 f6 03 00 00 01 0c 01 01 00 00 00 00 ... (1024 bytes total)
[2026-03-30T14:01:58.698Z] [recv] BUTTON btn=12 pressed=true state=1 raw=[010c0101]
[2026-03-30T14:01:58.699Z] [queue] #38 SET_BUTTONS: done
[2026-03-30T14:01:58.760Z] [recv] raw 7c 7c 01 01 f6 03 00 00 01 0c 01 00 00 00 00 00 ... (1024 bytes total)
[2026-03-30T14:01:58.760Z] [recv] BUTTON btn=12 pressed=false state=1 raw=[010c0100]
[2026-03-30T14:01:58.760Z] [render] SET_BUTTONS [0,1,2,3,4,5,6,7,8,9,10,11,12] (13 buttons)
[2026-03-30T14:01:58.821Z] [recv] raw 7c 7c 01 01 f6 03 00 00 01 0b 01 00 00 00 00 00 ... (1024 bytes total)
[2026-03-30T14:01:58.821Z] [recv] BUTTON btn=11 pressed=false state=1 raw=[010b0100]
[2026-03-30T14:01:59.396Z] [recv] raw 7c 7c 01 01 f6 03 00 00 02 0d 01 01 00 00 00 00 ... (1024 bytes total)
[2026-03-30T14:01:59.396Z] [recv] info-window mode=2 raw=[020d0101]
[2026-03-30T14:01:59.487Z] [recv] raw 7c 7c 01 01 f6 03 00 00 02 0d 00 01 00 00 00 00 ... (1024 bytes total)
[2026-03-30T14:01:59.487Z] [recv] info-window mode=2 raw=[020d0001]
[2026-03-30T14:01:59.609Z] [recv] raw 7c 7c 01 01 f6 03 00 00 01 0d 01 01 00 00 00 00 ... (1024 bytes total)
[2026-03-30T14:01:59.609Z] [recv] info-window mode=1 raw=[010d0101]
[2026-03-30T14:01:59.716Z] [recv] raw 7c 7c 01 01 f6 03 00 00 01 0d 00 01 00 00 00 00 ... (1024 bytes total)
[2026-03-30T14:01:59.716Z] [recv] info-window mode=1 raw=[010d0001]
[2026-03-30T14:01:59.837Z] [recv] raw 7c 7c 01 01 f6 03 00 00 00 0d 01 01 00 00 00 00 ... (1024 bytes total)
[2026-03-30T14:01:59.837Z] [recv] info-window mode=0 raw=[000d0101]
[2026-03-30T14:01:59.959Z] [recv] raw 7c 7c 01 01 f6 03 00 00 00 0d 00 01 00 00 00 00 ... (1024 bytes total)
[2026-03-30T14:01:59.959Z] [recv] info-window mode=0 raw=[000d0001]
[2026-03-30T14:02:00.051Z] [recv] raw 7c 7c 01 01 f6 03 00 00 02 0d 01 01 00 00 00 00 ... (1024 bytes total)
[2026-03-30T14:02:00.054Z] [recv] info-window mode=2 raw=[020d0101]
[2026-03-30T14:02:00.187Z] [recv] raw 7c 7c 01 01 f6 03 00 00 02 0d 00 01 00 00 00 00 ... (1024 bytes total)
[2026-03-30T14:02:00.187Z] [recv] info-window mode=2 raw=[020d0001]
[2026-03-30T14:02:00.219Z] [recv] raw 7c 7c 01 01 f6 03 00 00 01 0d 01 01 00 00 00 00 ... (1024 bytes total)
[2026-03-30T14:02:00.219Z] [recv] info-window mode=1 raw=[010d0101]
[2026-03-30T14:02:00.221Z] [zip] manifest: {
  "0_0": {
    "State": 0,
    "ViewParam": [
      {
        "Text": "Btn 0",
        "Icon": "icons/btn_0.png"
      }
    ]
  },
  "1_0": {
    "State": 0,
    "ViewParam": [
      {
        "Text": "Btn 1",
        "Icon": "icons/btn_1.png"
      }
    ]
  },
  "2_0": {
    "State": 0,
    "ViewParam": [
      {
        "Text": "Btn 2",
        "Icon": "icons/btn_2.png"
      }
    ]
  },
  "3_0": {
    "State": 0,
    "ViewParam": [
      {
        "Text": "Btn 3",
        "Icon": "icons/btn_3.png"
      }
    ]
  },
  "4_0": {
    "State": 0,
    "ViewParam": [
      {
        "Text": "Btn 4",
        "Icon": "icons/btn_4.png"
      }
    ]
  },
  "0_1": {
    "State": 0,
    "ViewParam": [
      {
        "Text": "Btn 5",
        "Icon": "icons/btn_5.png"
      }
    ]
  },
  "1_1": {
    "State": 0,
    "ViewParam": [
      {
        "Text": "Btn 6",
        "Icon": "icons/btn_6.png"
      }
    ]
  },
  "2_1": {
    "State": 0,
    "ViewParam": [
      {
        "Text": "Btn 7",
        "Icon": "icons/btn_7.png"
      }
    ]
  },
  "3_1": {
    "State": 0,
    "ViewParam": [
      {
        "Text": "Btn 8",
        "Icon": "icons/btn_8.png"
      }
    ]
  },
  "4_1": {
    "State": 0,
    "ViewParam": [
      {
        "Text": "Btn 9",
        "Icon": "icons/btn_9.png"
      }
    ]
  },
  "0_2": {
    "State": 0,
    "ViewParam": [
      {
        "Text": "Btn 10",
        "Icon": "icons/btn_10.png"
      }
    ]
  },
  "1_2": {
    "State": 0,
    "ViewParam": [
      {
        "Text": "Btn 11",
        "Icon": "icons/btn_11.png"
      }
    ]
  },
  "2_2": {
    "State": 0,
    "ViewParam": [
      {
        "Text": "Btn 12",
        "Icon": "icons/btn_12.png"
      }
    ]
  }
}
[2026-03-30T14:02:00.222Z] [zip] size=16971 bytes, 17 packets
[2026-03-30T14:02:00.222Z] [zip] boundary check FAILED attempt 1: offset 16376: 0x00
[2026-03-30T14:02:00.227Z] [zip] boundary workaround: passed on attempt 2 (dummy=8 chars)
[2026-03-30T14:02:00.227Z] [zip] zip header: 50 4b 03 04 0a 00 00 00 08 00 40 70 7e 5c 62 8c 51 9d 0a 00 00 00 08 00 00 00 09 00 00 00 64 75 ... (17075 bytes total)
[2026-03-30T14:02:00.227Z] [zip] boundary @1016: 0x7b
[2026-03-30T14:02:00.227Z] [zip] boundary @2040: 0xb7
[2026-03-30T14:02:00.227Z] [zip] boundary @3064: 0x86
[2026-03-30T14:02:00.227Z] [zip] boundary @4088: 0xd8
[2026-03-30T14:02:00.227Z] [zip] boundary @5112: 0x7a
[2026-03-30T14:02:00.227Z] [zip] boundary @6136: 0x13
[2026-03-30T14:02:00.227Z] [zip] boundary @7160: 0xdc
[2026-03-30T14:02:00.227Z] [zip] boundary @8184: 0x8e
[2026-03-30T14:02:00.227Z] [zip] boundary @9208: 0xf4
[2026-03-30T14:02:00.228Z] [zip] boundary @10232: 0xad
[2026-03-30T14:02:00.228Z] [zip] boundary @11256: 0x18
[2026-03-30T14:02:00.228Z] [zip] boundary @12280: 0xe9
[2026-03-30T14:02:00.228Z] [zip] boundary @13304: 0xcc
[2026-03-30T14:02:00.228Z] [zip] boundary @14328: 0x54
[2026-03-30T14:02:00.228Z] [zip] boundary @15352: 0xfc
[2026-03-30T14:02:00.228Z] [zip] boundary @16376: 0x32
[2026-03-30T14:02:00.228Z] [queue] #39 SET_BUTTONS: executing
[2026-03-30T14:02:00.228Z] [send] SET_BUTTONS: sending 17 packets
[2026-03-30T14:02:00.228Z] [send]   pkt[0] header: 7c 7c 00 01 b3 42 00 00 50 4b 03 04 0a 00 00 00 ... (1024 bytes total)
[2026-03-30T14:02:00.400Z] [recv] raw 7c 7c 01 01 f6 03 00 00 01 0d 00 01 00 00 00 00 ... (1024 bytes total)
[2026-03-30T14:02:00.401Z] [recv] info-window mode=1 raw=[010d0001]
[2026-03-30T14:02:02.938Z] [recv] raw 7c 7c 01 01 f6 03 00 00 01 04 01 01 00 00 00 00 ... (1024 bytes total)
[2026-03-30T14:02:02.938Z] [recv] BUTTON btn=4 pressed=true state=1 raw=[01040101]
[2026-03-30T14:02:02.938Z] [queue] #39 SET_BUTTONS: done
[2026-03-30T14:02:03.075Z] [recv] raw 7c 7c 01 01 f6 03 00 00 01 04 01 00 00 00 00 00 ... (1024 bytes total)
[2026-03-30T14:02:03.075Z] [recv] BUTTON btn=4 pressed=false state=1 raw=[01040100]
[2026-03-30T14:02:03.075Z] [render] SET_BUTTONS [0,1,2,3,4,5,6,7,8,9,10,11,12] (13 buttons)
[2026-03-30T14:02:03.611Z] [recv] raw 7c 7c 01 01 f6 03 00 00 01 04 01 01 00 00 00 00 ... (1024 bytes total)
[2026-03-30T14:02:03.611Z] [recv] BUTTON btn=4 pressed=true state=1 raw=[01040101]
[2026-03-30T14:02:03.831Z] [recv] raw 7c 7c 01 01 f6 03 00 00 01 04 01 00 00 00 00 00 ... (1024 bytes total)
[2026-03-30T14:02:03.832Z] [recv] BUTTON btn=4 pressed=false state=1 raw=[01040100]
[2026-03-30T14:02:03.954Z] [recv] raw 7c 7c 01 01 f6 03 00 00 01 04 01 01 00 00 00 00 ... (1024 bytes total)
[2026-03-30T14:02:03.954Z] [recv] BUTTON btn=4 pressed=true state=1 raw=[01040101]
[2026-03-30T14:02:04.755Z] [recv] raw 7c 7c 01 01 f6 03 00 00 01 04 01 00 00 00 00 00 ... (1024 bytes total)
[2026-03-30T14:02:04.755Z] [recv] BUTTON btn=4 pressed=false state=1 raw=[01040100]
[2026-03-30T14:02:04.936Z] [recv] raw 7c 7c 01 01 f6 03 00 00 01 04 01 01 00 00 00 00 ... (1024 bytes total)
[2026-03-30T14:02:04.937Z] [recv] BUTTON btn=4 pressed=true state=1 raw=[01040101]
[2026-03-30T14:02:05.345Z] [recv] raw 7c 7c 01 01 f6 03 00 00 01 04 01 00 00 00 00 00 ... (1024 bytes total)
[2026-03-30T14:02:05.345Z] [recv] BUTTON btn=4 pressed=false state=1 raw=[01040100]
[2026-03-30T14:02:05.482Z] [recv] raw 7c 7c 01 01 f6 03 00 00 01 04 01 01 00 00 00 00 ... (1024 bytes total)
[2026-03-30T14:02:05.482Z] [recv] BUTTON btn=4 pressed=true state=1 raw=[01040101]
[2026-03-30T14:02:05.637Z] [recv] raw 7c 7c 01 01 f6 03 00 00 01 04 01 00 00 00 00 00 ... (1024 bytes total)
[2026-03-30T14:02:05.637Z] [recv] BUTTON btn=4 pressed=false state=1 raw=[01040100]
[2026-03-30T14:02:05.786Z] [recv] raw 7c 7c 01 01 f6 03 00 00 01 09 01 01 00 00 00 00 ... (1024 bytes total)
[2026-03-30T14:02:05.786Z] [recv] BUTTON btn=9 pressed=true state=1 raw=[01090101]
[2026-03-30T14:02:05.968Z] [recv] raw 7c 7c 01 01 f6 03 00 00 01 09 01 00 00 00 00 00 ... (1024 bytes total)
[2026-03-30T14:02:05.968Z] [recv] BUTTON btn=9 pressed=false state=1 raw=[01090100]
[2026-03-30T14:02:06.180Z] [recv] raw 7c 7c 01 01 f6 03 00 00 01 08 01 01 00 00 00 00 ... (1024 bytes total)
[2026-03-30T14:02:06.180Z] [recv] BUTTON btn=8 pressed=true state=1 raw=[01080101]
[2026-03-30T14:02:06.392Z] [recv] raw 7c 7c 01 01 f6 03 00 00 01 08 01 00 00 00 00 00 ... (1024 bytes total)
[2026-03-30T14:02:06.392Z] [recv] BUTTON btn=8 pressed=false state=1 raw=[01080100]
[2026-03-30T14:02:06.635Z] [recv] raw 7c 7c 01 01 f6 03 00 00 01 07 01 01 00 00 00 00 ... (1024 bytes total)
[2026-03-30T14:02:06.635Z] [recv] BUTTON btn=7 pressed=true state=1 raw=[01070101]
[2026-03-30T14:02:07.089Z] [recv] raw 7c 7c 01 01 f6 03 00 00 01 07 01 00 00 00 00 00 ... (1024 bytes total)
[2026-03-30T14:02:07.089Z] [recv] BUTTON btn=7 pressed=false state=1 raw=[01070100]
[2026-03-30T14:02:07.754Z] [recv] raw 7c 7c 01 01 f6 03 00 00 01 02 01 01 00 00 00 00 ... (1024 bytes total)
[2026-03-30T14:02:07.754Z] [recv] BUTTON btn=2 pressed=true state=1 raw=[01020101]
[2026-03-30T14:02:07.800Z] [recv] raw 7c 7c 01 01 f6 03 00 00 01 01 01 01 00 00 00 00 ... (1024 bytes total)
[2026-03-30T14:02:07.800Z] [recv] BUTTON btn=1 pressed=true state=1 raw=[01010101]
[2026-03-30T14:02:07.803Z] [zip] manifest: {
  "0_0": {
    "State": 0,
    "ViewParam": [
      {
        "Text": "Btn 0",
        "Icon": "icons/btn_0.png"
      }
    ]
  },
  "1_0": {
    "State": 0,
    "ViewParam": [
      {
        "Text": "Btn 1",
        "Icon": "icons/btn_1.png"
      }
    ]
  },
  "2_0": {
    "State": 0,
    "ViewParam": [
      {
        "Text": "Btn 2",
        "Icon": "icons/btn_2.png"
      }
    ]
  },
  "3_0": {
    "State": 0,
    "ViewParam": [
      {
        "Text": "Btn 3",
        "Icon": "icons/btn_3.png"
      }
    ]
  },
  "4_0": {
    "State": 0,
    "ViewParam": [
      {
        "Text": "Btn 4",
        "Icon": "icons/btn_4.png"
      }
    ]
  },
  "0_1": {
    "State": 0,
    "ViewParam": [
      {
        "Text": "Btn 5",
        "Icon": "icons/btn_5.png"
      }
    ]
  },
  "1_1": {
    "State": 0,
    "ViewParam": [
      {
        "Text": "Btn 6",
        "Icon": "icons/btn_6.png"
      }
    ]
  },
  "2_1": {
    "State": 0,
    "ViewParam": [
      {
        "Text": "Btn 7",
        "Icon": "icons/btn_7.png"
      }
    ]
  },
  "3_1": {
    "State": 0,
    "ViewParam": [
      {
        "Text": "Btn 8",
        "Icon": "icons/btn_8.png"
      }
    ]
  },
  "4_1": {
    "State": 0,
    "ViewParam": [
      {
        "Text": "Btn 9",
        "Icon": "icons/btn_9.png"
      }
    ]
  },
  "0_2": {
    "State": 0,
    "ViewParam": [
      {
        "Text": "Btn 10",
        "Icon": "icons/btn_10.png"
      }
    ]
  },
  "1_2": {
    "State": 0,
    "ViewParam": [
      {
        "Text": "Btn 11",
        "Icon": "icons/btn_11.png"
      }
    ]
  },
  "2_2": {
    "State": 0,
    "ViewParam": [
      {
        "Text": "Btn 12",
        "Icon": "icons/btn_12.png"
      }
    ]
  }
}
[2026-03-30T14:02:07.803Z] [zip] size=17673 bytes, 18 packets
[2026-03-30T14:02:07.803Z] [zip] zip header: 50 4b 03 04 0a 00 00 00 00 00 41 70 7e 5c 00 00 00 00 00 00 00 00 00 00 00 00 06 00 00 00 69 63 ... (17673 bytes total)
[2026-03-30T14:02:07.803Z] [zip] boundary @1016: 0x16
[2026-03-30T14:02:07.803Z] [zip] boundary @2040: 0x7e
[2026-03-30T14:02:07.803Z] [zip] boundary @3064: 0x5e
[2026-03-30T14:02:07.803Z] [zip] boundary @4088: 0x6a
[2026-03-30T14:02:07.803Z] [zip] boundary @5112: 0x88
[2026-03-30T14:02:07.803Z] [zip] boundary @6136: 0x95
[2026-03-30T14:02:07.803Z] [zip] boundary @7160: 0x50
[2026-03-30T14:02:07.803Z] [zip] boundary @8184: 0x2b
[2026-03-30T14:02:07.803Z] [zip] boundary @9208: 0x0a
[2026-03-30T14:02:07.803Z] [zip] boundary @10232: 0x8b
[2026-03-30T14:02:07.803Z] [zip] boundary @11256: 0xd3
[2026-03-30T14:02:07.803Z] [zip] boundary @12280: 0xcb
[2026-03-30T14:02:07.803Z] [zip] boundary @13304: 0xd0
[2026-03-30T14:02:07.803Z] [zip] boundary @14328: 0xcf
[2026-03-30T14:02:07.803Z] [zip] boundary @15352: 0x58
[2026-03-30T14:02:07.804Z] [zip] boundary @16376: 0x1b
[2026-03-30T14:02:07.804Z] [zip] boundary @17400: 0x5f
[2026-03-30T14:02:07.804Z] [queue] #40 SET_BUTTONS: executing
[2026-03-30T14:02:07.804Z] [send] SET_BUTTONS: sending 18 packets
[2026-03-30T14:02:07.804Z] [send]   pkt[0] header: 7c 7c 00 01 09 45 00 00 50 4b 03 04 0a 00 00 00 ... (1024 bytes total)
[2026-03-30T14:02:07.907Z] [recv] raw 7c 7c 01 01 f6 03 00 00 01 00 01 01 00 00 00 00 ... (1024 bytes total)
[2026-03-30T14:02:07.907Z] [recv] BUTTON btn=0 pressed=true state=1 raw=[01000101]
[2026-03-30T14:02:07.944Z] [recv] raw 7c 7c 01 01 f6 03 00 00 01 02 01 00 00 00 00 00 ... (1024 bytes total)
[2026-03-30T14:02:07.944Z] [recv] BUTTON btn=2 pressed=false state=1 raw=[01020100]
[2026-03-30T14:02:07.946Z] [queue] #40 SET_BUTTONS: done
[2026-03-30T14:02:08.014Z] [recv] raw 7c 7c 01 01 f6 03 00 00 01 02 01 01 00 00 00 00 ... (1024 bytes total)
[2026-03-30T14:02:08.014Z] [recv] BUTTON btn=2 pressed=true state=1 raw=[01020101]
[2026-03-30T14:02:08.015Z] [render] SET_BUTTONS [0,1,2,3,4,5,6,7,8,9,10,11,12] (13 buttons)
[2026-03-30T14:02:08.106Z] [recv] raw 7c 7c 01 01 f6 03 00 00 01 00 01 00 00 00 00 00 ... (1024 bytes total)
[2026-03-30T14:02:08.107Z] [recv] BUTTON btn=0 pressed=false state=1 raw=[01000100]
[2026-03-30T14:02:08.304Z] [recv] raw 7c 7c 01 01 f6 03 00 00 01 05 01 01 00 00 00 00 ... (1024 bytes total)
[2026-03-30T14:02:08.304Z] [recv] BUTTON btn=5 pressed=true state=1 raw=[01050101]
[2026-03-30T14:02:08.305Z] [recv] raw 7c 7c 01 01 f6 03 00 00 01 02 01 00 00 00 00 00 ... (1024 bytes total)
[2026-03-30T14:02:08.305Z] [recv] BUTTON btn=2 pressed=false state=1 raw=[01020100]
[2026-03-30T14:02:08.316Z] [zip] manifest: {
  "0_0": {
    "State": 0,
    "ViewParam": [
      {
        "Text": "Btn 0",
        "Icon": "icons/btn_0.png"
      }
    ]
  },
  "1_0": {
    "State": 0,
    "ViewParam": [
      {
        "Text": "Btn 1",
        "Icon": "icons/btn_1.png"
      }
    ]
  },
  "2_0": {
    "State": 0,
    "ViewParam": [
      {
        "Text": "Btn 2",
        "Icon": "icons/btn_2.png"
      }
    ]
  },
  "3_0": {
    "State": 0,
    "ViewParam": [
      {
        "Text": "Btn 3",
        "Icon": "icons/btn_3.png"
      }
    ]
  },
  "4_0": {
    "State": 0,
    "ViewParam": [
      {
        "Text": "Btn 4",
        "Icon": "icons/btn_4.png"
      }
    ]
  },
  "0_1": {
    "State": 0,
    "ViewParam": [
      {
        "Text": "Btn 5",
        "Icon": "icons/btn_5.png"
      }
    ]
  },
  "1_1": {
    "State": 0,
    "ViewParam": [
      {
        "Text": "Btn 6",
        "Icon": "icons/btn_6.png"
      }
    ]
  },
  "2_1": {
    "State": 0,
    "ViewParam": [
      {
        "Text": "Btn 7",
        "Icon": "icons/btn_7.png"
      }
    ]
  },
  "3_1": {
    "State": 0,
    "ViewParam": [
      {
        "Text": "Btn 8",
        "Icon": "icons/btn_8.png"
      }
    ]
  },
  "4_1": {
    "State": 0,
    "ViewParam": [
      {
        "Text": "Btn 9",
        "Icon": "icons/btn_9.png"
      }
    ]
  },
  "0_2": {
    "State": 0,
    "ViewParam": [
      {
        "Text": "Btn 10",
        "Icon": "icons/btn_10.png"
      }
    ]
  },
  "1_2": {
    "State": 0,
    "ViewParam": [
      {
        "Text": "Btn 11",
        "Icon": "icons/btn_11.png"
      }
    ]
  },
  "2_2": {
    "State": 0,
    "ViewParam": [
      {
        "Text": "Btn 12",
        "Icon": "icons/btn_12.png"
      }
    ]
  }
}
[2026-03-30T14:02:08.316Z] [zip] size=17069 bytes, 17 packets
[2026-03-30T14:02:08.316Z] [zip] zip header: 50 4b 03 04 0a 00 00 00 00 00 44 70 7e 5c 00 00 00 00 00 00 00 00 00 00 00 00 06 00 00 00 69 63 ... (17069 bytes total)
[2026-03-30T14:02:08.316Z] [zip] boundary @1016: 0xdf
[2026-03-30T14:02:08.316Z] [zip] boundary @2040: 0xd9
[2026-03-30T14:02:08.316Z] [zip] boundary @3064: 0x66
[2026-03-30T14:02:08.316Z] [zip] boundary @4088: 0x62
[2026-03-30T14:02:08.316Z] [zip] boundary @5112: 0xfe
[2026-03-30T14:02:08.316Z] [zip] boundary @6136: 0x05
[2026-03-30T14:02:08.316Z] [zip] boundary @7160: 0x05
[2026-03-30T14:02:08.316Z] [zip] boundary @8184: 0xe0
[2026-03-30T14:02:08.316Z] [zip] boundary @9208: 0x62
[2026-03-30T14:02:08.316Z] [zip] boundary @10232: 0x55
[2026-03-30T14:02:08.316Z] [zip] boundary @11256: 0x64
[2026-03-30T14:02:08.316Z] [zip] boundary @12280: 0x8a
[2026-03-30T14:02:08.316Z] [zip] boundary @13304: 0x64
[2026-03-30T14:02:08.316Z] [zip] boundary @14328: 0x77
[2026-03-30T14:02:08.316Z] [zip] boundary @15352: 0x9b
[2026-03-30T14:02:08.316Z] [zip] boundary @16376: 0x4b
[2026-03-30T14:02:08.316Z] [queue] #41 SET_BUTTONS: executing
[2026-03-30T14:02:08.316Z] [send] SET_BUTTONS: sending 17 packets
[2026-03-30T14:02:08.316Z] [send]   pkt[0] header: 7c 7c 00 01 ad 42 00 00 50 4b 03 04 0a 00 00 00 ... (1024 bytes total)
[2026-03-30T14:02:08.395Z] [recv] raw 7c 7c 01 01 f6 03 00 00 01 02 01 01 00 00 00 00 ... (1024 bytes total)
[2026-03-30T14:02:08.395Z] [recv] BUTTON btn=2 pressed=true state=1 raw=[01020101]
[2026-03-30T14:02:08.592Z] [recv] raw 7c 7c 01 01 f6 03 00 00 01 02 01 00 00 00 00 00 ... (1024 bytes total)
[2026-03-30T14:02:08.592Z] [recv] BUTTON btn=2 pressed=false state=1 raw=[01020100]
[2026-03-30T14:02:08.593Z] [queue] #41 SET_BUTTONS: done
[2026-03-30T14:02:08.593Z] [recv] raw 7c 7c 01 01 f6 03 00 00 01 01 01 00 00 00 00 00 ... (1024 bytes total)
[2026-03-30T14:02:08.593Z] [recv] BUTTON btn=1 pressed=false state=1 raw=[01010100]
[2026-03-30T14:02:08.609Z] [render] SET_BUTTONS [0,1,2,3,4,5,6,7,8,9,10,11,12] (13 buttons)
[2026-03-30T14:02:08.617Z] [zip] manifest: {
  "0_0": {
    "State": 0,
    "ViewParam": [
      {
        "Text": "Btn 0",
        "Icon": "icons/btn_0.png"
      }
    ]
  },
  "1_0": {
    "State": 0,
    "ViewParam": [
      {
        "Text": "Btn 1",
        "Icon": "icons/btn_1.png"
      }
    ]
  },
  "2_0": {
    "State": 0,
    "ViewParam": [
      {
        "Text": "Btn 2",
        "Icon": "icons/btn_2.png"
      }
    ]
  },
  "3_0": {
    "State": 0,
    "ViewParam": [
      {
        "Text": "Btn 3",
        "Icon": "icons/btn_3.png"
      }
    ]
  },
  "4_0": {
    "State": 0,
    "ViewParam": [
      {
        "Text": "Btn 4",
        "Icon": "icons/btn_4.png"
      }
    ]
  },
  "0_1": {
    "State": 0,
    "ViewParam": [
      {
        "Text": "Btn 5",
        "Icon": "icons/btn_5.png"
      }
    ]
  },
  "1_1": {
    "State": 0,
    "ViewParam": [
      {
        "Text": "Btn 6",
        "Icon": "icons/btn_6.png"
      }
    ]
  },
  "2_1": {
    "State": 0,
    "ViewParam": [
      {
        "Text": "Btn 7",
        "Icon": "icons/btn_7.png"
      }
    ]
  },
  "3_1": {
    "State": 0,
    "ViewParam": [
      {
        "Text": "Btn 8",
        "Icon": "icons/btn_8.png"
      }
    ]
  },
  "4_1": {
    "State": 0,
    "ViewParam": [
      {
        "Text": "Btn 9",
        "Icon": "icons/btn_9.png"
      }
    ]
  },
  "0_2": {
    "State": 0,
    "ViewParam": [
      {
        "Text": "Btn 10",
        "Icon": "icons/btn_10.png"
      }
    ]
  },
  "1_2": {
    "State": 0,
    "ViewParam": [
      {
        "Text": "Btn 11",
        "Icon": "icons/btn_11.png"
      }
    ]
  },
  "2_2": {
    "State": 0,
    "ViewParam": [
      {
        "Text": "Btn 12",
        "Icon": "icons/btn_12.png"
      }
    ]
  }
}
[2026-03-30T14:02:08.618Z] [zip] size=17496 bytes, 18 packets
[2026-03-30T14:02:08.618Z] [zip] zip header: 50 4b 03 04 0a 00 00 00 00 00 44 70 7e 5c 00 00 00 00 00 00 00 00 00 00 00 00 06 00 00 00 69 63 ... (17496 bytes total)
[2026-03-30T14:02:08.618Z] [zip] boundary @1016: 0x16
[2026-03-30T14:02:08.618Z] [zip] boundary @2040: 0x7e
[2026-03-30T14:02:08.618Z] [zip] boundary @3064: 0x5e
[2026-03-30T14:02:08.618Z] [zip] boundary @4088: 0x6a
[2026-03-30T14:02:08.618Z] [zip] boundary @5112: 0x88
[2026-03-30T14:02:08.618Z] [zip] boundary @6136: 0xd9
[2026-03-30T14:02:08.618Z] [zip] boundary @7160: 0x23
[2026-03-30T14:02:08.618Z] [zip] boundary @8184: 0xc4
[2026-03-30T14:02:08.618Z] [zip] boundary @9208: 0xde
[2026-03-30T14:02:08.618Z] [zip] boundary @10232: 0x35
[2026-03-30T14:02:08.618Z] [zip] boundary @11256: 0x04
[2026-03-30T14:02:08.618Z] [zip] boundary @12280: 0xe4
[2026-03-30T14:02:08.618Z] [zip] boundary @13304: 0xfb
[2026-03-30T14:02:08.618Z] [zip] boundary @14328: 0x14
[2026-03-30T14:02:08.618Z] [zip] boundary @15352: 0x6c
[2026-03-30T14:02:08.618Z] [zip] boundary @16376: 0x50
[2026-03-30T14:02:08.618Z] [zip] boundary @17400: 0x63
[2026-03-30T14:02:08.618Z] [queue] #42 SET_BUTTONS: executing
[2026-03-30T14:02:08.618Z] [send] SET_BUTTONS: sending 18 packets
[2026-03-30T14:02:08.618Z] [send]   pkt[0] header: 7c 7c 00 01 58 44 00 00 50 4b 03 04 0a 00 00 00 ... (1024 bytes total)
[2026-03-30T14:02:08.665Z] [recv] raw 7c 7c 01 01 f6 03 00 00 01 08 01 01 00 00 00 00 ... (1024 bytes total)
[2026-03-30T14:02:08.665Z] [recv] BUTTON btn=8 pressed=true state=1 raw=[01080101]
[2026-03-30T14:02:08.787Z] [recv] raw 7c 7c 01 01 f6 03 00 00 01 07 01 01 00 00 00 00 ... (1024 bytes total)
[2026-03-30T14:02:08.787Z] [recv] BUTTON btn=7 pressed=true state=1 raw=[01070101]
[2026-03-30T14:02:08.788Z] [queue] #42 SET_BUTTONS: done
[2026-03-30T14:02:08.813Z] [recv] raw 7c 7c 01 01 f6 03 00 00 01 06 01 01 00 00 00 00 ... (1024 bytes total)
[2026-03-30T14:02:08.813Z] [recv] BUTTON btn=6 pressed=true state=1 raw=[01060101]
[2026-03-30T14:02:08.814Z] [render] SET_BUTTONS [0,1,2,3,4,5,6,7,8,9,10,11,12] (13 buttons)
[2026-03-30T14:02:08.824Z] [zip] manifest: {
  "0_0": {
    "State": 0,
    "ViewParam": [
      {
        "Text": "Btn 0",
        "Icon": "icons/btn_0.png"
      }
    ]
  },
  "1_0": {
    "State": 0,
    "ViewParam": [
      {
        "Text": "Btn 1",
        "Icon": "icons/btn_1.png"
      }
    ]
  },
  "2_0": {
    "State": 0,
    "ViewParam": [
      {
        "Text": "Btn 2",
        "Icon": "icons/btn_2.png"
      }
    ]
  },
  "3_0": {
    "State": 0,
    "ViewParam": [
      {
        "Text": "Btn 3",
        "Icon": "icons/btn_3.png"
      }
    ]
  },
  "4_0": {
    "State": 0,
    "ViewParam": [
      {
        "Text": "Btn 4",
        "Icon": "icons/btn_4.png"
      }
    ]
  },
  "0_1": {
    "State": 0,
    "ViewParam": [
      {
        "Text": "Btn 5",
        "Icon": "icons/btn_5.png"
      }
    ]
  },
  "1_1": {
    "State": 0,
    "ViewParam": [
      {
        "Text": "Btn 6",
        "Icon": "icons/btn_6.png"
      }
    ]
  },
  "2_1": {
    "State": 0,
    "ViewParam": [
      {
        "Text": "Btn 7",
        "Icon": "icons/btn_7.png"
      }
    ]
  },
  "3_1": {
    "State": 0,
    "ViewParam": [
      {
        "Text": "Btn 8",
        "Icon": "icons/btn_8.png"
      }
    ]
  },
  "4_1": {
    "State": 0,
    "ViewParam": [
      {
        "Text": "Btn 9",
        "Icon": "icons/btn_9.png"
      }
    ]
  },
  "0_2": {
    "State": 0,
    "ViewParam": [
      {
        "Text": "Btn 10",
        "Icon": "icons/btn_10.png"
      }
    ]
  },
  "1_2": {
    "State": 0,
    "ViewParam": [
      {
        "Text": "Btn 11",
        "Icon": "icons/btn_11.png"
      }
    ]
  },
  "2_2": {
    "State": 0,
    "ViewParam": [
      {
        "Text": "Btn 12",
        "Icon": "icons/btn_12.png"
      }
    ]
  }
}
[2026-03-30T14:02:08.825Z] [zip] size=16189 bytes, 16 packets
[2026-03-30T14:02:08.825Z] [zip] boundary check FAILED attempt 1: offset 15352: 0x00
[2026-03-30T14:02:08.833Z] [zip] boundary check FAILED attempt 2: offset 15352: 0x00
[2026-03-30T14:02:08.837Z] [recv] raw 7c 7c 01 01 f6 03 00 00 01 05 01 00 00 00 00 00 ... (1024 bytes total)
[2026-03-30T14:02:08.838Z] [recv] BUTTON btn=5 pressed=false state=1 raw=[01050100]
[2026-03-30T14:02:08.843Z] [zip] boundary check FAILED attempt 3: offset 15352: 0x00
[2026-03-30T14:02:08.851Z] [zip] boundary check FAILED attempt 4: offset 10232: 0x7c
[2026-03-30T14:02:08.857Z] [zip] boundary workaround: passed on attempt 5 (dummy=80 chars)
[2026-03-30T14:02:08.857Z] [zip] zip header: 50 4b 03 04 0a 00 00 00 08 00 44 70 7e 5c 8d 06 cb 83 52 00 00 00 50 00 00 00 09 00 00 00 64 75 ... (16365 bytes total)
[2026-03-30T14:02:08.857Z] [zip] boundary @1016: 0xcd
[2026-03-30T14:02:08.857Z] [zip] boundary @2040: 0x8c
[2026-03-30T14:02:08.857Z] [zip] boundary @3064: 0x8e
[2026-03-30T14:02:08.857Z] [zip] boundary @4088: 0xe9
[2026-03-30T14:02:08.857Z] [zip] boundary @5112: 0x67
[2026-03-30T14:02:08.857Z] [zip] boundary @6136: 0x9d
[2026-03-30T14:02:08.857Z] [zip] boundary @7160: 0x8f
[2026-03-30T14:02:08.857Z] [zip] boundary @8184: 0x1a
[2026-03-30T14:02:08.857Z] [zip] boundary @9208: 0xf0
[2026-03-30T14:02:08.857Z] [zip] boundary @10232: 0x15
[2026-03-30T14:02:08.857Z] [zip] boundary @11256: 0x63
[2026-03-30T14:02:08.857Z] [zip] boundary @12280: 0xd1
[2026-03-30T14:02:08.857Z] [zip] boundary @13304: 0xc7
[2026-03-30T14:02:08.857Z] [zip] boundary @14328: 0xc3
[2026-03-30T14:02:08.857Z] [zip] boundary @15352: 0xc8
[2026-03-30T14:02:08.857Z] [queue] #43 SET_BUTTONS: executing
[2026-03-30T14:02:08.857Z] [send] SET_BUTTONS: sending 16 packets
[2026-03-30T14:02:08.857Z] [send]   pkt[0] header: 7c 7c 00 01 ed 3f 00 00 50 4b 03 04 0a 00 00 00 ... (1024 bytes total)
[2026-03-30T14:02:08.888Z] [recv] raw 7c 7c 01 01 f6 03 00 00 01 05 01 01 00 00 00 00 ... (1024 bytes total)
[2026-03-30T14:02:08.888Z] [recv] BUTTON btn=5 pressed=true state=1 raw=[01050101]
[2026-03-30T14:02:08.940Z] [recv] raw 7c 7c 01 01 f6 03 00 00 01 08 01 00 00 00 00 00 ... (1024 bytes total)
[2026-03-30T14:02:08.940Z] [recv] BUTTON btn=8 pressed=false state=1 raw=[01080100]
[2026-03-30T14:02:08.979Z] [queue] #43 SET_BUTTONS: done
[2026-03-30T14:02:08.991Z] [recv] raw 7c 7c 01 01 f6 03 00 00 01 06 01 00 00 00 00 00 ... (1024 bytes total)
[2026-03-30T14:02:08.991Z] [recv] BUTTON btn=6 pressed=false state=1 raw=[01060100]
[2026-03-30T14:02:08.995Z] [render] SET_BUTTONS [0,1,2,3,4,5,6,7,8,9,10,11,12] (13 buttons)
[2026-03-30T14:02:09.000Z] [zip] manifest: {
  "0_0": {
    "State": 0,
    "ViewParam": [
      {
        "Text": "Btn 0",
        "Icon": "icons/btn_0.png"
      }
    ]
  },
  "1_0": {
    "State": 0,
    "ViewParam": [
      {
        "Text": "Btn 1",
        "Icon": "icons/btn_1.png"
      }
    ]
  },
  "2_0": {
    "State": 0,
    "ViewParam": [
      {
        "Text": "Btn 2",
        "Icon": "icons/btn_2.png"
      }
    ]
  },
  "3_0": {
    "State": 0,
    "ViewParam": [
      {
        "Text": "Btn 3",
        "Icon": "icons/btn_3.png"
      }
    ]
  },
  "4_0": {
    "State": 0,
    "ViewParam": [
      {
        "Text": "Btn 4",
        "Icon": "icons/btn_4.png"
      }
    ]
  },
  "0_1": {
    "State": 0,
    "ViewParam": [
      {
        "Text": "Btn 5",
        "Icon": "icons/btn_5.png"
      }
    ]
  },
  "1_1": {
    "State": 0,
    "ViewParam": [
      {
        "Text": "Btn 6",
        "Icon": "icons/btn_6.png"
      }
    ]
  },
  "2_1": {
    "State": 0,
    "ViewParam": [
      {
        "Text": "Btn 7",
        "Icon": "icons/btn_7.png"
      }
    ]
  },
  "3_1": {
    "State": 0,
    "ViewParam": [
      {
        "Text": "Btn 8",
        "Icon": "icons/btn_8.png"
      }
    ]
  },
  "4_1": {
    "State": 0,
    "ViewParam": [
      {
        "Text": "Btn 9",
        "Icon": "icons/btn_9.png"
      }
    ]
  },
  "0_2": {
    "State": 0,
    "ViewParam": [
      {
        "Text": "Btn 10",
        "Icon": "icons/btn_10.png"
      }
    ]
  },
  "1_2": {
    "State": 0,
    "ViewParam": [
      {
        "Text": "Btn 11",
        "Icon": "icons/btn_11.png"
      }
    ]
  },
  "2_2": {
    "State": 0,
    "ViewParam": [
      {
        "Text": "Btn 12",
        "Icon": "icons/btn_12.png"
      }
    ]
  }
}
[2026-03-30T14:02:09.000Z] [zip] size=16955 bytes, 17 packets
[2026-03-30T14:02:09.001Z] [zip] zip header: 50 4b 03 04 0a 00 00 00 00 00 44 70 7e 5c 00 00 00 00 00 00 00 00 00 00 00 00 06 00 00 00 69 63 ... (16955 bytes total)
[2026-03-30T14:02:09.001Z] [zip] boundary @1016: 0x16
[2026-03-30T14:02:09.001Z] [zip] boundary @2040: 0x7e
[2026-03-30T14:02:09.001Z] [zip] boundary @3064: 0x5e
[2026-03-30T14:02:09.001Z] [zip] boundary @4088: 0x6a
[2026-03-30T14:02:09.001Z] [zip] boundary @5112: 0x88
[2026-03-30T14:02:09.001Z] [zip] boundary @6136: 0xd9
[2026-03-30T14:02:09.001Z] [zip] boundary @7160: 0x23
[2026-03-30T14:02:09.001Z] [zip] boundary @8184: 0xc4
[2026-03-30T14:02:09.001Z] [zip] boundary @9208: 0xa4
[2026-03-30T14:02:09.001Z] [zip] boundary @10232: 0xf5
[2026-03-30T14:02:09.001Z] [zip] boundary @11256: 0x11
[2026-03-30T14:02:09.001Z] [zip] boundary @12280: 0x70
[2026-03-30T14:02:09.001Z] [zip] boundary @13304: 0x60
[2026-03-30T14:02:09.001Z] [zip] boundary @14328: 0xef
[2026-03-30T14:02:09.001Z] [zip] boundary @15352: 0xf2
[2026-03-30T14:02:09.001Z] [zip] boundary @16376: 0x6e
[2026-03-30T14:02:09.001Z] [queue] #44 SET_BUTTONS: executing
[2026-03-30T14:02:09.001Z] [send] SET_BUTTONS: sending 17 packets
[2026-03-30T14:02:09.001Z] [send]   pkt[0] header: 7c 7c 00 01 3b 42 00 00 50 4b 03 04 0a 00 00 00 ... (1024 bytes total)
[2026-03-30T14:02:09.042Z] [recv] raw 7c 7c 01 01 f6 03 00 00 01 07 01 00 00 00 00 00 ... (1024 bytes total)
[2026-03-30T14:02:09.042Z] [recv] BUTTON btn=7 pressed=false state=1 raw=[01070100]
[2026-03-30T14:02:09.092Z] [recv] raw 7c 7c 01 01 f6 03 00 00 01 05 01 00 00 00 00 00 ... (1024 bytes total)
[2026-03-30T14:02:09.092Z] [recv] BUTTON btn=5 pressed=false state=1 raw=[01050100]
[2026-03-30T14:02:09.120Z] [queue] #44 SET_BUTTONS: done
[2026-03-30T14:02:09.138Z] [render] SET_BUTTONS [0,1,2,3,4,5,6,7,8,9,10,11,12] (13 buttons)
[2026-03-30T14:02:09.141Z] [zip] manifest: {
  "0_0": {
    "State": 0,
    "ViewParam": [
      {
        "Text": "Btn 0",
        "Icon": "icons/btn_0.png"
      }
    ]
  },
  "1_0": {
    "State": 0,
    "ViewParam": [
      {
        "Text": "Btn 1",
        "Icon": "icons/btn_1.png"
      }
    ]
  },
  "2_0": {
    "State": 0,
    "ViewParam": [
      {
        "Text": "Btn 2",
        "Icon": "icons/btn_2.png"
      }
    ]
  },
  "3_0": {
    "State": 0,
    "ViewParam": [
      {
        "Text": "Btn 3",
        "Icon": "icons/btn_3.png"
      }
    ]
  },
  "4_0": {
    "State": 0,
    "ViewParam": [
      {
        "Text": "Btn 4",
        "Icon": "icons/btn_4.png"
      }
    ]
  },
  "0_1": {
    "State": 0,
    "ViewParam": [
      {
        "Text": "Btn 5",
        "Icon": "icons/btn_5.png"
      }
    ]
  },
  "1_1": {
    "State": 0,
    "ViewParam": [
      {
        "Text": "Btn 6",
        "Icon": "icons/btn_6.png"
      }
    ]
  },
  "2_1": {
    "State": 0,
    "ViewParam": [
      {
        "Text": "Btn 7",
        "Icon": "icons/btn_7.png"
      }
    ]
  },
  "3_1": {
    "State": 0,
    "ViewParam": [
      {
        "Text": "Btn 8",
        "Icon": "icons/btn_8.png"
      }
    ]
  },
  "4_1": {
    "State": 0,
    "ViewParam": [
      {
        "Text": "Btn 9",
        "Icon": "icons/btn_9.png"
      }
    ]
  },
  "0_2": {
    "State": 0,
    "ViewParam": [
      {
        "Text": "Btn 10",
        "Icon": "icons/btn_10.png"
      }
    ]
  },
  "1_2": {
    "State": 0,
    "ViewParam": [
      {
        "Text": "Btn 11",
        "Icon": "icons/btn_11.png"
      }
    ]
  },
  "2_2": {
    "State": 0,
    "ViewParam": [
      {
        "Text": "Btn 12",
        "Icon": "icons/btn_12.png"
      }
    ]
  }
}
[2026-03-30T14:02:09.142Z] [zip] size=18201 bytes, 18 packets
[2026-03-30T14:02:09.142Z] [zip] zip header: 50 4b 03 04 0a 00 00 00 00 00 44 70 7e 5c 00 00 00 00 00 00 00 00 00 00 00 00 06 00 00 00 69 63 ... (18201 bytes total)
[2026-03-30T14:02:09.142Z] [zip] boundary @1016: 0x16
[2026-03-30T14:02:09.142Z] [zip] boundary @2040: 0x7e
[2026-03-30T14:02:09.142Z] [zip] boundary @3064: 0x5e
[2026-03-30T14:02:09.142Z] [zip] boundary @4088: 0x6a
[2026-03-30T14:02:09.142Z] [zip] boundary @5112: 0x88
[2026-03-30T14:02:09.142Z] [zip] boundary @6136: 0xd9
[2026-03-30T14:02:09.142Z] [zip] boundary @7160: 0xed
[2026-03-30T14:02:09.142Z] [zip] boundary @8184: 0xbe
[2026-03-30T14:02:09.142Z] [zip] boundary @9208: 0x95
[2026-03-30T14:02:09.142Z] [zip] boundary @10232: 0x29
[2026-03-30T14:02:09.142Z] [zip] boundary @11256: 0x0e
[2026-03-30T14:02:09.142Z] [zip] boundary @12280: 0xb0
[2026-03-30T14:02:09.142Z] [zip] boundary @13304: 0x40
[2026-03-30T14:02:09.142Z] [zip] boundary @14328: 0x95
[2026-03-30T14:02:09.142Z] [zip] boundary @15352: 0x4e
[2026-03-30T14:02:09.142Z] [zip] boundary @16376: 0x88
[2026-03-30T14:02:09.142Z] [zip] boundary @17400: 0x5c
[2026-03-30T14:02:09.142Z] [queue] #45 SET_BUTTONS: executing
[2026-03-30T14:02:09.142Z] [send] SET_BUTTONS: sending 18 packets
[2026-03-30T14:02:09.142Z] [send]   pkt[0] header: 7c 7c 00 01 19 47 00 00 50 4b 03 04 0a 00 00 00 ... (1024 bytes total)
[2026-03-30T14:02:09.205Z] [recv] raw 7c 7c 01 01 f6 03 00 00 01 07 01 01 00 00 00 00 ... (1024 bytes total)
[2026-03-30T14:02:09.205Z] [recv] BUTTON btn=7 pressed=true state=1 raw=[01070101]
[2026-03-30T14:02:09.251Z] [recv] raw 7c 7c 01 01 f6 03 00 00 01 06 01 01 00 00 00 00 ... (1024 bytes total)
[2026-03-30T14:02:09.251Z] [recv] BUTTON btn=6 pressed=true state=1 raw=[01060101]
[2026-03-30T14:02:09.261Z] [queue] #45 SET_BUTTONS: done
[2026-03-30T14:02:09.358Z] [recv] raw 7c 7c 01 01 f6 03 00 00 01 0a 01 01 00 00 00 00 ... (1024 bytes total)
[2026-03-30T14:02:09.358Z] [recv] BUTTON btn=10 pressed=true state=1 raw=[010a0101]
[2026-03-30T14:02:09.358Z] [render] SET_BUTTONS [0,1,2,3,4,5,6,7,8,9,10,11,12] (13 buttons)
[2026-03-30T14:02:09.497Z] [recv] raw 7c 7c 01 01 f6 03 00 00 01 07 01 00 00 00 00 00 ... (1024 bytes total)
[2026-03-30T14:02:09.497Z] [recv] BUTTON btn=7 pressed=false state=1 raw=[01070100]
[2026-03-30T14:02:09.527Z] [recv] raw 7c 7c 01 01 f6 03 00 00 01 06 01 00 00 00 00 00 ... (1024 bytes total)
[2026-03-30T14:02:09.528Z] [recv] BUTTON btn=6 pressed=false state=1 raw=[01060100]
[2026-03-30T14:02:09.533Z] [zip] manifest: {
  "0_0": {
    "State": 0,
    "ViewParam": [
      {
        "Text": "Btn 0",
        "Icon": "icons/btn_0.png"
      }
    ]
  },
  "1_0": {
    "State": 0,
    "ViewParam": [
      {
        "Text": "Btn 1",
        "Icon": "icons/btn_1.png"
      }
    ]
  },
  "2_0": {
    "State": 0,
    "ViewParam": [
      {
        "Text": "Btn 2",
        "Icon": "icons/btn_2.png"
      }
    ]
  },
  "3_0": {
    "State": 0,
    "ViewParam": [
      {
        "Text": "Btn 3",
        "Icon": "icons/btn_3.png"
      }
    ]
  },
  "4_0": {
    "State": 0,
    "ViewParam": [
      {
        "Text": "Btn 4",
        "Icon": "icons/btn_4.png"
      }
    ]
  },
  "0_1": {
    "State": 0,
    "ViewParam": [
      {
        "Text": "Btn 5",
        "Icon": "icons/btn_5.png"
      }
    ]
  },
  "1_1": {
    "State": 0,
    "ViewParam": [
      {
        "Text": "Btn 6",
        "Icon": "icons/btn_6.png"
      }
    ]
  },
  "2_1": {
    "State": 0,
    "ViewParam": [
      {
        "Text": "Btn 7",
        "Icon": "icons/btn_7.png"
      }
    ]
  },
  "3_1": {
    "State": 0,
    "ViewParam": [
      {
        "Text": "Btn 8",
        "Icon": "icons/btn_8.png"
      }
    ]
  },
  "4_1": {
    "State": 0,
    "ViewParam": [
      {
        "Text": "Btn 9",
        "Icon": "icons/btn_9.png"
      }
    ]
  },
  "0_2": {
    "State": 0,
    "ViewParam": [
      {
        "Text": "Btn 10",
        "Icon": "icons/btn_10.png"
      }
    ]
  },
  "1_2": {
    "State": 0,
    "ViewParam": [
      {
        "Text": "Btn 11",
        "Icon": "icons/btn_11.png"
      }
    ]
  },
  "2_2": {
    "State": 0,
    "ViewParam": [
      {
        "Text": "Btn 12",
        "Icon": "icons/btn_12.png"
      }
    ]
  }
}
[2026-03-30T14:02:09.534Z] [zip] size=16891 bytes, 17 packets
[2026-03-30T14:02:09.534Z] [zip] zip header: 50 4b 03 04 0a 00 00 00 00 00 44 70 7e 5c 00 00 00 00 00 00 00 00 00 00 00 00 06 00 00 00 69 63 ... (16891 bytes total)
[2026-03-30T14:02:09.534Z] [zip] boundary @1016: 0x16
[2026-03-30T14:02:09.534Z] [zip] boundary @2040: 0x7e
[2026-03-30T14:02:09.534Z] [zip] boundary @3064: 0x5e
[2026-03-30T14:02:09.534Z] [zip] boundary @4088: 0x6a
[2026-03-30T14:02:09.534Z] [zip] boundary @5112: 0x88
[2026-03-30T14:02:09.534Z] [zip] boundary @6136: 0xd9
[2026-03-30T14:02:09.534Z] [zip] boundary @7160: 0xed
[2026-03-30T14:02:09.534Z] [zip] boundary @8184: 0x6f
[2026-03-30T14:02:09.534Z] [zip] boundary @9208: 0xac
[2026-03-30T14:02:09.534Z] [zip] boundary @10232: 0x14
[2026-03-30T14:02:09.534Z] [zip] boundary @11256: 0xf5
[2026-03-30T14:02:09.534Z] [zip] boundary @12280: 0x4c
[2026-03-30T14:02:09.534Z] [zip] boundary @13304: 0x4b
[2026-03-30T14:02:09.534Z] [zip] boundary @14328: 0x44
[2026-03-30T14:02:09.534Z] [zip] boundary @15352: 0xdd
[2026-03-30T14:02:09.534Z] [zip] boundary @16376: 0x2e
[2026-03-30T14:02:09.534Z] [queue] #46 SET_BUTTONS: executing
[2026-03-30T14:02:09.534Z] [send] SET_BUTTONS: sending 17 packets
[2026-03-30T14:02:09.534Z] [send]   pkt[0] header: 7c 7c 00 01 fb 41 00 00 50 4b 03 04 0a 00 00 00 ... (1024 bytes total)
[2026-03-30T14:02:09.647Z] [recv] raw 7c 7c 01 01 f6 03 00 00 01 0a 01 00 00 00 00 00 ... (1024 bytes total)
[2026-03-30T14:02:09.647Z] [recv] BUTTON btn=10 pressed=false state=1 raw=[010a0100]
[2026-03-30T14:02:09.724Z] [recv] raw 7c 7c 01 01 f6 03 00 00 01 0c 01 01 00 00 00 00 ... (1024 bytes total)
[2026-03-30T14:02:09.724Z] [recv] BUTTON btn=12 pressed=true state=1 raw=[010c0101]
[2026-03-30T14:02:09.724Z] [queue] #46 SET_BUTTONS: done
[2026-03-30T14:02:09.724Z] [recv] raw 7c 7c 01 01 f6 03 00 00 01 0b 01 01 00 00 00 00 ... (1024 bytes total)
[2026-03-30T14:02:09.724Z] [recv] BUTTON btn=11 pressed=true state=1 raw=[010b0101]
[2026-03-30T14:02:09.742Z] [render] SET_BUTTONS [0,1,2,3,4,5,6,7,8,9,10,11,12] (13 buttons)
[2026-03-30T14:02:09.746Z] [zip] manifest: {
  "0_0": {
    "State": 0,
    "ViewParam": [
      {
        "Text": "Btn 0",
        "Icon": "icons/btn_0.png"
      }
    ]
  },
  "1_0": {
    "State": 0,
    "ViewParam": [
      {
        "Text": "Btn 1",
        "Icon": "icons/btn_1.png"
      }
    ]
  },
  "2_0": {
    "State": 0,
    "ViewParam": [
      {
        "Text": "Btn 2",
        "Icon": "icons/btn_2.png"
      }
    ]
  },
  "3_0": {
    "State": 0,
    "ViewParam": [
      {
        "Text": "Btn 3",
        "Icon": "icons/btn_3.png"
      }
    ]
  },
  "4_0": {
    "State": 0,
    "ViewParam": [
      {
        "Text": "Btn 4",
        "Icon": "icons/btn_4.png"
      }
    ]
  },
  "0_1": {
    "State": 0,
    "ViewParam": [
      {
        "Text": "Btn 5",
        "Icon": "icons/btn_5.png"
      }
    ]
  },
  "1_1": {
    "State": 0,
    "ViewParam": [
      {
        "Text": "Btn 6",
        "Icon": "icons/btn_6.png"
      }
    ]
  },
  "2_1": {
    "State": 0,
    "ViewParam": [
      {
        "Text": "Btn 7",
        "Icon": "icons/btn_7.png"
      }
    ]
  },
  "3_1": {
    "State": 0,
    "ViewParam": [
      {
        "Text": "Btn 8",
        "Icon": "icons/btn_8.png"
      }
    ]
  },
  "4_1": {
    "State": 0,
    "ViewParam": [
      {
        "Text": "Btn 9",
        "Icon": "icons/btn_9.png"
      }
    ]
  },
  "0_2": {
    "State": 0,
    "ViewParam": [
      {
        "Text": "Btn 10",
        "Icon": "icons/btn_10.png"
      }
    ]
  },
  "1_2": {
    "State": 0,
    "ViewParam": [
      {
        "Text": "Btn 11",
        "Icon": "icons/btn_11.png"
      }
    ]
  },
  "2_2": {
    "State": 0,
    "ViewParam": [
      {
        "Text": "Btn 12",
        "Icon": "icons/btn_12.png"
      }
    ]
  }
}
[2026-03-30T14:02:09.747Z] [zip] size=16971 bytes, 17 packets
[2026-03-30T14:02:09.747Z] [zip] boundary check FAILED attempt 1: offset 16376: 0x00
[2026-03-30T14:02:09.751Z] [zip] boundary workaround: passed on attempt 2 (dummy=8 chars)
[2026-03-30T14:02:09.751Z] [zip] zip header: 50 4b 03 04 0a 00 00 00 08 00 44 70 7e 5c 6f 94 a0 ab 0a 00 00 00 08 00 00 00 09 00 00 00 64 75 ... (17075 bytes total)
[2026-03-30T14:02:09.751Z] [zip] boundary @1016: 0x7b
[2026-03-30T14:02:09.751Z] [zip] boundary @2040: 0xb7
[2026-03-30T14:02:09.751Z] [zip] boundary @3064: 0x86
[2026-03-30T14:02:09.751Z] [zip] boundary @4088: 0xd8
[2026-03-30T14:02:09.751Z] [zip] boundary @5112: 0x7a
[2026-03-30T14:02:09.751Z] [zip] boundary @6136: 0x13
[2026-03-30T14:02:09.751Z] [zip] boundary @7160: 0xdc
[2026-03-30T14:02:09.751Z] [zip] boundary @8184: 0x8e
[2026-03-30T14:02:09.751Z] [zip] boundary @9208: 0xf4
[2026-03-30T14:02:09.751Z] [zip] boundary @10232: 0xad
[2026-03-30T14:02:09.751Z] [zip] boundary @11256: 0x18
[2026-03-30T14:02:09.751Z] [zip] boundary @12280: 0xe9
[2026-03-30T14:02:09.751Z] [zip] boundary @13304: 0xcc
[2026-03-30T14:02:09.751Z] [zip] boundary @14328: 0x54
[2026-03-30T14:02:09.751Z] [zip] boundary @15352: 0xfc
[2026-03-30T14:02:09.751Z] [zip] boundary @16376: 0x32
[2026-03-30T14:02:09.751Z] [queue] #47 SET_BUTTONS: executing
[2026-03-30T14:02:09.751Z] [send] SET_BUTTONS: sending 17 packets
[2026-03-30T14:02:09.751Z] [send]   pkt[0] header: 7c 7c 00 01 b3 42 00 00 50 4b 03 04 0a 00 00 00 ... (1024 bytes total)
[2026-03-30T14:02:09.862Z] [recv] raw 7c 7c 01 01 f6 03 00 00 01 0c 01 00 00 00 00 00 ... (1024 bytes total)
[2026-03-30T14:02:09.862Z] [recv] BUTTON btn=12 pressed=false state=1 raw=[010c0100]
[2026-03-30T14:02:09.998Z] [recv] raw 7c 7c 01 01 f6 03 00 00 01 0c 01 01 00 00 00 00 ... (1024 bytes total)
[2026-03-30T14:02:09.998Z] [recv] BUTTON btn=12 pressed=true state=1 raw=[010c0101]
[2026-03-30T14:02:09.998Z] [queue] #47 SET_BUTTONS: done
[2026-03-30T14:02:10.090Z] [recv] raw 7c 7c 01 01 f6 03 00 00 01 0c 01 00 00 00 00 00 ... (1024 bytes total)
[2026-03-30T14:02:10.090Z] [recv] BUTTON btn=12 pressed=false state=1 raw=[010c0100]
[2026-03-30T14:02:10.090Z] [render] SET_BUTTONS [0,1,2,3,4,5,6,7,8,9,10,11,12] (13 buttons)
[2026-03-30T14:02:10.226Z] [recv] raw 7c 7c 01 01 f6 03 00 00 01 0b 01 00 00 00 00 00 ... (1024 bytes total)
[2026-03-30T14:02:10.226Z] [recv] BUTTON btn=11 pressed=false state=1 raw=[010b0100]
[2026-03-30T14:02:16.370Z] [recv] raw 7c 7c 01 01 f6 03 00 00 01 0c 01 01 00 00 00 00 ... (1024 bytes total)
[2026-03-30T14:02:16.370Z] [recv] BUTTON btn=12 pressed=true state=1 raw=[010c0101]
[2026-03-30T14:06:25.370Z] [hid] opening device: path=DevSrvsID:4295634612
[2026-03-30T14:06:25.370Z] [hid]   vendor=2207 product=19
[2026-03-30T14:06:25.370Z] [hid]   manufacturer="Zkswe" product="ulanzi"
[2026-03-30T14:06:25.370Z] [hid]   interface=0 usage=1 usagePage=12
[2026-03-30T14:06:25.372Z] [queue] #1 SET_BRIGHTNESS: executing
[2026-03-30T14:06:25.374Z] [queue] #1 SET_BRIGHTNESS: done
[2026-03-30T14:06:25.876Z] [render] immediate SET_BUTTONS [0,1,2,3,4,5,6,7,8,9,10,11,12]
[2026-03-30T14:06:25.891Z] [zip] manifest: {
  "0_0": {
    "State": 0,
    "ViewParam": [
      {
        "Text": "Btn 0",
        "Icon": "icons/btn_0.png"
      }
    ]
  },
  "1_0": {
    "State": 0,
    "ViewParam": [
      {
        "Text": "Btn 1",
        "Icon": "icons/btn_1.png"
      }
    ]
  },
  "2_0": {
    "State": 0,
    "ViewParam": [
      {
        "Text": "Btn 2",
        "Icon": "icons/btn_2.png"
      }
    ]
  },
  "3_0": {
    "State": 0,
    "ViewParam": [
      {
        "Text": "Btn 3",
        "Icon": "icons/btn_3.png"
      }
    ]
  },
  "4_0": {
    "State": 0,
    "ViewParam": [
      {
        "Text": "Btn 4",
        "Icon": "icons/btn_4.png"
      }
    ]
  },
  "0_1": {
    "State": 0,
    "ViewParam": [
      {
        "Text": "Btn 5",
        "Icon": "icons/btn_5.png"
      }
    ]
  },
  "1_1": {
    "State": 0,
    "ViewParam": [
      {
        "Text": "Btn 6",
        "Icon": "icons/btn_6.png"
      }
    ]
  },
  "2_1": {
    "State": 0,
    "ViewParam": [
      {
        "Text": "Btn 7",
        "Icon": "icons/btn_7.png"
      }
    ]
  },
  "3_1": {
    "State": 0,
    "ViewParam": [
      {
        "Text": "Btn 8",
        "Icon": "icons/btn_8.png"
      }
    ]
  },
  "4_1": {
    "State": 0,
    "ViewParam": [
      {
        "Text": "Btn 9",
        "Icon": "icons/btn_9.png"
      }
    ]
  },
  "0_2": {
    "State": 0,
    "ViewParam": [
      {
        "Text": "Btn 10",
        "Icon": "icons/btn_10.png"
      }
    ]
  },
  "1_2": {
    "State": 0,
    "ViewParam": [
      {
        "Text": "Btn 11",
        "Icon": "icons/btn_11.png"
      }
    ]
  },
  "2_2": {
    "State": 0,
    "ViewParam": [
      {
        "Text": "Btn 12",
        "Icon": "icons/btn_12.png"
      }
    ]
  }
}
[2026-03-30T14:06:25.891Z] [zip] size=18201 bytes, 18 packets
[2026-03-30T14:06:25.891Z] [zip] zip header: 50 4b 03 04 0a 00 00 00 00 00 cc 70 7e 5c 00 00 00 00 00 00 00 00 00 00 00 00 06 00 00 00 69 63 ... (18201 bytes total)
[2026-03-30T14:06:25.891Z] [zip] boundary @1016: 0x16
[2026-03-30T14:06:25.891Z] [zip] boundary @2040: 0x7e
[2026-03-30T14:06:25.891Z] [zip] boundary @3064: 0x5e
[2026-03-30T14:06:25.891Z] [zip] boundary @4088: 0x6a
[2026-03-30T14:06:25.891Z] [zip] boundary @5112: 0x88
[2026-03-30T14:06:25.891Z] [zip] boundary @6136: 0xd9
[2026-03-30T14:06:25.891Z] [zip] boundary @7160: 0xed
[2026-03-30T14:06:25.891Z] [zip] boundary @8184: 0xbe
[2026-03-30T14:06:25.891Z] [zip] boundary @9208: 0x95
[2026-03-30T14:06:25.891Z] [zip] boundary @10232: 0x29
[2026-03-30T14:06:25.891Z] [zip] boundary @11256: 0x0e
[2026-03-30T14:06:25.891Z] [zip] boundary @12280: 0xb0
[2026-03-30T14:06:25.891Z] [zip] boundary @13304: 0x40
[2026-03-30T14:06:25.891Z] [zip] boundary @14328: 0x95
[2026-03-30T14:06:25.891Z] [zip] boundary @15352: 0x4e
[2026-03-30T14:06:25.891Z] [zip] boundary @16376: 0x88
[2026-03-30T14:06:25.891Z] [zip] boundary @17400: 0x5c
[2026-03-30T14:06:25.892Z] [queue] #2 SET_BUTTONS: executing
[2026-03-30T14:06:25.892Z] [send] SET_BUTTONS: sending 18 packets
[2026-03-30T14:06:25.892Z] [send]   pkt[0] header: 7c 7c 00 01 19 47 00 00 50 4b 03 04 0a 00 00 00 ... (1024 bytes total)
[2026-03-30T14:06:26.039Z] [queue] #2 SET_BUTTONS: done
[2026-03-30T14:06:26.565Z] [render] FULL [0,1,2,3,4,5,6,7,8,9,10,11,12] (13 buttons)
[2026-03-30T14:06:26.571Z] [zip] manifest: {
  "0_0": {
    "State": 0,
    "ViewParam": [
      {
        "Text": "Btn 0",
        "Icon": "icons/btn_0.png"
      }
    ]
  },
  "1_0": {
    "State": 0,
    "ViewParam": [
      {
        "Text": "Btn 1",
        "Icon": "icons/btn_1.png"
      }
    ]
  },
  "2_0": {
    "State": 0,
    "ViewParam": [
      {
        "Text": "Btn 2",
        "Icon": "icons/btn_2.png"
      }
    ]
  },
  "3_0": {
    "State": 0,
    "ViewParam": [
      {
        "Text": "Btn 3",
        "Icon": "icons/btn_3.png"
      }
    ]
  },
  "4_0": {
    "State": 0,
    "ViewParam": [
      {
        "Text": "Btn 4",
        "Icon": "icons/btn_4.png"
      }
    ]
  },
  "0_1": {
    "State": 0,
    "ViewParam": [
      {
        "Text": "Btn 5",
        "Icon": "icons/btn_5.png"
      }
    ]
  },
  "1_1": {
    "State": 0,
    "ViewParam": [
      {
        "Text": "Btn 6",
        "Icon": "icons/btn_6.png"
      }
    ]
  },
  "2_1": {
    "State": 0,
    "ViewParam": [
      {
        "Text": "Btn 7",
        "Icon": "icons/btn_7.png"
      }
    ]
  },
  "3_1": {
    "State": 0,
    "ViewParam": [
      {
        "Text": "Btn 8",
        "Icon": "icons/btn_8.png"
      }
    ]
  },
  "4_1": {
    "State": 0,
    "ViewParam": [
      {
        "Text": "Btn 9",
        "Icon": "icons/btn_9.png"
      }
    ]
  },
  "0_2": {
    "State": 0,
    "ViewParam": [
      {
        "Text": "Btn 10",
        "Icon": "icons/btn_10.png"
      }
    ]
  },
  "1_2": {
    "State": 0,
    "ViewParam": [
      {
        "Text": "Btn 11",
        "Icon": "icons/btn_11.png"
      }
    ]
  },
  "2_2": {
    "State": 0,
    "ViewParam": [
      {
        "Text": "Btn 12",
        "Icon": "icons/btn_12.png"
      }
    ]
  }
}
[2026-03-30T14:06:26.571Z] [zip] size=17448 bytes, 18 packets
[2026-03-30T14:06:26.571Z] [zip] boundary check FAILED attempt 1: offset 17400: 0x00
[2026-03-30T14:06:26.578Z] [zip] boundary workaround: passed on attempt 2 (dummy=8 chars)
[2026-03-30T14:06:26.578Z] [zip] zip header: 50 4b 03 04 0a 00 00 00 08 00 cd 70 7e 5c b1 0a 0d 6c 0a 00 00 00 08 00 00 00 09 00 00 00 64 75 ... (17552 bytes total)
[2026-03-30T14:06:26.578Z] [zip] boundary @1016: 0x33
[2026-03-30T14:06:26.578Z] [zip] boundary @2040: 0x0b
[2026-03-30T14:06:26.578Z] [zip] boundary @3064: 0x6e
[2026-03-30T14:06:26.578Z] [zip] boundary @4088: 0xbf
[2026-03-30T14:06:26.578Z] [zip] boundary @5112: 0xf1
[2026-03-30T14:06:26.578Z] [zip] boundary @6136: 0xb7
[2026-03-30T14:06:26.578Z] [zip] boundary @7160: 0x28
[2026-03-30T14:06:26.578Z] [zip] boundary @8184: 0xb6
[2026-03-30T14:06:26.578Z] [zip] boundary @9208: 0xff
[2026-03-30T14:06:26.578Z] [zip] boundary @10232: 0xd2
[2026-03-30T14:06:26.578Z] [zip] boundary @11256: 0x01
[2026-03-30T14:06:26.578Z] [zip] boundary @12280: 0x83
[2026-03-30T14:06:26.578Z] [zip] boundary @13304: 0x12
[2026-03-30T14:06:26.578Z] [zip] boundary @14328: 0xc1
[2026-03-30T14:06:26.578Z] [zip] boundary @15352: 0xb7
[2026-03-30T14:06:26.578Z] [zip] boundary @16376: 0x91
[2026-03-30T14:06:26.578Z] [zip] boundary @17400: 0x74
[2026-03-30T14:06:26.578Z] [queue] #3 SET_BUTTONS: executing
[2026-03-30T14:06:26.578Z] [send] SET_BUTTONS: sending 18 packets
[2026-03-30T14:06:26.578Z] [send]   pkt[0] header: 7c 7c 00 01 90 44 00 00 50 4b 03 04 0a 00 00 00 ... (1024 bytes total)
[2026-03-30T14:06:26.712Z] [queue] #3 SET_BUTTONS: done
[2026-03-30T14:06:27.235Z] [render] PARTIAL [0] (1 buttons)
[2026-03-30T14:06:27.236Z] [zip] manifest: {
  "0_0": {
    "State": 0,
    "ViewParam": [
      {
        "Text": "Btn 0",
        "Icon": "icons/btn_0.png"
      }
    ]
  }
}
[2026-03-30T14:06:27.236Z] [zip] size=1764 bytes, 2 packets
[2026-03-30T14:06:27.236Z] [zip] zip header: 50 4b 03 04 0a 00 00 00 00 00 cd 70 7e 5c 00 00 00 00 00 00 00 00 00 00 00 00 06 00 00 00 69 63 ... (1764 bytes total)
[2026-03-30T14:06:27.236Z] [zip] boundary @1016: 0x16
[2026-03-30T14:06:27.236Z] [queue] #4 PARTIAL_UPDATE: executing
[2026-03-30T14:06:27.236Z] [send] PARTIAL_UPDATE: sending 2 packets
[2026-03-30T14:06:27.236Z] [send]   pkt[0] header: 7c 7c 00 0d e4 06 00 00 50 4b 03 04 0a 00 00 00 ... (1024 bytes total)
[2026-03-30T14:06:27.346Z] [queue] #4 PARTIAL_UPDATE: done
[2026-03-30T14:06:27.867Z] [render] PARTIAL [1] (1 buttons)
[2026-03-30T14:06:27.868Z] [zip] manifest: {
  "1_0": {
    "State": 0,
    "ViewParam": [
      {
        "Text": "Btn 1",
        "Icon": "icons/btn_1.png"
      }
    ]
  }
}
[2026-03-30T14:06:27.868Z] [zip] size=1011 bytes, 1 packets
[2026-03-30T14:06:27.868Z] [zip] zip header: 50 4b 03 04 0a 00 00 00 00 00 cd 70 7e 5c 00 00 00 00 00 00 00 00 00 00 00 00 06 00 00 00 69 63 ... (1011 bytes total)
[2026-03-30T14:06:27.868Z] [queue] #5 PARTIAL_UPDATE: executing
[2026-03-30T14:06:27.868Z] [send] PARTIAL_UPDATE: sending 1 packets
[2026-03-30T14:06:27.868Z] [send]   pkt[0] header: 7c 7c 00 0d f3 03 00 00 50 4b 03 04 0a 00 00 00 ... (1024 bytes total)
[2026-03-30T14:06:27.970Z] [queue] #5 PARTIAL_UPDATE: done
[2026-03-30T14:06:28.490Z] [render] PARTIAL [1] (1 buttons)
[2026-03-30T14:06:28.493Z] [zip] manifest: {
  "1_0": {
    "State": 0,
    "ViewParam": [
      {
        "Text": "Btn 1",
        "Icon": "icons/btn_1.png"
      }
    ]
  }
}
[2026-03-30T14:06:28.493Z] [zip] size=1390 bytes, 2 packets
[2026-03-30T14:06:28.493Z] [zip] zip header: 50 4b 03 04 0a 00 00 00 00 00 ce 70 7e 5c 00 00 00 00 00 00 00 00 00 00 00 00 06 00 00 00 69 63 ... (1390 bytes total)
[2026-03-30T14:06:28.493Z] [zip] boundary @1016: 0xda
[2026-03-30T14:06:28.493Z] [queue] #6 PARTIAL_UPDATE: executing
[2026-03-30T14:06:28.493Z] [send] PARTIAL_UPDATE: sending 2 packets
[2026-03-30T14:06:28.493Z] [send]   pkt[0] header: 7c 7c 00 0d 6e 05 00 00 50 4b 03 04 0a 00 00 00 ... (1024 bytes total)
[2026-03-30T14:06:28.598Z] [queue] #6 PARTIAL_UPDATE: done
[2026-03-30T14:06:29.125Z] [render] PARTIAL [2] (1 buttons)
[2026-03-30T14:06:29.126Z] [zip] manifest: {
  "2_0": {
    "State": 0,
    "ViewParam": [
      {
        "Text": "Btn 2",
        "Icon": "icons/btn_2.png"
      }
    ]
  }
}
[2026-03-30T14:06:29.126Z] [zip] size=1011 bytes, 1 packets
[2026-03-30T14:06:29.126Z] [zip] zip header: 50 4b 03 04 0a 00 00 00 00 00 ce 70 7e 5c 00 00 00 00 00 00 00 00 00 00 00 00 06 00 00 00 69 63 ... (1011 bytes total)
[2026-03-30T14:06:29.126Z] [queue] #7 PARTIAL_UPDATE: executing
[2026-03-30T14:06:29.126Z] [send] PARTIAL_UPDATE: sending 1 packets
[2026-03-30T14:06:29.126Z] [send]   pkt[0] header: 7c 7c 00 0d f3 03 00 00 50 4b 03 04 0a 00 00 00 ... (1024 bytes total)
[2026-03-30T14:06:29.228Z] [queue] #7 PARTIAL_UPDATE: done
[2026-03-30T14:06:29.755Z] [render] PARTIAL [2] (1 buttons)
[2026-03-30T14:06:29.757Z] [zip] manifest: {
  "2_0": {
    "State": 0,
    "ViewParam": [
      {
        "Text": "Btn 2",
        "Icon": "icons/btn_2.png"
      }
    ]
  }
}
[2026-03-30T14:06:29.757Z] [zip] size=1646 bytes, 2 packets
[2026-03-30T14:06:29.757Z] [zip] zip header: 50 4b 03 04 0a 00 00 00 00 00 ce 70 7e 5c 00 00 00 00 00 00 00 00 00 00 00 00 06 00 00 00 69 63 ... (1646 bytes total)
[2026-03-30T14:06:29.757Z] [zip] boundary @1016: 0xf6
[2026-03-30T14:06:29.757Z] [queue] #8 PARTIAL_UPDATE: executing
[2026-03-30T14:06:29.757Z] [send] PARTIAL_UPDATE: sending 2 packets
[2026-03-30T14:06:29.757Z] [send]   pkt[0] header: 7c 7c 00 0d 6e 06 00 00 50 4b 03 04 0a 00 00 00 ... (1024 bytes total)
[2026-03-30T14:06:29.859Z] [queue] #8 PARTIAL_UPDATE: done
[2026-03-30T14:06:30.379Z] [render] PARTIAL [0] (1 buttons)
[2026-03-30T14:06:30.380Z] [zip] manifest: {
  "0_0": {
    "State": 0,
    "ViewParam": [
      {
        "Text": "Btn 0",
        "Icon": "icons/btn_0.png"
      }
    ]
  }
}
[2026-03-30T14:06:30.380Z] [zip] size=1011 bytes, 1 packets
[2026-03-30T14:06:30.380Z] [zip] zip header: 50 4b 03 04 0a 00 00 00 00 00 cf 70 7e 5c 00 00 00 00 00 00 00 00 00 00 00 00 06 00 00 00 69 63 ... (1011 bytes total)
[2026-03-30T14:06:30.380Z] [queue] #9 PARTIAL_UPDATE: executing
[2026-03-30T14:06:30.380Z] [send] PARTIAL_UPDATE: sending 1 packets
[2026-03-30T14:06:30.380Z] [send]   pkt[0] header: 7c 7c 00 0d f3 03 00 00 50 4b 03 04 0a 00 00 00 ... (1024 bytes total)
[2026-03-30T14:06:30.481Z] [queue] #9 PARTIAL_UPDATE: done
[2026-03-30T14:06:30.500Z] [render] PARTIAL [1] (1 buttons)
[2026-03-30T14:06:30.501Z] [zip] manifest: {
  "1_0": {
    "State": 0,
    "ViewParam": [
      {
        "Text": "Btn 1",
        "Icon": "icons/btn_1.png"
      }
    ]
  }
}
[2026-03-30T14:06:30.501Z] [zip] size=1011 bytes, 1 packets
[2026-03-30T14:06:30.501Z] [zip] zip header: 50 4b 03 04 0a 00 00 00 00 00 cf 70 7e 5c 00 00 00 00 00 00 00 00 00 00 00 00 06 00 00 00 69 63 ... (1011 bytes total)
[2026-03-30T14:06:30.501Z] [queue] #10 PARTIAL_UPDATE: executing
[2026-03-30T14:06:30.501Z] [send] PARTIAL_UPDATE: sending 1 packets
[2026-03-30T14:06:30.501Z] [send]   pkt[0] header: 7c 7c 00 0d f3 03 00 00 50 4b 03 04 0a 00 00 00 ... (1024 bytes total)
[2026-03-30T14:06:30.602Z] [queue] #10 PARTIAL_UPDATE: done
[2026-03-30T14:06:30.620Z] [render] PARTIAL [2] (1 buttons)
[2026-03-30T14:06:30.621Z] [zip] manifest: {
  "2_0": {
    "State": 0,
    "ViewParam": [
      {
        "Text": "Btn 2",
        "Icon": "icons/btn_2.png"
      }
    ]
  }
}
[2026-03-30T14:06:30.621Z] [zip] size=1011 bytes, 1 packets
[2026-03-30T14:06:30.621Z] [zip] zip header: 50 4b 03 04 0a 00 00 00 00 00 cf 70 7e 5c 00 00 00 00 00 00 00 00 00 00 00 00 06 00 00 00 69 63 ... (1011 bytes total)
[2026-03-30T14:06:30.621Z] [queue] #11 PARTIAL_UPDATE: executing
[2026-03-30T14:06:30.621Z] [send] PARTIAL_UPDATE: sending 1 packets
[2026-03-30T14:06:30.621Z] [send]   pkt[0] header: 7c 7c 00 0d f3 03 00 00 50 4b 03 04 0a 00 00 00 ... (1024 bytes total)
[2026-03-30T14:06:30.722Z] [queue] #11 PARTIAL_UPDATE: done
[2026-03-30T14:06:30.740Z] [render] PARTIAL [3] (1 buttons)
[2026-03-30T14:06:30.741Z] [zip] manifest: {
  "3_0": {
    "State": 0,
    "ViewParam": [
      {
        "Text": "Btn 3",
        "Icon": "icons/btn_3.png"
      }
    ]
  }
}
[2026-03-30T14:06:30.741Z] [zip] size=1011 bytes, 1 packets
[2026-03-30T14:06:30.741Z] [zip] zip header: 50 4b 03 04 0a 00 00 00 00 00 cf 70 7e 5c 00 00 00 00 00 00 00 00 00 00 00 00 06 00 00 00 69 63 ... (1011 bytes total)
[2026-03-30T14:06:30.741Z] [queue] #12 PARTIAL_UPDATE: executing
[2026-03-30T14:06:30.741Z] [send] PARTIAL_UPDATE: sending 1 packets
[2026-03-30T14:06:30.741Z] [send]   pkt[0] header: 7c 7c 00 0d f3 03 00 00 50 4b 03 04 0a 00 00 00 ... (1024 bytes total)
[2026-03-30T14:06:30.842Z] [queue] #12 PARTIAL_UPDATE: done
[2026-03-30T14:06:30.860Z] [render] PARTIAL [4] (1 buttons)
[2026-03-30T14:06:30.862Z] [zip] manifest: {
  "4_0": {
    "State": 0,
    "ViewParam": [
      {
        "Text": "Btn 4",
        "Icon": "icons/btn_4.png"
      }
    ]
  }
}
[2026-03-30T14:06:30.862Z] [zip] size=1011 bytes, 1 packets
[2026-03-30T14:06:30.862Z] [zip] zip header: 50 4b 03 04 0a 00 00 00 00 00 cf 70 7e 5c 00 00 00 00 00 00 00 00 00 00 00 00 06 00 00 00 69 63 ... (1011 bytes total)
[2026-03-30T14:06:30.862Z] [queue] #13 PARTIAL_UPDATE: executing
[2026-03-30T14:06:30.862Z] [send] PARTIAL_UPDATE: sending 1 packets
[2026-03-30T14:06:30.862Z] [send]   pkt[0] header: 7c 7c 00 0d f3 03 00 00 50 4b 03 04 0a 00 00 00 ... (1024 bytes total)
[2026-03-30T14:06:30.964Z] [queue] #13 PARTIAL_UPDATE: done
[2026-03-30T14:06:31.983Z] [render] PARTIAL [0] (1 buttons)
[2026-03-30T14:06:31.984Z] [zip] manifest: {
  "0_0": {
    "State": 0,
    "ViewParam": [
      {
        "Text": "Btn 0",
        "Icon": "icons/btn_0.png"
      }
    ]
  }
}
[2026-03-30T14:06:31.984Z] [zip] size=1764 bytes, 2 packets
[2026-03-30T14:06:31.984Z] [zip] zip header: 50 4b 03 04 0a 00 00 00 00 00 cf 70 7e 5c 00 00 00 00 00 00 00 00 00 00 00 00 06 00 00 00 69 63 ... (1764 bytes total)
[2026-03-30T14:06:31.984Z] [zip] boundary @1016: 0x16
[2026-03-30T14:06:31.984Z] [queue] #14 PARTIAL_UPDATE: executing
[2026-03-30T14:06:31.984Z] [send] PARTIAL_UPDATE: sending 2 packets
[2026-03-30T14:06:31.984Z] [send]   pkt[0] header: 7c 7c 00 0d e4 06 00 00 50 4b 03 04 0a 00 00 00 ... (1024 bytes total)
[2026-03-30T14:06:32.086Z] [queue] #14 PARTIAL_UPDATE: done
[2026-03-30T14:06:32.105Z] [render] PARTIAL [1] (1 buttons)
[2026-03-30T14:06:32.108Z] [zip] manifest: {
  "1_0": {
    "State": 0,
    "ViewParam": [
      {
        "Text": "Btn 1",
        "Icon": "icons/btn_1.png"
      }
    ]
  }
}
[2026-03-30T14:06:32.108Z] [zip] size=1390 bytes, 2 packets
[2026-03-30T14:06:32.108Z] [zip] zip header: 50 4b 03 04 0a 00 00 00 00 00 d0 70 7e 5c 00 00 00 00 00 00 00 00 00 00 00 00 06 00 00 00 69 63 ... (1390 bytes total)
[2026-03-30T14:06:32.108Z] [zip] boundary @1016: 0xda
[2026-03-30T14:06:32.108Z] [queue] #15 PARTIAL_UPDATE: executing
[2026-03-30T14:06:32.108Z] [send] PARTIAL_UPDATE: sending 2 packets
[2026-03-30T14:06:32.108Z] [send]   pkt[0] header: 7c 7c 00 0d 6e 05 00 00 50 4b 03 04 0a 00 00 00 ... (1024 bytes total)
[2026-03-30T14:06:32.211Z] [queue] #15 PARTIAL_UPDATE: done
[2026-03-30T14:06:32.232Z] [render] PARTIAL [2] (1 buttons)
[2026-03-30T14:06:32.233Z] [zip] manifest: {
  "2_0": {
    "State": 0,
    "ViewParam": [
      {
        "Text": "Btn 2",
        "Icon": "icons/btn_2.png"
      }
    ]
  }
}
[2026-03-30T14:06:32.233Z] [zip] size=1646 bytes, 2 packets
[2026-03-30T14:06:32.233Z] [zip] zip header: 50 4b 03 04 0a 00 00 00 00 00 d0 70 7e 5c 00 00 00 00 00 00 00 00 00 00 00 00 06 00 00 00 69 63 ... (1646 bytes total)
[2026-03-30T14:06:32.233Z] [zip] boundary @1016: 0xf6
[2026-03-30T14:06:32.233Z] [queue] #16 PARTIAL_UPDATE: executing
[2026-03-30T14:06:32.233Z] [send] PARTIAL_UPDATE: sending 2 packets
[2026-03-30T14:06:32.233Z] [send]   pkt[0] header: 7c 7c 00 0d 6e 06 00 00 50 4b 03 04 0a 00 00 00 ... (1024 bytes total)
[2026-03-30T14:06:32.335Z] [queue] #16 PARTIAL_UPDATE: done
[2026-03-30T14:06:32.356Z] [render] PARTIAL [3] (1 buttons)
[2026-03-30T14:06:32.357Z] [zip] manifest: {
  "3_0": {
    "State": 0,
    "ViewParam": [
      {
        "Text": "Btn 3",
        "Icon": "icons/btn_3.png"
      }
    ]
  }
}
[2026-03-30T14:06:32.357Z] [zip] size=1799 bytes, 2 packets
[2026-03-30T14:06:32.357Z] [zip] zip header: 50 4b 03 04 0a 00 00 00 00 00 d0 70 7e 5c 00 00 00 00 00 00 00 00 00 00 00 00 06 00 00 00 69 63 ... (1799 bytes total)
[2026-03-30T14:06:32.357Z] [zip] boundary @1016: 0x61
[2026-03-30T14:06:32.357Z] [queue] #17 PARTIAL_UPDATE: executing
[2026-03-30T14:06:32.357Z] [send] PARTIAL_UPDATE: sending 2 packets
[2026-03-30T14:06:32.357Z] [send]   pkt[0] header: 7c 7c 00 0d 07 07 00 00 50 4b 03 04 0a 00 00 00 ... (1024 bytes total)
[2026-03-30T14:06:32.459Z] [queue] #17 PARTIAL_UPDATE: done
[2026-03-30T14:06:32.477Z] [render] PARTIAL [4] (1 buttons)
[2026-03-30T14:06:32.478Z] [zip] manifest: {
  "4_0": {
    "State": 0,
    "ViewParam": [
      {
        "Text": "Btn 4",
        "Icon": "icons/btn_4.png"
      }
    ]
  }
}
[2026-03-30T14:06:32.478Z] [zip] size=1539 bytes, 2 packets
[2026-03-30T14:06:32.478Z] [zip] zip header: 50 4b 03 04 0a 00 00 00 00 00 d0 70 7e 5c 00 00 00 00 00 00 00 00 00 00 00 00 06 00 00 00 69 63 ... (1539 bytes total)
[2026-03-30T14:06:32.478Z] [zip] boundary @1016: 0x63
[2026-03-30T14:06:32.478Z] [queue] #18 PARTIAL_UPDATE: executing
[2026-03-30T14:06:32.478Z] [send] PARTIAL_UPDATE: sending 2 packets
[2026-03-30T14:06:32.478Z] [send]   pkt[0] header: 7c 7c 00 0d 03 06 00 00 50 4b 03 04 0a 00 00 00 ... (1024 bytes total)
[2026-03-30T14:06:32.581Z] [queue] #18 PARTIAL_UPDATE: done
[2026-03-30T14:06:32.633Z] [recv] raw 7c 7c 01 01 f6 03 00 00 01 08 01 01 00 00 00 00 ... (1024 bytes total)
[2026-03-30T14:06:32.633Z] [recv] BUTTON btn=8 pressed=true state=1 raw=[01080101]
[2026-03-30T14:06:32.652Z] [render] PARTIAL [8] (1 buttons)
[2026-03-30T14:06:32.665Z] [zip] manifest: {
  "3_1": {
    "State": 0,
    "ViewParam": [
      {
        "Text": "Btn 8",
        "Icon": "icons/btn_8.png"
      }
    ]
  }
}
[2026-03-30T14:06:32.665Z] [zip] size=1011 bytes, 1 packets
[2026-03-30T14:06:32.665Z] [zip] zip header: 50 4b 03 04 0a 00 00 00 00 00 d0 70 7e 5c 00 00 00 00 00 00 00 00 00 00 00 00 06 00 00 00 69 63 ... (1011 bytes total)
[2026-03-30T14:06:32.665Z] [queue] #19 PARTIAL_UPDATE: executing
[2026-03-30T14:06:32.665Z] [send] PARTIAL_UPDATE: sending 1 packets
[2026-03-30T14:06:32.665Z] [send]   pkt[0] header: 7c 7c 00 0d f3 03 00 00 50 4b 03 04 0a 00 00 00 ... (1024 bytes total)
[2026-03-30T14:06:32.683Z] [recv] raw 7c 7c 01 01 f6 03 00 00 01 08 01 00 00 00 00 00 ... (1024 bytes total)
[2026-03-30T14:06:32.683Z] [recv] BUTTON btn=8 pressed=false state=1 raw=[01080100]
[2026-03-30T14:06:32.734Z] [recv] raw 7c 7c 01 01 f6 03 00 00 01 09 01 01 00 00 00 00 ... (1024 bytes total)
[2026-03-30T14:06:32.734Z] [recv] BUTTON btn=9 pressed=true state=1 raw=[01090101]
[2026-03-30T14:06:32.768Z] [queue] #19 PARTIAL_UPDATE: done
[2026-03-30T14:06:32.784Z] [recv] raw 7c 7c 01 01 f6 03 00 00 01 09 01 00 00 00 00 00 ... (1024 bytes total)
[2026-03-30T14:06:32.784Z] [recv] BUTTON btn=9 pressed=false state=1 raw=[01090100]
[2026-03-30T14:06:32.785Z] [render] PARTIAL [8,9] (2 buttons)
[2026-03-30T14:06:32.786Z] [zip] manifest: {
  "3_1": {
    "State": 0,
    "ViewParam": [
      {
        "Text": "Btn 8",
        "Icon": "icons/btn_8.png"
      }
    ]
  },
  "4_1": {
    "State": 0,
    "ViewParam": [
      {
        "Text": "Btn 9",
        "Icon": "icons/btn_9.png"
      }
    ]
  }
}
[2026-03-30T14:06:32.786Z] [zip] size=2496 bytes, 3 packets
[2026-03-30T14:06:32.786Z] [zip] zip header: 50 4b 03 04 0a 00 00 00 00 00 d0 70 7e 5c 00 00 00 00 00 00 00 00 00 00 00 00 06 00 00 00 69 63 ... (2496 bytes total)
[2026-03-30T14:06:32.786Z] [zip] boundary @1016: 0xae
[2026-03-30T14:06:32.786Z] [zip] boundary @2040: 0x9d
[2026-03-30T14:06:32.786Z] [queue] #20 PARTIAL_UPDATE: executing
[2026-03-30T14:06:32.786Z] [send] PARTIAL_UPDATE: sending 3 packets
[2026-03-30T14:06:32.786Z] [send]   pkt[0] header: 7c 7c 00 0d c0 09 00 00 50 4b 03 04 0a 00 00 00 ... (1024 bytes total)
[2026-03-30T14:06:32.840Z] [recv] raw 7c 7c 01 01 f6 03 00 00 01 09 01 01 00 00 00 00 ... (1024 bytes total)
[2026-03-30T14:06:32.840Z] [recv] BUTTON btn=9 pressed=true state=1 raw=[01090101]
[2026-03-30T14:06:32.887Z] [recv] raw 7c 7c 01 01 f6 03 00 00 01 09 01 00 00 00 00 00 ... (1024 bytes total)
[2026-03-30T14:06:32.887Z] [recv] BUTTON btn=9 pressed=false state=1 raw=[01090100]
[2026-03-30T14:06:32.888Z] [queue] #20 PARTIAL_UPDATE: done
[2026-03-30T14:06:32.905Z] [render] PARTIAL [9] (1 buttons)
[2026-03-30T14:06:32.907Z] [zip] manifest: {
  "4_1": {
    "State": 0,
    "ViewParam": [
      {
        "Text": "Btn 9",
        "Icon": "icons/btn_9.png"
      }
    ]
  }
}
[2026-03-30T14:06:32.907Z] [zip] size=1787 bytes, 2 packets
[2026-03-30T14:06:32.907Z] [zip] zip header: 50 4b 03 04 0a 00 00 00 00 00 d0 70 7e 5c 00 00 00 00 00 00 00 00 00 00 00 00 06 00 00 00 69 63 ... (1787 bytes total)
[2026-03-30T14:06:32.907Z] [zip] boundary @1016: 0xc8
[2026-03-30T14:06:32.907Z] [queue] #21 PARTIAL_UPDATE: executing
[2026-03-30T14:06:32.907Z] [send] PARTIAL_UPDATE: sending 2 packets
[2026-03-30T14:06:32.907Z] [send]   pkt[0] header: 7c 7c 00 0d fb 06 00 00 50 4b 03 04 0a 00 00 00 ... (1024 bytes total)
[2026-03-30T14:06:32.938Z] [recv] raw 7c 7c 01 01 f6 03 00 00 01 09 01 01 00 00 00 00 ... (1024 bytes total)
[2026-03-30T14:06:32.938Z] [recv] BUTTON btn=9 pressed=true state=1 raw=[01090101]
[2026-03-30T14:06:32.995Z] [recv] raw 7c 7c 01 01 f6 03 00 00 01 09 01 00 00 00 00 00 ... (1024 bytes total)
[2026-03-30T14:06:32.995Z] [recv] BUTTON btn=9 pressed=false state=1 raw=[01090100]
[2026-03-30T14:06:33.009Z] [queue] #21 PARTIAL_UPDATE: done
[2026-03-30T14:06:33.026Z] [render] PARTIAL [9] (1 buttons)
[2026-03-30T14:06:33.027Z] [zip] manifest: {
  "4_1": {
    "State": 0,
    "ViewParam": [
      {
        "Text": "Btn 9",
        "Icon": "icons/btn_9.png"
      }
    ]
  }
}
[2026-03-30T14:06:33.027Z] [zip] size=1787 bytes, 2 packets
[2026-03-30T14:06:33.027Z] [zip] zip header: 50 4b 03 04 0a 00 00 00 00 00 d0 70 7e 5c 00 00 00 00 00 00 00 00 00 00 00 00 06 00 00 00 69 63 ... (1787 bytes total)
[2026-03-30T14:06:33.027Z] [zip] boundary @1016: 0xc8
[2026-03-30T14:06:33.027Z] [queue] #22 PARTIAL_UPDATE: executing
[2026-03-30T14:06:33.027Z] [send] PARTIAL_UPDATE: sending 2 packets
[2026-03-30T14:06:33.027Z] [send]   pkt[0] header: 7c 7c 00 0d fb 06 00 00 50 4b 03 04 0a 00 00 00 ... (1024 bytes total)
[2026-03-30T14:06:33.046Z] [recv] raw 7c 7c 01 01 f6 03 00 00 01 07 01 01 00 00 00 00 ... (1024 bytes total)
[2026-03-30T14:06:33.046Z] [recv] BUTTON btn=7 pressed=true state=1 raw=[01070101]
[2026-03-30T14:06:33.097Z] [recv] raw 7c 7c 01 01 f6 03 00 00 01 07 01 00 00 00 00 00 ... (1024 bytes total)
[2026-03-30T14:06:33.097Z] [recv] BUTTON btn=7 pressed=false state=1 raw=[01070100]
[2026-03-30T14:06:33.129Z] [queue] #22 PARTIAL_UPDATE: done
[2026-03-30T14:06:33.146Z] [render] PARTIAL [7] (1 buttons)
[2026-03-30T14:06:33.147Z] [recv] raw 7c 7c 01 01 f6 03 00 00 01 02 01 01 00 00 00 00 ... (1024 bytes total)
[2026-03-30T14:06:33.147Z] [recv] BUTTON btn=2 pressed=true state=1 raw=[01020101]
[2026-03-30T14:06:33.148Z] [zip] manifest: {
  "2_1": {
    "State": 0,
    "ViewParam": [
      {
        "Text": "Btn 7",
        "Icon": "icons/btn_7.png"
      }
    ]
  }
}
[2026-03-30T14:06:33.148Z] [zip] size=1552 bytes, 2 packets
[2026-03-30T14:06:33.148Z] [zip] zip header: 50 4b 03 04 0a 00 00 00 00 00 d0 70 7e 5c 00 00 00 00 00 00 00 00 00 00 00 00 06 00 00 00 69 63 ... (1552 bytes total)
[2026-03-30T14:06:33.148Z] [zip] boundary @1016: 0xeb
[2026-03-30T14:06:33.148Z] [queue] #23 PARTIAL_UPDATE: executing
[2026-03-30T14:06:33.148Z] [send] PARTIAL_UPDATE: sending 2 packets
[2026-03-30T14:06:33.148Z] [send]   pkt[0] header: 7c 7c 00 0d 10 06 00 00 50 4b 03 04 0a 00 00 00 ... (1024 bytes total)
[2026-03-30T14:06:33.199Z] [recv] raw 7c 7c 01 01 f6 03 00 00 01 02 01 00 00 00 00 00 ... (1024 bytes total)
[2026-03-30T14:06:33.199Z] [recv] BUTTON btn=2 pressed=false state=1 raw=[01020100]
[2026-03-30T14:06:33.252Z] [recv] raw 7c 7c 01 01 f6 03 00 00 01 03 01 01 00 00 00 00 ... (1024 bytes total)
[2026-03-30T14:06:33.253Z] [recv] BUTTON btn=3 pressed=true state=1 raw=[01030101]
[2026-03-30T14:06:33.253Z] [queue] #23 PARTIAL_UPDATE: done
[2026-03-30T14:06:33.271Z] [render] PARTIAL [2,3] (2 buttons)
[2026-03-30T14:06:33.276Z] [zip] manifest: {
  "2_0": {
    "State": 0,
    "ViewParam": [
      {
        "Text": "Btn 2",
        "Icon": "icons/btn_2.png"
      }
    ]
  },
  "3_0": {
    "State": 0,
    "ViewParam": [
      {
        "Text": "Btn 3",
        "Icon": "icons/btn_3.png"
      }
    ]
  }
}
[2026-03-30T14:06:33.276Z] [zip] size=2365 bytes, 3 packets
[2026-03-30T14:06:33.276Z] [zip] zip header: 50 4b 03 04 0a 00 00 00 00 00 d0 70 7e 5c 00 00 00 00 00 00 00 00 00 00 00 00 06 00 00 00 69 63 ... (2365 bytes total)
[2026-03-30T14:06:33.276Z] [zip] boundary @1016: 0xf6
[2026-03-30T14:06:33.276Z] [zip] boundary @2040: 0x83
[2026-03-30T14:06:33.277Z] [queue] #24 PARTIAL_UPDATE: executing
[2026-03-30T14:06:33.277Z] [send] PARTIAL_UPDATE: sending 3 packets
[2026-03-30T14:06:33.277Z] [send]   pkt[0] header: 7c 7c 00 0d 3d 09 00 00 50 4b 03 04 0a 00 00 00 ... (1024 bytes total)
[2026-03-30T14:06:33.303Z] [recv] raw 7c 7c 01 01 f6 03 00 00 01 03 01 00 00 00 00 00 ... (1024 bytes total)
[2026-03-30T14:06:33.303Z] [recv] BUTTON btn=3 pressed=false state=1 raw=[01030100]
[2026-03-30T14:06:33.354Z] [recv] raw 7c 7c 01 01 f6 03 00 00 01 04 01 01 00 00 00 00 ... (1024 bytes total)
[2026-03-30T14:06:33.354Z] [recv] BUTTON btn=4 pressed=true state=1 raw=[01040101]
[2026-03-30T14:06:33.380Z] [queue] #24 PARTIAL_UPDATE: done
[2026-03-30T14:06:33.396Z] [render] PARTIAL [3,4] (2 buttons)
[2026-03-30T14:06:33.398Z] [zip] manifest: {
  "3_0": {
    "State": 0,
    "ViewParam": [
      {
        "Text": "Btn 3",
        "Icon": "icons/btn_3.png"
      }
    ]
  },
  "4_0": {
    "State": 0,
    "ViewParam": [
      {
        "Text": "Btn 4",
        "Icon": "icons/btn_4.png"
      }
    ]
  }
}
[2026-03-30T14:06:33.398Z] [zip] size=2518 bytes, 3 packets
[2026-03-30T14:06:33.398Z] [zip] zip header: 50 4b 03 04 0a 00 00 00 00 00 d0 70 7e 5c 00 00 00 00 00 00 00 00 00 00 00 00 06 00 00 00 69 63 ... (2518 bytes total)
[2026-03-30T14:06:33.398Z] [zip] boundary @1016: 0x61
[2026-03-30T14:06:33.398Z] [zip] boundary @2040: 0x7b
[2026-03-30T14:06:33.399Z] [queue] #25 PARTIAL_UPDATE: executing
[2026-03-30T14:06:33.399Z] [send] PARTIAL_UPDATE: sending 3 packets
[2026-03-30T14:06:33.399Z] [send]   pkt[0] header: 7c 7c 00 0d d6 09 00 00 50 4b 03 04 0a 00 00 00 ... (1024 bytes total)
[2026-03-30T14:06:33.403Z] [recv] raw 7c 7c 01 01 f6 03 00 00 01 04 01 00 00 00 00 00 ... (1024 bytes total)
[2026-03-30T14:06:33.403Z] [recv] BUTTON btn=4 pressed=false state=1 raw=[01040100]
[2026-03-30T14:06:33.454Z] [recv] raw 7c 7c 01 01 f6 03 00 00 01 03 01 01 00 00 00 00 ... (1024 bytes total)
[2026-03-30T14:06:33.454Z] [recv] BUTTON btn=3 pressed=true state=1 raw=[01030101]
[2026-03-30T14:06:33.502Z] [queue] #25 PARTIAL_UPDATE: done
[2026-03-30T14:06:33.504Z] [recv] raw 7c 7c 01 01 f6 03 00 00 01 03 01 00 00 00 00 00 ... (1024 bytes total)
[2026-03-30T14:06:33.505Z] [recv] BUTTON btn=3 pressed=false state=1 raw=[01030100]
[2026-03-30T14:06:33.519Z] [render] PARTIAL [3,4] (2 buttons)
[2026-03-30T14:06:33.521Z] [zip] manifest: {
  "4_0": {
    "State": 0,
    "ViewParam": [
      {
        "Text": "Btn 4",
        "Icon": "icons/btn_4.png"
      }
    ]
  },
  "3_0": {
    "State": 0,
    "ViewParam": [
      {
        "Text": "Btn 3",
        "Icon": "icons/btn_3.png"
      }
    ]
  }
}
[2026-03-30T14:06:33.521Z] [zip] size=3046 bytes, 3 packets
[2026-03-30T14:06:33.521Z] [zip] zip header: 50 4b 03 04 0a 00 00 00 00 00 d0 70 7e 5c 00 00 00 00 00 00 00 00 00 00 00 00 06 00 00 00 69 63 ... (3046 bytes total)
[2026-03-30T14:06:33.521Z] [zip] boundary @1016: 0x63
[2026-03-30T14:06:33.521Z] [zip] boundary @2040: 0x6e
[2026-03-30T14:06:33.521Z] [queue] #26 PARTIAL_UPDATE: executing
[2026-03-30T14:06:33.521Z] [send] PARTIAL_UPDATE: sending 3 packets
[2026-03-30T14:06:33.521Z] [send]   pkt[0] header: 7c 7c 00 0d e6 0b 00 00 50 4b 03 04 0a 00 00 00 ... (1024 bytes total)
[2026-03-30T14:06:33.556Z] [recv] raw 7c 7c 01 01 f6 03 00 00 01 02 01 01 00 00 00 00 ... (1024 bytes total)
[2026-03-30T14:06:33.556Z] [recv] BUTTON btn=2 pressed=true state=1 raw=[01020101]
[2026-03-30T14:06:33.607Z] [recv] raw 7c 7c 01 01 f6 03 00 00 01 02 01 00 00 00 00 00 ... (1024 bytes total)
[2026-03-30T14:06:33.607Z] [recv] BUTTON btn=2 pressed=false state=1 raw=[01020100]
[2026-03-30T14:06:33.626Z] [queue] #26 PARTIAL_UPDATE: done
[2026-03-30T14:06:33.645Z] [render] PARTIAL [2] (1 buttons)
[2026-03-30T14:06:33.645Z] [zip] manifest: {
  "2_0": {
    "State": 0,
    "ViewParam": [
      {
        "Text": "Btn 2",
        "Icon": "icons/btn_2.png"
      }
    ]
  }
}
[2026-03-30T14:06:33.645Z] [zip] size=1646 bytes, 2 packets
[2026-03-30T14:06:33.645Z] [zip] zip header: 50 4b 03 04 0a 00 00 00 00 00 d0 70 7e 5c 00 00 00 00 00 00 00 00 00 00 00 00 06 00 00 00 69 63 ... (1646 bytes total)
[2026-03-30T14:06:33.645Z] [zip] boundary @1016: 0xf6
[2026-03-30T14:06:33.645Z] [queue] #27 PARTIAL_UPDATE: executing
[2026-03-30T14:06:33.645Z] [send] PARTIAL_UPDATE: sending 2 packets
[2026-03-30T14:06:33.646Z] [send]   pkt[0] header: 7c 7c 00 0d 6e 06 00 00 50 4b 03 04 0a 00 00 00 ... (1024 bytes total)
[2026-03-30T14:06:33.657Z] [recv] raw 7c 7c 01 01 f6 03 00 00 01 01 01 01 00 00 00 00 ... (1024 bytes total)
[2026-03-30T14:06:33.657Z] [recv] BUTTON btn=1 pressed=true state=1 raw=[01010101]
[2026-03-30T14:06:33.713Z] [recv] raw 7c 7c 01 01 f6 03 00 00 01 01 01 00 00 00 00 00 ... (1024 bytes total)
[2026-03-30T14:06:33.713Z] [recv] BUTTON btn=1 pressed=false state=1 raw=[01010100]
[2026-03-30T14:06:33.747Z] [queue] #27 PARTIAL_UPDATE: done
[2026-03-30T14:06:33.774Z] [recv] raw 7c 7c 01 01 f6 03 00 00 01 06 01 01 00 00 00 00 ... (1024 bytes total)
[2026-03-30T14:06:33.774Z] [recv] BUTTON btn=6 pressed=true state=1 raw=[01060101]
[2026-03-30T14:06:33.774Z] [render] PARTIAL [1] (1 buttons)
[2026-03-30T14:06:33.775Z] [zip] manifest: {
  "1_0": {
    "State": 0,
    "ViewParam": [
      {
        "Text": "Btn 1",
        "Icon": "icons/btn_1.png"
      }
    ]
  }
}
[2026-03-30T14:06:33.775Z] [zip] size=1390 bytes, 2 packets
[2026-03-30T14:06:33.775Z] [zip] zip header: 50 4b 03 04 0a 00 00 00 00 00 d0 70 7e 5c 00 00 00 00 00 00 00 00 00 00 00 00 06 00 00 00 69 63 ... (1390 bytes total)
[2026-03-30T14:06:33.775Z] [zip] boundary @1016: 0xda
[2026-03-30T14:06:33.775Z] [queue] #28 PARTIAL_UPDATE: executing
[2026-03-30T14:06:33.775Z] [send] PARTIAL_UPDATE: sending 2 packets
[2026-03-30T14:06:33.775Z] [send]   pkt[0] header: 7c 7c 00 0d 6e 05 00 00 50 4b 03 04 0a 00 00 00 ... (1024 bytes total)
[2026-03-30T14:06:33.841Z] [recv] raw 7c 7c 01 01 f6 03 00 00 01 06 01 00 00 00 00 00 ... (1024 bytes total)
[2026-03-30T14:06:33.841Z] [recv] BUTTON btn=6 pressed=false state=1 raw=[01060100]
[2026-03-30T14:06:33.877Z] [queue] #28 PARTIAL_UPDATE: done
[2026-03-30T14:06:33.891Z] [recv] raw 7c 7c 01 01 f6 03 00 00 01 07 01 01 00 00 00 00 ... (1024 bytes total)
[2026-03-30T14:06:33.891Z] [recv] BUTTON btn=7 pressed=true state=1 raw=[01070101]
[2026-03-30T14:06:33.894Z] [render] PARTIAL [6,7] (2 buttons)
[2026-03-30T14:06:33.895Z] [zip] manifest: {
  "1_1": {
    "State": 0,
    "ViewParam": [
      {
        "Text": "Btn 6",
        "Icon": "icons/btn_6.png"
      }
    ]
  },
  "2_1": {
    "State": 0,
    "ViewParam": [
      {
        "Text": "Btn 7",
        "Icon": "icons/btn_7.png"
      }
    ]
  }
}
[2026-03-30T14:06:33.895Z] [zip] size=2499 bytes, 3 packets
[2026-03-30T14:06:33.895Z] [zip] zip header: 50 4b 03 04 0a 00 00 00 00 00 d0 70 7e 5c 00 00 00 00 00 00 00 00 00 00 00 00 06 00 00 00 69 63 ... (2499 bytes total)
[2026-03-30T14:06:33.895Z] [zip] boundary @1016: 0xd5
[2026-03-30T14:06:33.895Z] [zip] boundary @2040: 0x4b
[2026-03-30T14:06:33.895Z] [queue] #29 PARTIAL_UPDATE: executing
[2026-03-30T14:06:33.895Z] [send] PARTIAL_UPDATE: sending 3 packets
[2026-03-30T14:06:33.895Z] [send]   pkt[0] header: 7c 7c 00 0d c3 09 00 00 50 4b 03 04 0a 00 00 00 ... (1024 bytes total)
[2026-03-30T14:06:33.942Z] [recv] raw 7c 7c 01 01 f6 03 00 00 01 07 01 00 00 00 00 00 ... (1024 bytes total)
[2026-03-30T14:06:33.942Z] [recv] BUTTON btn=7 pressed=false state=1 raw=[01070100]
[2026-03-30T14:06:33.993Z] [recv] raw 7c 7c 01 01 f6 03 00 00 01 08 01 01 00 00 00 00 ... (1024 bytes total)
[2026-03-30T14:06:33.993Z] [recv] BUTTON btn=8 pressed=true state=1 raw=[01080101]
[2026-03-30T14:06:33.998Z] [queue] #29 PARTIAL_UPDATE: done
[2026-03-30T14:06:34.019Z] [render] PARTIAL [7,8] (2 buttons)
[2026-03-30T14:06:34.030Z] [zip] manifest: {
  "2_1": {
    "State": 0,
    "ViewParam": [
      {
        "Text": "Btn 7",
        "Icon": "icons/btn_7.png"
      }
    ]
  },
  "3_1": {
    "State": 0,
    "ViewParam": [
      {
        "Text": "Btn 8",
        "Icon": "icons/btn_8.png"
      }
    ]
  }
}
[2026-03-30T14:06:34.031Z] [zip] size=2271 bytes, 3 packets
[2026-03-30T14:06:34.031Z] [zip] boundary check FAILED attempt 1: offset 2040: 0x00
[2026-03-30T14:06:34.033Z] [zip] boundary workaround: passed on attempt 2 (dummy=8 chars)
[2026-03-30T14:06:34.033Z] [zip] zip header: 50 4b 03 04 0a 00 00 00 08 00 d1 70 7e 5c b1 13 73 26 0a 00 00 00 08 00 00 00 09 00 00 00 64 75 ... (2375 bytes total)
[2026-03-30T14:06:34.033Z] [zip] boundary @1016: 0xb5
[2026-03-30T14:06:34.033Z] [zip] boundary @2040: 0x1a
[2026-03-30T14:06:34.033Z] [queue] #30 PARTIAL_UPDATE: executing
[2026-03-30T14:06:34.033Z] [send] PARTIAL_UPDATE: sending 3 packets
[2026-03-30T14:06:34.033Z] [send]   pkt[0] header: 7c 7c 00 0d 47 09 00 00 50 4b 03 04 0a 00 00 00 ... (1024 bytes total)
[2026-03-30T14:06:34.043Z] [recv] raw 7c 7c 01 01 f6 03 00 00 01 08 01 00 00 00 00 00 ... (1024 bytes total)
[2026-03-30T14:06:34.044Z] [recv] BUTTON btn=8 pressed=false state=1 raw=[01080100]
[2026-03-30T14:06:34.096Z] [recv] raw 7c 7c 01 01 f6 03 00 00 01 03 01 01 00 00 00 00 ... (1024 bytes total)
[2026-03-30T14:06:34.096Z] [recv] BUTTON btn=3 pressed=true state=1 raw=[01030101]
[2026-03-30T14:06:34.142Z] [queue] #30 PARTIAL_UPDATE: done
[2026-03-30T14:06:34.146Z] [recv] raw 7c 7c 01 01 f6 03 00 00 01 03 01 00 00 00 00 00 ... (1024 bytes total)
[2026-03-30T14:06:34.146Z] [recv] BUTTON btn=3 pressed=false state=1 raw=[01030100]
[2026-03-30T14:06:34.159Z] [render] PARTIAL [3,8] (2 buttons)
[2026-03-30T14:06:34.161Z] [zip] manifest: {
  "3_1": {
    "State": 0,
    "ViewParam": [
      {
        "Text": "Btn 8",
        "Icon": "icons/btn_8.png"
      }
    ]
  },
  "3_0": {
    "State": 0,
    "ViewParam": [
      {
        "Text": "Btn 3",
        "Icon": "icons/btn_3.png"
      }
    ]
  }
}
[2026-03-30T14:06:34.161Z] [zip] size=3287 bytes, 4 packets
[2026-03-30T14:06:34.161Z] [zip] boundary check FAILED attempt 1: offset 3064: 0x00
[2026-03-30T14:06:34.162Z] [zip] boundary check FAILED attempt 2: offset 1016: 0x7c
[2026-03-30T14:06:34.163Z] [zip] boundary workaround: passed on attempt 3 (dummy=24 chars)
[2026-03-30T14:06:34.163Z] [zip] zip header: 50 4b 03 04 0a 00 00 00 08 00 d1 70 7e 5c 35 3b 60 6c 1a 00 00 00 18 00 00 00 09 00 00 00 64 75 ... (3407 bytes total)
[2026-03-30T14:06:34.163Z] [zip] boundary @1016: 0xf0
[2026-03-30T14:06:34.163Z] [zip] boundary @2040: 0x55
[2026-03-30T14:06:34.163Z] [zip] boundary @3064: 0x2b
[2026-03-30T14:06:34.163Z] [queue] #31 PARTIAL_UPDATE: executing
[2026-03-30T14:06:34.163Z] [send] PARTIAL_UPDATE: sending 4 packets
[2026-03-30T14:06:34.163Z] [send]   pkt[0] header: 7c 7c 00 0d 4f 0d 00 00 50 4b 03 04 0a 00 00 00 ... (1024 bytes total)
[2026-03-30T14:06:34.196Z] [recv] raw 7c 7c 01 01 f6 03 00 00 01 02 01 01 00 00 00 00 ... (1024 bytes total)
[2026-03-30T14:06:34.196Z] [recv] BUTTON btn=2 pressed=true state=1 raw=[01020101]
[2026-03-30T14:06:34.411Z] [recv] raw 7c 7c 01 01 f6 03 00 00 01 02 01 00 00 00 00 00 ... (1024 bytes total)
[2026-03-30T14:06:34.411Z] [recv] BUTTON btn=2 pressed=false state=1 raw=[01020100]
[2026-03-30T14:06:34.412Z] [queue] #31 PARTIAL_UPDATE: done
[2026-03-30T14:06:34.672Z] [recv] raw 7c 7c 01 01 f6 03 00 00 01 01 01 01 00 00 00 00 ... (1024 bytes total)
[2026-03-30T14:06:34.673Z] [recv] BUTTON btn=1 pressed=true state=1 raw=[01010101]
[2026-03-30T14:06:34.673Z] [render] PARTIAL [2] (1 buttons)
[2026-03-30T14:06:34.993Z] [recv] raw 7c 7c 01 01 f6 03 00 00 01 01 01 00 00 00 00 00 ... (1024 bytes total)
[2026-03-30T14:06:34.993Z] [recv] BUTTON btn=1 pressed=false state=1 raw=[01010100]
[2026-03-30T14:06:35.221Z] [recv] raw 7c 7c 01 01 f6 03 00 00 01 06 01 01 00 00 00 00 ... (1024 bytes total)
[2026-03-30T14:06:35.221Z] [recv] BUTTON btn=6 pressed=true state=1 raw=[01060101]
[2026-03-30T14:06:35.580Z] [recv] raw 7c 7c 01 01 f6 03 00 00 01 06 01 00 00 00 00 00 ... (1024 bytes total)
[2026-03-30T14:06:35.580Z] [recv] BUTTON btn=6 pressed=false state=1 raw=[01060100]
[2026-03-30T14:06:35.808Z] [recv] raw 7c 7c 01 01 f6 03 00 00 01 0b 01 01 00 00 00 00 ... (1024 bytes total)
[2026-03-30T14:06:35.808Z] [recv] BUTTON btn=11 pressed=true state=1 raw=[010b0101]
[2026-03-30T14:06:36.035Z] [recv] raw 7c 7c 01 01 f6 03 00 00 01 0b 01 00 00 00 00 00 ... (1024 bytes total)
[2026-03-30T14:06:36.035Z] [recv] BUTTON btn=11 pressed=false state=1 raw=[010b0100]
[2026-03-30T14:06:36.247Z] [recv] raw 7c 7c 01 01 f6 03 00 00 01 0c 01 01 00 00 00 00 ... (1024 bytes total)
[2026-03-30T14:06:36.247Z] [recv] BUTTON btn=12 pressed=true state=1 raw=[010c0101]
[2026-03-30T14:06:36.480Z] [recv] raw 7c 7c 01 01 f6 03 00 00 01 0c 01 00 00 00 00 00 ... (1024 bytes total)
[2026-03-30T14:06:36.480Z] [recv] BUTTON btn=12 pressed=false state=1 raw=[010c0100]
[2026-03-30T14:06:36.481Z] [zip] manifest: {
  "2_0": {
    "State": 0,
    "ViewParam": [
      {
        "Text": "Btn 2",
        "Icon": "icons/btn_2.png"
      }
    ]
  }
}
[2026-03-30T14:06:36.481Z] [zip] size=1646 bytes, 2 packets
[2026-03-30T14:06:36.481Z] [zip] zip header: 50 4b 03 04 0a 00 00 00 00 00 d1 70 7e 5c 00 00 00 00 00 00 00 00 00 00 00 00 06 00 00 00 69 63 ... (1646 bytes total)
[2026-03-30T14:06:36.481Z] [zip] boundary @1016: 0xf6
[2026-03-30T14:06:36.481Z] [queue] #32 PARTIAL_UPDATE: executing
[2026-03-30T14:06:36.481Z] [send] PARTIAL_UPDATE: sending 2 packets
[2026-03-30T14:06:36.481Z] [send]   pkt[0] header: 7c 7c 00 0d 6e 06 00 00 50 4b 03 04 0a 00 00 00 ... (1024 bytes total)
[2026-03-30T14:06:36.810Z] [recv] raw 7c 7c 01 01 f6 03 00 00 01 0a 01 01 00 00 00 00 ... (1024 bytes total)
[2026-03-30T14:06:36.810Z] [recv] BUTTON btn=10 pressed=true state=1 raw=[010a0101]
[2026-03-30T14:06:36.974Z] [recv] raw 7c 7c 01 01 f6 03 00 00 01 0a 01 00 00 00 00 00 ... (1024 bytes total)
[2026-03-30T14:06:36.974Z] [recv] BUTTON btn=10 pressed=false state=1 raw=[010a0100]
[2026-03-30T14:06:36.974Z] [queue] #32 PARTIAL_UPDATE: done
[2026-03-30T14:06:37.186Z] [recv] raw 7c 7c 01 01 f6 03 00 00 01 05 01 01 00 00 00 00 ... (1024 bytes total)
[2026-03-30T14:06:37.187Z] [recv] BUTTON btn=5 pressed=true state=1 raw=[01050101]
[2026-03-30T14:06:37.194Z] [render] PARTIAL [1,6,10,11,12] (5 buttons)
[2026-03-30T14:06:37.368Z] [recv] raw 7c 7c 01 01 f6 03 00 00 01 05 01 00 00 00 00 00 ... (1024 bytes total)
[2026-03-30T14:06:37.368Z] [recv] BUTTON btn=5 pressed=false state=1 raw=[01050100]
[2026-03-30T14:06:40.131Z] [recv] raw 7c 7c 01 01 f6 03 00 00 01 02 01 01 00 00 00 00 ... (1024 bytes total)
[2026-03-30T14:06:40.131Z] [recv] BUTTON btn=2 pressed=true state=1 raw=[01020101]
[2026-03-30T14:06:40.329Z] [recv] raw 7c 7c 01 01 f6 03 00 00 01 02 01 00 00 00 00 00 ... (1024 bytes total)
[2026-03-30T14:06:40.329Z] [recv] BUTTON btn=2 pressed=false state=1 raw=[01020100]
[2026-03-30T14:06:40.930Z] [recv] raw 7c 7c 01 01 f6 03 00 00 01 03 01 01 00 00 00 00 ... (1024 bytes total)
[2026-03-30T14:06:40.930Z] [recv] BUTTON btn=3 pressed=true state=1 raw=[01030101]
[2026-03-30T14:06:41.116Z] [recv] raw 7c 7c 01 01 f6 03 00 00 01 03 01 00 00 00 00 00 ... (1024 bytes total)
[2026-03-30T14:06:41.116Z] [recv] BUTTON btn=3 pressed=false state=1 raw=[01030100]
[2026-03-30T14:06:41.279Z] [recv] raw 7c 7c 01 01 f6 03 00 00 01 04 01 01 00 00 00 00 ... (1024 bytes total)
[2026-03-30T14:06:41.280Z] [recv] BUTTON btn=4 pressed=true state=1 raw=[01040101]
[2026-03-30T14:06:41.446Z] [recv] raw 7c 7c 01 01 f6 03 00 00 01 04 01 00 00 00 00 00 ... (1024 bytes total)
[2026-03-30T14:06:41.446Z] [recv] BUTTON btn=4 pressed=false state=1 raw=[01040100]
[2026-03-30T14:06:41.613Z] [recv] raw 7c 7c 01 01 f6 03 00 00 01 08 01 01 00 00 00 00 ... (1024 bytes total)
[2026-03-30T14:06:41.613Z] [recv] BUTTON btn=8 pressed=true state=1 raw=[01080101]
[2026-03-30T14:06:41.755Z] [recv] raw 7c 7c 01 01 f6 03 00 00 01 08 01 00 00 00 00 00 ... (1024 bytes total)
[2026-03-30T14:06:41.756Z] [recv] BUTTON btn=8 pressed=false state=1 raw=[01080100]
[2026-03-30T14:06:41.842Z] [recv] raw 7c 7c 01 01 f6 03 00 00 01 08 01 01 00 00 00 00 ... (1024 bytes total)
[2026-03-30T14:06:41.842Z] [recv] BUTTON btn=8 pressed=true state=1 raw=[01080101]
[2026-03-30T14:06:41.979Z] [recv] raw 7c 7c 01 01 f6 03 00 00 01 08 01 00 00 00 00 00 ... (1024 bytes total)
[2026-03-30T14:06:41.979Z] [recv] BUTTON btn=8 pressed=false state=1 raw=[01080100]
[2026-03-30T14:06:42.054Z] [recv] raw 7c 7c 01 01 f6 03 00 00 01 08 01 01 00 00 00 00 ... (1024 bytes total)
[2026-03-30T14:06:42.055Z] [recv] BUTTON btn=8 pressed=true state=1 raw=[01080101]
[2026-03-30T14:06:42.222Z] [recv] raw 7c 7c 01 01 f6 03 00 00 01 08 01 00 00 00 00 00 ... (1024 bytes total)
[2026-03-30T14:06:42.228Z] [recv] BUTTON btn=8 pressed=false state=1 raw=[01080100]
[2026-03-30T14:06:42.238Z] [recv] raw 7c 7c 01 01 f6 03 00 00 01 08 01 01 00 00 00 00 ... (1024 bytes total)
[2026-03-30T14:06:42.238Z] [recv] BUTTON btn=8 pressed=true state=1 raw=[01080101]
[2026-03-30T14:06:42.238Z] [zip] manifest: {
  "1_0": {
    "State": 0,
    "ViewParam": [
      {
        "Text": "Btn 1",
        "Icon": "icons/btn_1.png"
      }
    ]
  },
  "1_1": {
    "State": 0,
    "ViewParam": [
      {
        "Text": "Btn 6",
        "Icon": "icons/btn_6.png"
      }
    ]
  },
  "1_2": {
    "State": 0,
    "ViewParam": [
      {
        "Text": "Btn 11",
        "Icon": "icons/btn_11.png"
      }
    ]
  },
  "2_2": {
    "State": 0,
    "ViewParam": [
      {
        "Text": "Btn 12",
        "Icon": "icons/btn_12.png"
      }
    ]
  },
  "0_2": {
    "State": 0,
    "ViewParam": [
      {
        "Text": "Btn 10",
        "Icon": "icons/btn_10.png"
      }
    ]
  }
}
[2026-03-30T14:06:42.238Z] [zip] size=6999 bytes, 7 packets
[2026-03-30T14:06:42.238Z] [zip] zip header: 50 4b 03 04 0a 00 00 00 00 00 d2 70 7e 5c 00 00 00 00 00 00 00 00 00 00 00 00 06 00 00 00 69 63 ... (6999 bytes total)
[2026-03-30T14:06:42.238Z] [zip] boundary @1016: 0xda
[2026-03-30T14:06:42.238Z] [zip] boundary @2040: 0xd7
[2026-03-30T14:06:42.238Z] [zip] boundary @3064: 0xcb
[2026-03-30T14:06:42.238Z] [zip] boundary @4088: 0xa1
[2026-03-30T14:06:42.238Z] [zip] boundary @5112: 0x69
[2026-03-30T14:06:42.238Z] [zip] boundary @6136: 0xb4
[2026-03-30T14:06:42.238Z] [queue] #33 PARTIAL_UPDATE: executing
[2026-03-30T14:06:42.238Z] [send] PARTIAL_UPDATE: sending 7 packets
[2026-03-30T14:06:42.238Z] [send]   pkt[0] header: 7c 7c 00 0d 57 1b 00 00 50 4b 03 04 0a 00 00 00 ... (1024 bytes total)
[2026-03-30T14:06:42.543Z] [recv] raw 7c 7c 01 01 f6 03 00 00 01 08 01 00 00 00 00 00 ... (1024 bytes total)
[2026-03-30T14:06:42.543Z] [recv] BUTTON btn=8 pressed=false state=1 raw=[01080100]
[2026-03-30T14:06:42.722Z] [recv] raw 7c 7c 01 01 f6 03 00 00 01 09 01 01 00 00 00 00 ... (1024 bytes total)
[2026-03-30T14:06:42.722Z] [recv] BUTTON btn=9 pressed=true state=1 raw=[01090101]
[2026-03-30T14:06:42.731Z] [queue] #33 PARTIAL_UPDATE: done
[2026-03-30T14:06:43.029Z] [recv] raw 7c 7c 01 01 f6 03 00 00 01 09 01 00 00 00 00 00 ... (1024 bytes total)
[2026-03-30T14:06:43.029Z] [recv] BUTTON btn=9 pressed=false state=1 raw=[01090100]
[2026-03-30T14:06:43.030Z] [render] PARTIAL [2,3,4,5,8,9] (6 buttons)
[2026-03-30T14:06:43.403Z] [recv] raw 7c 7c 01 01 f6 03 00 00 01 02 01 01 00 00 00 00 ... (1024 bytes total)
[2026-03-30T14:06:43.403Z] [recv] BUTTON btn=2 pressed=true state=1 raw=[01020101]
[2026-03-30T14:06:43.619Z] [recv] raw 7c 7c 01 01 f6 03 00 00 01 02 01 00 00 00 00 00 ... (1024 bytes total)
[2026-03-30T14:06:43.619Z] [recv] BUTTON btn=2 pressed=false state=1 raw=[01020100]
[2026-03-30T14:06:43.767Z] [recv] raw 7c 7c 01 01 f6 03 00 00 01 02 01 01 00 00 00 00 ... (1024 bytes total)
[2026-03-30T14:06:43.767Z] [recv] BUTTON btn=2 pressed=true state=1 raw=[01020101]
[2026-03-30T14:06:43.934Z] [recv] raw 7c 7c 01 01 f6 03 00 00 01 02 01 00 00 00 00 00 ... (1024 bytes total)
[2026-03-30T14:06:43.934Z] [recv] BUTTON btn=2 pressed=false state=1 raw=[01020100]
[2026-03-30T14:06:44.071Z] [recv] raw 7c 7c 01 01 f6 03 00 00 01 01 01 01 00 00 00 00 ... (1024 bytes total)
[2026-03-30T14:06:44.071Z] [recv] BUTTON btn=1 pressed=true state=1 raw=[01010101]
[2026-03-30T14:06:44.283Z] [recv] raw 7c 7c 01 01 f6 03 00 00 01 01 01 00 00 00 00 00 ... (1024 bytes total)
[2026-03-30T14:06:44.283Z] [recv] BUTTON btn=1 pressed=false state=1 raw=[01010100]
[2026-03-30T14:06:44.359Z] [recv] raw 7c 7c 01 01 f6 03 00 00 01 01 01 01 00 00 00 00 ... (1024 bytes total)
[2026-03-30T14:06:44.359Z] [recv] BUTTON btn=1 pressed=true state=1 raw=[01010101]
[2026-03-30T14:06:44.572Z] [recv] raw 7c 7c 01 01 f6 03 00 00 01 01 01 00 00 00 00 00 ... (1024 bytes total)
[2026-03-30T14:06:44.572Z] [recv] BUTTON btn=1 pressed=false state=1 raw=[01010100]
[2026-03-30T14:06:44.724Z] [recv] raw 7c 7c 01 01 f6 03 00 00 01 06 01 01 00 00 00 00 ... (1024 bytes total)
[2026-03-30T14:06:44.728Z] [recv] BUTTON btn=6 pressed=true state=1 raw=[01060101]
[2026-03-30T14:06:44.950Z] [recv] raw 7c 7c 01 01 f6 03 00 00 01 06 01 00 00 00 00 00 ... (1024 bytes total)
[2026-03-30T14:06:44.950Z] [recv] BUTTON btn=6 pressed=false state=1 raw=[01060100]
[2026-03-30T14:06:45.072Z] [recv] raw 7c 7c 01 01 f6 03 00 00 01 06 01 01 00 00 00 00 ... (1024 bytes total)
[2026-03-30T14:06:45.072Z] [recv] BUTTON btn=6 pressed=true state=1 raw=[01060101]
[2026-03-30T14:06:45.239Z] [recv] raw 7c 7c 01 01 f6 03 00 00 01 06 01 00 00 00 00 00 ... (1024 bytes total)
[2026-03-30T14:06:45.240Z] [recv] BUTTON btn=6 pressed=false state=1 raw=[01060100]
[2026-03-30T14:06:45.406Z] [recv] raw 7c 7c 01 01 f6 03 00 00 01 05 01 01 00 00 00 00 ... (1024 bytes total)
[2026-03-30T14:06:45.406Z] [recv] BUTTON btn=5 pressed=true state=1 raw=[01050101]
[2026-03-30T14:06:45.557Z] [recv] raw 7c 7c 01 01 f6 03 00 00 01 05 01 00 00 00 00 00 ... (1024 bytes total)
[2026-03-30T14:06:45.557Z] [recv] BUTTON btn=5 pressed=false state=1 raw=[01050100]
[2026-03-30T14:06:45.709Z] [recv] raw 7c 7c 01 01 f6 03 00 00 01 00 01 01 00 00 00 00 ... (1024 bytes total)
[2026-03-30T14:06:45.709Z] [recv] BUTTON btn=0 pressed=true state=1 raw=[01000101]
[2026-03-30T14:06:45.967Z] [recv] raw 7c 7c 01 01 f6 03 00 00 01 00 01 00 00 00 00 00 ... (1024 bytes total)
[2026-03-30T14:06:45.967Z] [recv] BUTTON btn=0 pressed=false state=1 raw=[01000100]
[2026-03-30T14:06:46.194Z] [recv] raw 7c 7c 01 01 f6 03 00 00 01 0a 01 01 00 00 00 00 ... (1024 bytes total)
[2026-03-30T14:06:46.194Z] [recv] BUTTON btn=10 pressed=true state=1 raw=[010a0101]
[2026-03-30T14:06:46.194Z] [zip] manifest: {
  "0_1": {
    "State": 0,
    "ViewParam": [
      {
        "Text": "Btn 5",
        "Icon": "icons/btn_5.png"
      }
    ]
  },
  "2_0": {
    "State": 0,
    "ViewParam": [
      {
        "Text": "Btn 2",
        "Icon": "icons/btn_2.png"
      }
    ]
  },
  "3_0": {
    "State": 0,
    "ViewParam": [
      {
        "Text": "Btn 3",
        "Icon": "icons/btn_3.png"
      }
    ]
  },
  "4_0": {
    "State": 0,
    "ViewParam": [
      {
        "Text": "Btn 4",
        "Icon": "icons/btn_4.png"
      }
    ]
  },
  "3_1": {
    "State": 0,
    "ViewParam": [
      {
        "Text": "Btn 8",
        "Icon": "icons/btn_8.png"
      }
    ]
  },
  "4_1": {
    "State": 0,
    "ViewParam": [
      {
        "Text": "Btn 9",
        "Icon": "icons/btn_9.png"
      }
    ]
  }
}
[2026-03-30T14:06:46.194Z] [zip] size=8019 bytes, 8 packets
[2026-03-30T14:06:46.194Z] [zip] zip header: 50 4b 03 04 0a 00 00 00 00 00 d5 70 7e 5c 00 00 00 00 00 00 00 00 00 00 00 00 06 00 00 00 69 63 ... (8019 bytes total)
[2026-03-30T14:06:46.194Z] [zip] boundary @1016: 0xfd
[2026-03-30T14:06:46.194Z] [zip] boundary @2040: 0xfa
[2026-03-30T14:06:46.194Z] [zip] boundary @3064: 0x06
[2026-03-30T14:06:46.194Z] [zip] boundary @4088: 0x18
[2026-03-30T14:06:46.194Z] [zip] boundary @5112: 0x34
[2026-03-30T14:06:46.194Z] [zip] boundary @6136: 0xfe
[2026-03-30T14:06:46.194Z] [zip] boundary @7160: 0xa4
[2026-03-30T14:06:46.194Z] [queue] #34 PARTIAL_UPDATE: executing
[2026-03-30T14:06:46.194Z] [send] PARTIAL_UPDATE: sending 8 packets
[2026-03-30T14:06:46.194Z] [send]   pkt[0] header: 7c 7c 00 0d 53 1f 00 00 50 4b 03 04 0a 00 00 00 ... (1024 bytes total)
[2026-03-30T14:06:46.662Z] [recv] raw 7c 7c 01 01 f6 03 00 00 01 0a 01 00 00 00 00 00 ... (1024 bytes total)
[2026-03-30T14:06:46.663Z] [recv] BUTTON btn=10 pressed=false state=1 raw=[010a0100]
[2026-03-30T14:06:47.086Z] [recv] raw 7c 7c 01 01 f6 03 00 00 01 02 01 01 00 00 00 00 ... (1024 bytes total)
[2026-03-30T14:06:47.086Z] [recv] BUTTON btn=2 pressed=true state=1 raw=[01020101]
[2026-03-30T14:06:47.086Z] [queue] #34 PARTIAL_UPDATE: done
[2026-03-30T14:06:47.147Z] [recv] raw 7c 7c 01 01 f6 03 00 00 01 01 01 01 00 00 00 00 ... (1024 bytes total)
[2026-03-30T14:06:47.147Z] [recv] BUTTON btn=1 pressed=true state=1 raw=[01010101]
[2026-03-30T14:06:47.148Z] [render] PARTIAL [0,1,2,5,6,9,10] (7 buttons)
[2026-03-30T14:06:47.254Z] [recv] raw 7c 7c 01 01 f6 03 00 00 01 02 01 00 00 00 00 00 ... (1024 bytes total)
[2026-03-30T14:06:47.254Z] [recv] BUTTON btn=2 pressed=false state=1 raw=[01020100]
[2026-03-30T14:06:47.330Z] [recv] raw 7c 7c 01 01 f6 03 00 00 01 02 01 01 00 00 00 00 ... (1024 bytes total)
[2026-03-30T14:06:47.330Z] [recv] BUTTON btn=2 pressed=true state=1 raw=[01020101]
[2026-03-30T14:06:47.602Z] [recv] raw 7c 7c 01 01 f6 03 00 00 01 02 01 00 00 00 00 00 ... (1024 bytes total)
[2026-03-30T14:06:47.603Z] [recv] BUTTON btn=2 pressed=false state=1 raw=[01020100]
[2026-03-30T14:06:47.664Z] [recv] raw 7c 7c 01 01 f6 03 00 00 01 01 01 00 00 00 00 00 ... (1024 bytes total)
[2026-03-30T14:06:47.664Z] [recv] BUTTON btn=1 pressed=false state=1 raw=[01010100]
[2026-03-30T14:06:47.835Z] [recv] raw 7c 7c 01 01 f6 03 00 00 01 07 01 01 00 00 00 00 ... (1024 bytes total)
[2026-03-30T14:06:47.835Z] [recv] BUTTON btn=7 pressed=true state=1 raw=[01070101]
[2026-03-30T14:06:47.877Z] [recv] raw 7c 7c 01 01 f6 03 00 00 01 06 01 01 00 00 00 00 ... (1024 bytes total)
[2026-03-30T14:06:47.877Z] [recv] BUTTON btn=6 pressed=true state=1 raw=[01060101]
[2026-03-30T14:06:47.880Z] [zip] manifest: {
  "4_1": {
    "State": 0,
    "ViewParam": [
      {
        "Text": "Btn 9",
        "Icon": "icons/btn_9.png"
      }
    ]
  },
  "2_0": {
    "State": 0,
    "ViewParam": [
      {
        "Text": "Btn 2",
        "Icon": "icons/btn_2.png"
      }
    ]
  },
  "1_0": {
    "State": 0,
    "ViewParam": [
      {
        "Text": "Btn 1",
        "Icon": "icons/btn_1.png"
      }
    ]
  },
  "1_1": {
    "State": 0,
    "ViewParam": [
      {
        "Text": "Btn 6",
        "Icon": "icons/btn_6.png"
      }
    ]
  },
  "0_1": {
    "State": 0,
    "ViewParam": [
      {
        "Text": "Btn 5",
        "Icon": "icons/btn_5.png"
      }
    ]
  },
  "0_0": {
    "State": 0,
    "ViewParam": [
      {
        "Text": "Btn 0",
        "Icon": "icons/btn_0.png"
      }
    ]
  },
  "0_2": {
    "State": 0,
    "ViewParam": [
      {
        "Text": "Btn 10",
        "Icon": "icons/btn_10.png"
      }
    ]
  }
}
[2026-03-30T14:06:47.880Z] [zip] size=9428 bytes, 10 packets
[2026-03-30T14:06:47.880Z] [zip] boundary check FAILED attempt 1: offset 9208: 0x00
[2026-03-30T14:06:47.885Z] [zip] boundary workaround: passed on attempt 2 (dummy=8 chars)
[2026-03-30T14:06:47.885Z] [zip] zip header: 50 4b 03 04 0a 00 00 00 08 00 d7 70 7e 5c b2 21 f7 28 0a 00 00 00 08 00 00 00 09 00 00 00 64 75 ... (9532 bytes total)
[2026-03-30T14:06:47.885Z] [zip] boundary @1016: 0x18
[2026-03-30T14:06:47.885Z] [zip] boundary @2040: 0x20
[2026-03-30T14:06:47.885Z] [zip] boundary @3064: 0xc7
[2026-03-30T14:06:47.885Z] [zip] boundary @4088: 0x3f
[2026-03-30T14:06:47.885Z] [zip] boundary @5112: 0x1c
[2026-03-30T14:06:47.885Z] [zip] boundary @6136: 0x36
[2026-03-30T14:06:47.885Z] [zip] boundary @7160: 0xa1
[2026-03-30T14:06:47.885Z] [zip] boundary @8184: 0x35
[2026-03-30T14:06:47.885Z] [zip] boundary @9208: 0x01
[2026-03-30T14:06:47.885Z] [queue] #35 PARTIAL_UPDATE: executing
[2026-03-30T14:06:47.885Z] [send] PARTIAL_UPDATE: sending 10 packets
[2026-03-30T14:06:47.885Z] [send]   pkt[0] header: 7c 7c 00 0d 3c 25 00 00 50 4b 03 04 0a 00 00 00 ... (1024 bytes total)
[2026-03-30T14:06:48.713Z] [recv] raw 7c 7c 01 01 f6 03 00 00 01 07 01 00 00 00 00 00 ... (1024 bytes total)
[2026-03-30T14:06:48.713Z] [recv] BUTTON btn=7 pressed=false state=1 raw=[01070100]
[2026-03-30T14:06:48.742Z] [recv] raw 7c 7c 01 01 f6 03 00 00 01 06 01 00 00 00 00 00 ... (1024 bytes total)
[2026-03-30T14:06:48.742Z] [recv] BUTTON btn=6 pressed=false state=1 raw=[01060100]
[2026-03-30T14:06:48.742Z] [queue] #35 PARTIAL_UPDATE: done
[2026-03-30T14:06:48.759Z] [render] PARTIAL [1,2,6,7] (4 buttons)
[2026-03-30T14:06:48.760Z] [zip] manifest: {
  "1_0": {
    "State": 0,
    "ViewParam": [
      {
        "Text": "Btn 1",
        "Icon": "icons/btn_1.png"
      }
    ]
  },
  "2_0": {
    "State": 0,
    "ViewParam": [
      {
        "Text": "Btn 2",
        "Icon": "icons/btn_2.png"
      }
    ]
  },
  "2_1": {
    "State": 0,
    "ViewParam": [
      {
        "Text": "Btn 7",
        "Icon": "icons/btn_7.png"
      }
    ]
  },
  "1_1": {
    "State": 0,
    "ViewParam": [
      {
        "Text": "Btn 6",
        "Icon": "icons/btn_6.png"
      }
    ]
  }
}
[2026-03-30T14:06:48.760Z] [zip] size=5489 bytes, 6 packets
[2026-03-30T14:06:48.760Z] [zip] boundary check FAILED attempt 1: offset 2040: 0x7c
[2026-03-30T14:06:48.762Z] [zip] boundary workaround: passed on attempt 2 (dummy=8 chars)
[2026-03-30T14:06:48.762Z] [zip] zip header: 50 4b 03 04 0a 00 00 00 08 00 d8 70 7e 5c b8 64 9e 65 0a 00 00 00 08 00 00 00 09 00 00 00 64 75 ... (5593 bytes total)
[2026-03-30T14:06:48.762Z] [zip] boundary @1016: 0xcf
[2026-03-30T14:06:48.762Z] [zip] boundary @2040: 0xb3
[2026-03-30T14:06:48.762Z] [zip] boundary @3064: 0xf9
[2026-03-30T14:06:48.762Z] [zip] boundary @4088: 0xef
[2026-03-30T14:06:48.762Z] [zip] boundary @5112: 0x51
[2026-03-30T14:06:48.762Z] [queue] #36 PARTIAL_UPDATE: executing
[2026-03-30T14:06:48.762Z] [send] PARTIAL_UPDATE: sending 6 packets
[2026-03-30T14:06:48.762Z] [send]   pkt[0] header: 7c 7c 00 0d d9 15 00 00 50 4b 03 04 0a 00 00 00 ... (1024 bytes total)
[2026-03-30T14:06:53.778Z] [recv] raw 7c 7c 01 01 f6 03 00 00 01 08 01 01 00 00 00 00 ... (1024 bytes total)
[2026-03-30T14:06:53.778Z] [recv] BUTTON btn=8 pressed=true state=1 raw=[01080101]
[2026-03-30T14:10:40.247Z] [hid] opening device: path=DevSrvsID:4295634612
[2026-03-30T14:10:40.248Z] [hid]   vendor=2207 product=19
[2026-03-30T14:10:40.248Z] [hid]   manufacturer="Zkswe" product="ulanzi"
[2026-03-30T14:10:40.248Z] [hid]   interface=0 usage=1 usagePage=12
[2026-03-30T14:10:40.250Z] [queue] #1 SET_BRIGHTNESS: executing
[2026-03-30T14:10:40.251Z] [queue] #1 SET_BRIGHTNESS: done
[2026-03-30T14:10:40.830Z] [render] immediate SET_BUTTONS [0,1,2,3,4,5,6,7,8,9,10,11,12]
[2026-03-30T14:10:40.851Z] [zip] manifest: {
  "0_0": {
    "State": 0,
    "ViewParam": [
      {
        "Text": "Btn 0",
        "Icon": "icons/btn_0.png"
      }
    ]
  },
  "1_0": {
    "State": 0,
    "ViewParam": [
      {
        "Text": "Btn 1",
        "Icon": "icons/btn_1.png"
      }
    ]
  },
  "2_0": {
    "State": 0,
    "ViewParam": [
      {
        "Text": "Btn 2",
        "Icon": "icons/btn_2.png"
      }
    ]
  },
  "3_0": {
    "State": 0,
    "ViewParam": [
      {
        "Text": "Btn 3",
        "Icon": "icons/btn_3.png"
      }
    ]
  },
  "4_0": {
    "State": 0,
    "ViewParam": [
      {
        "Text": "Btn 4",
        "Icon": "icons/btn_4.png"
      }
    ]
  },
  "0_1": {
    "State": 0,
    "ViewParam": [
      {
        "Text": "Btn 5",
        "Icon": "icons/btn_5.png"
      }
    ]
  },
  "1_1": {
    "State": 0,
    "ViewParam": [
      {
        "Text": "Btn 6",
        "Icon": "icons/btn_6.png"
      }
    ]
  },
  "2_1": {
    "State": 0,
    "ViewParam": [
      {
        "Text": "Btn 7",
        "Icon": "icons/btn_7.png"
      }
    ]
  },
  "3_1": {
    "State": 0,
    "ViewParam": [
      {
        "Text": "Btn 8",
        "Icon": "icons/btn_8.png"
      }
    ]
  },
  "4_1": {
    "State": 0,
    "ViewParam": [
      {
        "Text": "Btn 9",
        "Icon": "icons/btn_9.png"
      }
    ]
  },
  "0_2": {
    "State": 0,
    "ViewParam": [
      {
        "Text": "Btn 10",
        "Icon": "icons/btn_10.png"
      }
    ]
  },
  "1_2": {
    "State": 0,
    "ViewParam": [
      {
        "Text": "Btn 11",
        "Icon": "icons/btn_11.png"
      }
    ]
  },
  "2_2": {
    "State": 0,
    "ViewParam": [
      {
        "Text": "Btn 12",
        "Icon": "icons/btn_12.png"
      }
    ]
  }
}
[2026-03-30T14:10:40.851Z] [zip] size=18201 bytes, 18 packets
[2026-03-30T14:10:40.851Z] [zip] zip header: 50 4b 03 04 0a 00 00 00 00 00 54 71 7e 5c 00 00 00 00 00 00 00 00 00 00 00 00 06 00 00 00 69 63 ... (18201 bytes total)
[2026-03-30T14:10:40.851Z] [zip] boundary @1016: 0x16
[2026-03-30T14:10:40.851Z] [zip] boundary @2040: 0x7e
[2026-03-30T14:10:40.851Z] [zip] boundary @3064: 0x5e
[2026-03-30T14:10:40.851Z] [zip] boundary @4088: 0x6a
[2026-03-30T14:10:40.851Z] [zip] boundary @5112: 0x88
[2026-03-30T14:10:40.851Z] [zip] boundary @6136: 0xd9
[2026-03-30T14:10:40.851Z] [zip] boundary @7160: 0xed
[2026-03-30T14:10:40.851Z] [zip] boundary @8184: 0xbe
[2026-03-30T14:10:40.851Z] [zip] boundary @9208: 0x95
[2026-03-30T14:10:40.851Z] [zip] boundary @10232: 0x29
[2026-03-30T14:10:40.851Z] [zip] boundary @11256: 0x0e
[2026-03-30T14:10:40.851Z] [zip] boundary @12280: 0xb0
[2026-03-30T14:10:40.851Z] [zip] boundary @13304: 0x40
[2026-03-30T14:10:40.851Z] [zip] boundary @14328: 0x95
[2026-03-30T14:10:40.851Z] [zip] boundary @15352: 0x4e
[2026-03-30T14:10:40.851Z] [zip] boundary @16376: 0x88
[2026-03-30T14:10:40.851Z] [zip] boundary @17400: 0x5c
[2026-03-30T14:10:40.852Z] [queue] #2 SET_BUTTONS: executing
[2026-03-30T14:10:40.852Z] [send] SET_BUTTONS: sending 18 packets
[2026-03-30T14:10:40.852Z] [send]   pkt[0] header: 7c 7c 00 01 19 47 00 00 50 4b 03 04 0a 00 00 00 ... (1024 bytes total)
[2026-03-30T14:10:41.005Z] [queue] #2 SET_BUTTONS: done
[2026-03-30T14:10:41.528Z] [render] SET_BUTTONS [0,1,2,3,4,5,6,7,8,9,10,11,12] (13 buttons)
[2026-03-30T14:10:41.533Z] [zip] manifest: {
  "0_0": {
    "State": 0,
    "ViewParam": [
      {
        "Text": "Btn 0",
        "Icon": "icons/btn_0.png"
      }
    ]
  },
  "1_0": {
    "State": 0,
    "ViewParam": [
      {
        "Text": "Btn 1",
        "Icon": "icons/btn_1.png"
      }
    ]
  },
  "2_0": {
    "State": 0,
    "ViewParam": [
      {
        "Text": "Btn 2",
        "Icon": "icons/btn_2.png"
      }
    ]
  },
  "3_0": {
    "State": 0,
    "ViewParam": [
      {
        "Text": "Btn 3",
        "Icon": "icons/btn_3.png"
      }
    ]
  },
  "4_0": {
    "State": 0,
    "ViewParam": [
      {
        "Text": "Btn 4",
        "Icon": "icons/btn_4.png"
      }
    ]
  },
  "0_1": {
    "State": 0,
    "ViewParam": [
      {
        "Text": "Btn 5",
        "Icon": "icons/btn_5.png"
      }
    ]
  },
  "1_1": {
    "State": 0,
    "ViewParam": [
      {
        "Text": "Btn 6",
        "Icon": "icons/btn_6.png"
      }
    ]
  },
  "2_1": {
    "State": 0,
    "ViewParam": [
      {
        "Text": "Btn 7",
        "Icon": "icons/btn_7.png"
      }
    ]
  },
  "3_1": {
    "State": 0,
    "ViewParam": [
      {
        "Text": "Btn 8",
        "Icon": "icons/btn_8.png"
      }
    ]
  },
  "4_1": {
    "State": 0,
    "ViewParam": [
      {
        "Text": "Btn 9",
        "Icon": "icons/btn_9.png"
      }
    ]
  },
  "0_2": {
    "State": 0,
    "ViewParam": [
      {
        "Text": "Btn 10",
        "Icon": "icons/btn_10.png"
      }
    ]
  },
  "1_2": {
    "State": 0,
    "ViewParam": [
      {
        "Text": "Btn 11",
        "Icon": "icons/btn_11.png"
      }
    ]
  },
  "2_2": {
    "State": 0,
    "ViewParam": [
      {
        "Text": "Btn 12",
        "Icon": "icons/btn_12.png"
      }
    ]
  }
}
[2026-03-30T14:10:41.534Z] [zip] size=17448 bytes, 18 packets
[2026-03-30T14:10:41.534Z] [zip] boundary check FAILED attempt 1: offset 17400: 0x00
[2026-03-30T14:10:41.538Z] [zip] boundary workaround: passed on attempt 2 (dummy=8 chars)
[2026-03-30T14:10:41.538Z] [zip] zip header: 50 4b 03 04 0a 00 00 00 08 00 54 71 7e 5c b0 e3 25 7d 0a 00 00 00 08 00 00 00 09 00 00 00 64 75 ... (17552 bytes total)
[2026-03-30T14:10:41.538Z] [zip] boundary @1016: 0x33
[2026-03-30T14:10:41.538Z] [zip] boundary @2040: 0x0b
[2026-03-30T14:10:41.538Z] [zip] boundary @3064: 0x6e
[2026-03-30T14:10:41.538Z] [zip] boundary @4088: 0xbf
[2026-03-30T14:10:41.538Z] [zip] boundary @5112: 0xf1
[2026-03-30T14:10:41.538Z] [zip] boundary @6136: 0xb7
[2026-03-30T14:10:41.538Z] [zip] boundary @7160: 0x28
[2026-03-30T14:10:41.538Z] [zip] boundary @8184: 0xb6
[2026-03-30T14:10:41.538Z] [zip] boundary @9208: 0xff
[2026-03-30T14:10:41.538Z] [zip] boundary @10232: 0xd2
[2026-03-30T14:10:41.538Z] [zip] boundary @11256: 0x01
[2026-03-30T14:10:41.538Z] [zip] boundary @12280: 0x83
[2026-03-30T14:10:41.538Z] [zip] boundary @13304: 0x12
[2026-03-30T14:10:41.538Z] [zip] boundary @14328: 0xc1
[2026-03-30T14:10:41.538Z] [zip] boundary @15352: 0xb7
[2026-03-30T14:10:41.538Z] [zip] boundary @16376: 0x91
[2026-03-30T14:10:41.538Z] [zip] boundary @17400: 0x74
[2026-03-30T14:10:41.539Z] [queue] #3 SET_BUTTONS: executing
[2026-03-30T14:10:41.539Z] [send] SET_BUTTONS: sending 18 packets
[2026-03-30T14:10:41.539Z] [send]   pkt[0] header: 7c 7c 00 01 90 44 00 00 50 4b 03 04 0a 00 00 00 ... (1024 bytes total)
[2026-03-30T14:10:41.676Z] [queue] #3 SET_BUTTONS: done
[2026-03-30T14:10:42.197Z] [render] SET_BUTTONS [0,1,2,3,4,5,6,7,8,9,10,11,12] (13 buttons)
[2026-03-30T14:10:42.201Z] [zip] manifest: {
  "0_0": {
    "State": 0,
    "ViewParam": [
      {
        "Text": "Btn 0",
        "Icon": "icons/btn_0.png"
      }
    ]
  },
  "1_0": {
    "State": 0,
    "ViewParam": [
      {
        "Text": "Btn 1",
        "Icon": "icons/btn_1.png"
      }
    ]
  },
  "2_0": {
    "State": 0,
    "ViewParam": [
      {
        "Text": "Btn 2",
        "Icon": "icons/btn_2.png"
      }
    ]
  },
  "3_0": {
    "State": 0,
    "ViewParam": [
      {
        "Text": "Btn 3",
        "Icon": "icons/btn_3.png"
      }
    ]
  },
  "4_0": {
    "State": 0,
    "ViewParam": [
      {
        "Text": "Btn 4",
        "Icon": "icons/btn_4.png"
      }
    ]
  },
  "0_1": {
    "State": 0,
    "ViewParam": [
      {
        "Text": "Btn 5",
        "Icon": "icons/btn_5.png"
      }
    ]
  },
  "1_1": {
    "State": 0,
    "ViewParam": [
      {
        "Text": "Btn 6",
        "Icon": "icons/btn_6.png"
      }
    ]
  },
  "2_1": {
    "State": 0,
    "ViewParam": [
      {
        "Text": "Btn 7",
        "Icon": "icons/btn_7.png"
      }
    ]
  },
  "3_1": {
    "State": 0,
    "ViewParam": [
      {
        "Text": "Btn 8",
        "Icon": "icons/btn_8.png"
      }
    ]
  },
  "4_1": {
    "State": 0,
    "ViewParam": [
      {
        "Text": "Btn 9",
        "Icon": "icons/btn_9.png"
      }
    ]
  },
  "0_2": {
    "State": 0,
    "ViewParam": [
      {
        "Text": "Btn 10",
        "Icon": "icons/btn_10.png"
      }
    ]
  },
  "1_2": {
    "State": 0,
    "ViewParam": [
      {
        "Text": "Btn 11",
        "Icon": "icons/btn_11.png"
      }
    ]
  },
  "2_2": {
    "State": 0,
    "ViewParam": [
      {
        "Text": "Btn 12",
        "Icon": "icons/btn_12.png"
      }
    ]
  }
}
[2026-03-30T14:10:42.201Z] [zip] size=18201 bytes, 18 packets
[2026-03-30T14:10:42.201Z] [zip] zip header: 50 4b 03 04 0a 00 00 00 00 00 55 71 7e 5c 00 00 00 00 00 00 00 00 00 00 00 00 06 00 00 00 69 63 ... (18201 bytes total)
[2026-03-30T14:10:42.201Z] [zip] boundary @1016: 0x16
[2026-03-30T14:10:42.201Z] [zip] boundary @2040: 0x7e
[2026-03-30T14:10:42.201Z] [zip] boundary @3064: 0x5e
[2026-03-30T14:10:42.201Z] [zip] boundary @4088: 0x6a
[2026-03-30T14:10:42.201Z] [zip] boundary @5112: 0x88
[2026-03-30T14:10:42.201Z] [zip] boundary @6136: 0xd9
[2026-03-30T14:10:42.201Z] [zip] boundary @7160: 0xed
[2026-03-30T14:10:42.201Z] [zip] boundary @8184: 0xbe
[2026-03-30T14:10:42.201Z] [zip] boundary @9208: 0x95
[2026-03-30T14:10:42.201Z] [zip] boundary @10232: 0x29
[2026-03-30T14:10:42.201Z] [zip] boundary @11256: 0x0e
[2026-03-30T14:10:42.201Z] [zip] boundary @12280: 0xb0
[2026-03-30T14:10:42.202Z] [zip] boundary @13304: 0x40
[2026-03-30T14:10:42.202Z] [zip] boundary @14328: 0x95
[2026-03-30T14:10:42.202Z] [zip] boundary @15352: 0x4e
[2026-03-30T14:10:42.202Z] [zip] boundary @16376: 0x88
[2026-03-30T14:10:42.202Z] [zip] boundary @17400: 0x5c
[2026-03-30T14:10:42.202Z] [queue] #4 SET_BUTTONS: executing
[2026-03-30T14:10:42.202Z] [send] SET_BUTTONS: sending 18 packets
[2026-03-30T14:10:42.202Z] [send]   pkt[0] header: 7c 7c 00 01 19 47 00 00 50 4b 03 04 0a 00 00 00 ... (1024 bytes total)
[2026-03-30T14:10:42.344Z] [queue] #4 SET_BUTTONS: done
[2026-03-30T14:10:42.868Z] [render] SET_BUTTONS [0,1,2,3,4,5,6,7,8,9,10,11,12] (13 buttons)
[2026-03-30T14:10:42.884Z] [zip] manifest: {
  "0_0": {
    "State": 0,
    "ViewParam": [
      {
        "Text": "Btn 0",
        "Icon": "icons/btn_0.png"
      }
    ]
  },
  "1_0": {
    "State": 0,
    "ViewParam": [
      {
        "Text": "Btn 1",
        "Icon": "icons/btn_1.png"
      }
    ]
  },
  "2_0": {
    "State": 0,
    "ViewParam": [
      {
        "Text": "Btn 2",
        "Icon": "icons/btn_2.png"
      }
    ]
  },
  "3_0": {
    "State": 0,
    "ViewParam": [
      {
        "Text": "Btn 3",
        "Icon": "icons/btn_3.png"
      }
    ]
  },
  "4_0": {
    "State": 0,
    "ViewParam": [
      {
        "Text": "Btn 4",
        "Icon": "icons/btn_4.png"
      }
    ]
  },
  "0_1": {
    "State": 0,
    "ViewParam": [
      {
        "Text": "Btn 5",
        "Icon": "icons/btn_5.png"
      }
    ]
  },
  "1_1": {
    "State": 0,
    "ViewParam": [
      {
        "Text": "Btn 6",
        "Icon": "icons/btn_6.png"
      }
    ]
  },
  "2_1": {
    "State": 0,
    "ViewParam": [
      {
        "Text": "Btn 7",
        "Icon": "icons/btn_7.png"
      }
    ]
  },
  "3_1": {
    "State": 0,
    "ViewParam": [
      {
        "Text": "Btn 8",
        "Icon": "icons/btn_8.png"
      }
    ]
  },
  "4_1": {
    "State": 0,
    "ViewParam": [
      {
        "Text": "Btn 9",
        "Icon": "icons/btn_9.png"
      }
    ]
  },
  "0_2": {
    "State": 0,
    "ViewParam": [
      {
        "Text": "Btn 10",
        "Icon": "icons/btn_10.png"
      }
    ]
  },
  "1_2": {
    "State": 0,
    "ViewParam": [
      {
        "Text": "Btn 11",
        "Icon": "icons/btn_11.png"
      }
    ]
  },
  "2_2": {
    "State": 0,
    "ViewParam": [
      {
        "Text": "Btn 12",
        "Icon": "icons/btn_12.png"
      }
    ]
  }
}
[2026-03-30T14:10:42.885Z] [zip] size=17822 bytes, 18 packets
[2026-03-30T14:10:42.885Z] [zip] zip header: 50 4b 03 04 0a 00 00 00 00 00 55 71 7e 5c 00 00 00 00 00 00 00 00 00 00 00 00 06 00 00 00 69 63 ... (17822 bytes total)
[2026-03-30T14:10:42.885Z] [zip] boundary @1016: 0x16
[2026-03-30T14:10:42.885Z] [zip] boundary @2040: 0x11
[2026-03-30T14:10:42.885Z] [zip] boundary @3064: 0x11
[2026-03-30T14:10:42.885Z] [zip] boundary @4088: 0xac
[2026-03-30T14:10:42.885Z] [zip] boundary @5112: 0x73
[2026-03-30T14:10:42.885Z] [zip] boundary @6136: 0xbd
[2026-03-30T14:10:42.885Z] [zip] boundary @7160: 0xcf
[2026-03-30T14:10:42.885Z] [zip] boundary @8184: 0x5d
[2026-03-30T14:10:42.885Z] [zip] boundary @9208: 0xa7
[2026-03-30T14:10:42.885Z] [zip] boundary @10232: 0x8d
[2026-03-30T14:10:42.885Z] [zip] boundary @11256: 0xcf
[2026-03-30T14:10:42.885Z] [zip] boundary @12280: 0xa9
[2026-03-30T14:10:42.885Z] [zip] boundary @13304: 0xe6
[2026-03-30T14:10:42.885Z] [zip] boundary @14328: 0x67
[2026-03-30T14:10:42.885Z] [zip] boundary @15352: 0xa5
[2026-03-30T14:10:42.885Z] [zip] boundary @16376: 0x9c
[2026-03-30T14:10:42.885Z] [zip] boundary @17400: 0x0f
[2026-03-30T14:10:42.885Z] [queue] #5 SET_BUTTONS: executing
[2026-03-30T14:10:42.886Z] [send] SET_BUTTONS: sending 18 packets
[2026-03-30T14:10:42.886Z] [send]   pkt[0] header: 7c 7c 00 01 9e 45 00 00 50 4b 03 04 0a 00 00 00 ... (1024 bytes total)
[2026-03-30T14:10:43.017Z] [queue] #5 SET_BUTTONS: done
[2026-03-30T14:10:43.540Z] [render] SET_BUTTONS [0,1,2,3,4,5,6,7,8,9,10,11,12] (13 buttons)
[2026-03-30T14:10:43.545Z] [zip] manifest: {
  "0_0": {
    "State": 0,
    "ViewParam": [
      {
        "Text": "Btn 0",
        "Icon": "icons/btn_0.png"
      }
    ]
  },
  "1_0": {
    "State": 0,
    "ViewParam": [
      {
        "Text": "Btn 1",
        "Icon": "icons/btn_1.png"
      }
    ]
  },
  "2_0": {
    "State": 0,
    "ViewParam": [
      {
        "Text": "Btn 2",
        "Icon": "icons/btn_2.png"
      }
    ]
  },
  "3_0": {
    "State": 0,
    "ViewParam": [
      {
        "Text": "Btn 3",
        "Icon": "icons/btn_3.png"
      }
    ]
  },
  "4_0": {
    "State": 0,
    "ViewParam": [
      {
        "Text": "Btn 4",
        "Icon": "icons/btn_4.png"
      }
    ]
  },
  "0_1": {
    "State": 0,
    "ViewParam": [
      {
        "Text": "Btn 5",
        "Icon": "icons/btn_5.png"
      }
    ]
  },
  "1_1": {
    "State": 0,
    "ViewParam": [
      {
        "Text": "Btn 6",
        "Icon": "icons/btn_6.png"
      }
    ]
  },
  "2_1": {
    "State": 0,
    "ViewParam": [
      {
        "Text": "Btn 7",
        "Icon": "icons/btn_7.png"
      }
    ]
  },
  "3_1": {
    "State": 0,
    "ViewParam": [
      {
        "Text": "Btn 8",
        "Icon": "icons/btn_8.png"
      }
    ]
  },
  "4_1": {
    "State": 0,
    "ViewParam": [
      {
        "Text": "Btn 9",
        "Icon": "icons/btn_9.png"
      }
    ]
  },
  "0_2": {
    "State": 0,
    "ViewParam": [
      {
        "Text": "Btn 10",
        "Icon": "icons/btn_10.png"
      }
    ]
  },
  "1_2": {
    "State": 0,
    "ViewParam": [
      {
        "Text": "Btn 11",
        "Icon": "icons/btn_11.png"
      }
    ]
  },
  "2_2": {
    "State": 0,
    "ViewParam": [
      {
        "Text": "Btn 12",
        "Icon": "icons/btn_12.png"
      }
    ]
  }
}
[2026-03-30T14:10:43.545Z] [zip] size=18201 bytes, 18 packets
[2026-03-30T14:10:43.545Z] [zip] zip header: 50 4b 03 04 0a 00 00 00 00 00 55 71 7e 5c 00 00 00 00 00 00 00 00 00 00 00 00 06 00 00 00 69 63 ... (18201 bytes total)
[2026-03-30T14:10:43.545Z] [zip] boundary @1016: 0x16
[2026-03-30T14:10:43.545Z] [zip] boundary @2040: 0x7e
[2026-03-30T14:10:43.545Z] [zip] boundary @3064: 0x5e
[2026-03-30T14:10:43.545Z] [zip] boundary @4088: 0x6a
[2026-03-30T14:10:43.545Z] [zip] boundary @5112: 0x88
[2026-03-30T14:10:43.545Z] [zip] boundary @6136: 0xd9
[2026-03-30T14:10:43.545Z] [zip] boundary @7160: 0xed
[2026-03-30T14:10:43.545Z] [zip] boundary @8184: 0xbe
[2026-03-30T14:10:43.545Z] [zip] boundary @9208: 0x95
[2026-03-30T14:10:43.545Z] [zip] boundary @10232: 0x29
[2026-03-30T14:10:43.545Z] [zip] boundary @11256: 0x0e
[2026-03-30T14:10:43.545Z] [zip] boundary @12280: 0xb0
[2026-03-30T14:10:43.545Z] [zip] boundary @13304: 0x40
[2026-03-30T14:10:43.545Z] [zip] boundary @14328: 0x95
[2026-03-30T14:10:43.545Z] [zip] boundary @15352: 0x4e
[2026-03-30T14:10:43.545Z] [zip] boundary @16376: 0x88
[2026-03-30T14:10:43.546Z] [zip] boundary @17400: 0x5c
[2026-03-30T14:10:43.546Z] [queue] #6 SET_BUTTONS: executing
[2026-03-30T14:10:43.546Z] [send] SET_BUTTONS: sending 18 packets
[2026-03-30T14:10:43.546Z] [send]   pkt[0] header: 7c 7c 00 01 19 47 00 00 50 4b 03 04 0a 00 00 00 ... (1024 bytes total)
[2026-03-30T14:10:43.676Z] [queue] #6 SET_BUTTONS: done
[2026-03-30T14:10:44.203Z] [render] SET_BUTTONS [0,1,2,3,4,5,6,7,8,9,10,11,12] (13 buttons)
[2026-03-30T14:10:44.212Z] [zip] manifest: {
  "0_0": {
    "State": 0,
    "ViewParam": [
      {
        "Text": "Btn 0",
        "Icon": "icons/btn_0.png"
      }
    ]
  },
  "1_0": {
    "State": 0,
    "ViewParam": [
      {
        "Text": "Btn 1",
        "Icon": "icons/btn_1.png"
      }
    ]
  },
  "2_0": {
    "State": 0,
    "ViewParam": [
      {
        "Text": "Btn 2",
        "Icon": "icons/btn_2.png"
      }
    ]
  },
  "3_0": {
    "State": 0,
    "ViewParam": [
      {
        "Text": "Btn 3",
        "Icon": "icons/btn_3.png"
      }
    ]
  },
  "4_0": {
    "State": 0,
    "ViewParam": [
      {
        "Text": "Btn 4",
        "Icon": "icons/btn_4.png"
      }
    ]
  },
  "0_1": {
    "State": 0,
    "ViewParam": [
      {
        "Text": "Btn 5",
        "Icon": "icons/btn_5.png"
      }
    ]
  },
  "1_1": {
    "State": 0,
    "ViewParam": [
      {
        "Text": "Btn 6",
        "Icon": "icons/btn_6.png"
      }
    ]
  },
  "2_1": {
    "State": 0,
    "ViewParam": [
      {
        "Text": "Btn 7",
        "Icon": "icons/btn_7.png"
      }
    ]
  },
  "3_1": {
    "State": 0,
    "ViewParam": [
      {
        "Text": "Btn 8",
        "Icon": "icons/btn_8.png"
      }
    ]
  },
  "4_1": {
    "State": 0,
    "ViewParam": [
      {
        "Text": "Btn 9",
        "Icon": "icons/btn_9.png"
      }
    ]
  },
  "0_2": {
    "State": 0,
    "ViewParam": [
      {
        "Text": "Btn 10",
        "Icon": "icons/btn_10.png"
      }
    ]
  },
  "1_2": {
    "State": 0,
    "ViewParam": [
      {
        "Text": "Btn 11",
        "Icon": "icons/btn_11.png"
      }
    ]
  },
  "2_2": {
    "State": 0,
    "ViewParam": [
      {
        "Text": "Btn 12",
        "Icon": "icons/btn_12.png"
      }
    ]
  }
}
[2026-03-30T14:10:44.212Z] [zip] size=17566 bytes, 18 packets
[2026-03-30T14:10:44.212Z] [zip] boundary check FAILED attempt 1: offset 17400: 0x00
[2026-03-30T14:10:44.218Z] [zip] boundary workaround: passed on attempt 2 (dummy=8 chars)
[2026-03-30T14:10:44.218Z] [zip] zip header: 50 4b 03 04 0a 00 00 00 08 00 56 71 7e 5c 31 55 7c 7c 0a 00 00 00 08 00 00 00 09 00 00 00 64 75 ... (17670 bytes total)
[2026-03-30T14:10:44.218Z] [zip] boundary @1016: 0x7b
[2026-03-30T14:10:44.218Z] [zip] boundary @2040: 0xb7
[2026-03-30T14:10:44.218Z] [zip] boundary @3064: 0xbb
[2026-03-30T14:10:44.218Z] [zip] boundary @4088: 0xed
[2026-03-30T14:10:44.218Z] [zip] boundary @5112: 0xfe
[2026-03-30T14:10:44.218Z] [zip] boundary @6136: 0x39
[2026-03-30T14:10:44.218Z] [zip] boundary @7160: 0x82
[2026-03-30T14:10:44.218Z] [zip] boundary @8184: 0x66
[2026-03-30T14:10:44.218Z] [zip] boundary @9208: 0x5e
[2026-03-30T14:10:44.218Z] [zip] boundary @10232: 0x20
[2026-03-30T14:10:44.218Z] [zip] boundary @11256: 0xcb
[2026-03-30T14:10:44.218Z] [zip] boundary @12280: 0x38
[2026-03-30T14:10:44.218Z] [zip] boundary @13304: 0xcd
[2026-03-30T14:10:44.218Z] [zip] boundary @14328: 0x52
[2026-03-30T14:10:44.218Z] [zip] boundary @15352: 0xae
[2026-03-30T14:10:44.218Z] [zip] boundary @16376: 0xb7
[2026-03-30T14:10:44.218Z] [zip] boundary @17400: 0x70
[2026-03-30T14:10:44.219Z] [queue] #7 SET_BUTTONS: executing
[2026-03-30T14:10:44.219Z] [send] SET_BUTTONS: sending 18 packets
[2026-03-30T14:10:44.219Z] [send]   pkt[0] header: 7c 7c 00 01 06 45 00 00 50 4b 03 04 0a 00 00 00 ... (1024 bytes total)
[2026-03-30T14:10:44.349Z] [queue] #7 SET_BUTTONS: done
[2026-03-30T14:10:44.869Z] [render] SET_BUTTONS [0,1,2,3,4,5,6,7,8,9,10,11,12] (13 buttons)
[2026-03-30T14:10:44.874Z] [zip] manifest: {
  "0_0": {
    "State": 0,
    "ViewParam": [
      {
        "Text": "Btn 0",
        "Icon": "icons/btn_0.png"
      }
    ]
  },
  "1_0": {
    "State": 0,
    "ViewParam": [
      {
        "Text": "Btn 1",
        "Icon": "icons/btn_1.png"
      }
    ]
  },
  "2_0": {
    "State": 0,
    "ViewParam": [
      {
        "Text": "Btn 2",
        "Icon": "icons/btn_2.png"
      }
    ]
  },
  "3_0": {
    "State": 0,
    "ViewParam": [
      {
        "Text": "Btn 3",
        "Icon": "icons/btn_3.png"
      }
    ]
  },
  "4_0": {
    "State": 0,
    "ViewParam": [
      {
        "Text": "Btn 4",
        "Icon": "icons/btn_4.png"
      }
    ]
  },
  "0_1": {
    "State": 0,
    "ViewParam": [
      {
        "Text": "Btn 5",
        "Icon": "icons/btn_5.png"
      }
    ]
  },
  "1_1": {
    "State": 0,
    "ViewParam": [
      {
        "Text": "Btn 6",
        "Icon": "icons/btn_6.png"
      }
    ]
  },
  "2_1": {
    "State": 0,
    "ViewParam": [
      {
        "Text": "Btn 7",
        "Icon": "icons/btn_7.png"
      }
    ]
  },
  "3_1": {
    "State": 0,
    "ViewParam": [
      {
        "Text": "Btn 8",
        "Icon": "icons/btn_8.png"
      }
    ]
  },
  "4_1": {
    "State": 0,
    "ViewParam": [
      {
        "Text": "Btn 9",
        "Icon": "icons/btn_9.png"
      }
    ]
  },
  "0_2": {
    "State": 0,
    "ViewParam": [
      {
        "Text": "Btn 10",
        "Icon": "icons/btn_10.png"
      }
    ]
  },
  "1_2": {
    "State": 0,
    "ViewParam": [
      {
        "Text": "Btn 11",
        "Icon": "icons/btn_11.png"
      }
    ]
  },
  "2_2": {
    "State": 0,
    "ViewParam": [
      {
        "Text": "Btn 12",
        "Icon": "icons/btn_12.png"
      }
    ]
  }
}
[2026-03-30T14:10:44.874Z] [zip] size=18201 bytes, 18 packets
[2026-03-30T14:10:44.874Z] [zip] zip header: 50 4b 03 04 0a 00 00 00 00 00 56 71 7e 5c 00 00 00 00 00 00 00 00 00 00 00 00 06 00 00 00 69 63 ... (18201 bytes total)
[2026-03-30T14:10:44.874Z] [zip] boundary @1016: 0x16
[2026-03-30T14:10:44.874Z] [zip] boundary @2040: 0x7e
[2026-03-30T14:10:44.874Z] [zip] boundary @3064: 0x5e
[2026-03-30T14:10:44.875Z] [zip] boundary @4088: 0x6a
[2026-03-30T14:10:44.875Z] [zip] boundary @5112: 0x88
[2026-03-30T14:10:44.875Z] [zip] boundary @6136: 0xd9
[2026-03-30T14:10:44.875Z] [zip] boundary @7160: 0xed
[2026-03-30T14:10:44.875Z] [zip] boundary @8184: 0xbe
[2026-03-30T14:10:44.875Z] [zip] boundary @9208: 0x95
[2026-03-30T14:10:44.875Z] [zip] boundary @10232: 0x29
[2026-03-30T14:10:44.875Z] [zip] boundary @11256: 0x0e
[2026-03-30T14:10:44.875Z] [zip] boundary @12280: 0xb0
[2026-03-30T14:10:44.875Z] [zip] boundary @13304: 0x40
[2026-03-30T14:10:44.875Z] [zip] boundary @14328: 0x95
[2026-03-30T14:10:44.875Z] [zip] boundary @15352: 0x4e
[2026-03-30T14:10:44.875Z] [zip] boundary @16376: 0x88
[2026-03-30T14:10:44.875Z] [zip] boundary @17400: 0x5c
[2026-03-30T14:10:44.875Z] [queue] #8 SET_BUTTONS: executing
[2026-03-30T14:10:44.875Z] [send] SET_BUTTONS: sending 18 packets
[2026-03-30T14:10:44.875Z] [send]   pkt[0] header: 7c 7c 00 01 19 47 00 00 50 4b 03 04 0a 00 00 00 ... (1024 bytes total)
[2026-03-30T14:10:45.004Z] [queue] #8 SET_BUTTONS: done
[2026-03-30T14:10:45.527Z] [render] SET_BUTTONS [0,1,2,3,4,5,6,7,8,9,10,11,12] (13 buttons)
[2026-03-30T14:10:45.535Z] [zip] manifest: {
  "0_0": {
    "State": 0,
    "ViewParam": [
      {
        "Text": "Btn 0",
        "Icon": "icons/btn_0.png"
      }
    ]
  },
  "1_0": {
    "State": 0,
    "ViewParam": [
      {
        "Text": "Btn 1",
        "Icon": "icons/btn_1.png"
      }
    ]
  },
  "2_0": {
    "State": 0,
    "ViewParam": [
      {
        "Text": "Btn 2",
        "Icon": "icons/btn_2.png"
      }
    ]
  },
  "3_0": {
    "State": 0,
    "ViewParam": [
      {
        "Text": "Btn 3",
        "Icon": "icons/btn_3.png"
      }
    ]
  },
  "4_0": {
    "State": 0,
    "ViewParam": [
      {
        "Text": "Btn 4",
        "Icon": "icons/btn_4.png"
      }
    ]
  },
  "0_1": {
    "State": 0,
    "ViewParam": [
      {
        "Text": "Btn 5",
        "Icon": "icons/btn_5.png"
      }
    ]
  },
  "1_1": {
    "State": 0,
    "ViewParam": [
      {
        "Text": "Btn 6",
        "Icon": "icons/btn_6.png"
      }
    ]
  },
  "2_1": {
    "State": 0,
    "ViewParam": [
      {
        "Text": "Btn 7",
        "Icon": "icons/btn_7.png"
      }
    ]
  },
  "3_1": {
    "State": 0,
    "ViewParam": [
      {
        "Text": "Btn 8",
        "Icon": "icons/btn_8.png"
      }
    ]
  },
  "4_1": {
    "State": 0,
    "ViewParam": [
      {
        "Text": "Btn 9",
        "Icon": "icons/btn_9.png"
      }
    ]
  },
  "0_2": {
    "State": 0,
    "ViewParam": [
      {
        "Text": "Btn 10",
        "Icon": "icons/btn_10.png"
      }
    ]
  },
  "1_2": {
    "State": 0,
    "ViewParam": [
      {
        "Text": "Btn 11",
        "Icon": "icons/btn_11.png"
      }
    ]
  },
  "2_2": {
    "State": 0,
    "ViewParam": [
      {
        "Text": "Btn 12",
        "Icon": "icons/btn_12.png"
      }
    ]
  }
}
[2026-03-30T14:10:45.535Z] [zip] size=17448 bytes, 18 packets
[2026-03-30T14:10:45.535Z] [zip] boundary check FAILED attempt 1: offset 17400: 0x00
[2026-03-30T14:10:45.539Z] [zip] boundary workaround: passed on attempt 2 (dummy=8 chars)
[2026-03-30T14:10:45.539Z] [zip] zip header: 50 4b 03 04 0a 00 00 00 08 00 56 71 7e 5c ee 4c b8 41 0a 00 00 00 08 00 00 00 09 00 00 00 64 75 ... (17552 bytes total)
[2026-03-30T14:10:45.539Z] [zip] boundary @1016: 0x33
[2026-03-30T14:10:45.539Z] [zip] boundary @2040: 0x0b
[2026-03-30T14:10:45.539Z] [zip] boundary @3064: 0x6e
[2026-03-30T14:10:45.539Z] [zip] boundary @4088: 0xbf
[2026-03-30T14:10:45.539Z] [zip] boundary @5112: 0xf1
[2026-03-30T14:10:45.539Z] [zip] boundary @6136: 0xb7
[2026-03-30T14:10:45.539Z] [zip] boundary @7160: 0x28
[2026-03-30T14:10:45.539Z] [zip] boundary @8184: 0xb6
[2026-03-30T14:10:45.539Z] [zip] boundary @9208: 0xff
[2026-03-30T14:10:45.539Z] [zip] boundary @10232: 0xd2
[2026-03-30T14:10:45.539Z] [zip] boundary @11256: 0x01
[2026-03-30T14:10:45.539Z] [zip] boundary @12280: 0x83
[2026-03-30T14:10:45.539Z] [zip] boundary @13304: 0x12
[2026-03-30T14:10:45.539Z] [zip] boundary @14328: 0xc1
[2026-03-30T14:10:45.539Z] [zip] boundary @15352: 0xb7
[2026-03-30T14:10:45.539Z] [zip] boundary @16376: 0x91
[2026-03-30T14:10:45.539Z] [zip] boundary @17400: 0x74
[2026-03-30T14:10:45.539Z] [queue] #9 SET_BUTTONS: executing
[2026-03-30T14:10:45.539Z] [send] SET_BUTTONS: sending 18 packets
[2026-03-30T14:10:45.539Z] [send]   pkt[0] header: 7c 7c 00 01 90 44 00 00 50 4b 03 04 0a 00 00 00 ... (1024 bytes total)
[2026-03-30T14:10:45.678Z] [queue] #9 SET_BUTTONS: done
[2026-03-30T14:10:45.698Z] [render] SET_BUTTONS [0,1,2,3,4,5,6,7,8,9,10,11,12] (13 buttons)
[2026-03-30T14:10:45.702Z] [zip] manifest: {
  "0_0": {
    "State": 0,
    "ViewParam": [
      {
        "Text": "Btn 0",
        "Icon": "icons/btn_0.png"
      }
    ]
  },
  "1_0": {
    "State": 0,
    "ViewParam": [
      {
        "Text": "Btn 1",
        "Icon": "icons/btn_1.png"
      }
    ]
  },
  "2_0": {
    "State": 0,
    "ViewParam": [
      {
        "Text": "Btn 2",
        "Icon": "icons/btn_2.png"
      }
    ]
  },
  "3_0": {
    "State": 0,
    "ViewParam": [
      {
        "Text": "Btn 3",
        "Icon": "icons/btn_3.png"
      }
    ]
  },
  "4_0": {
    "State": 0,
    "ViewParam": [
      {
        "Text": "Btn 4",
        "Icon": "icons/btn_4.png"
      }
    ]
  },
  "0_1": {
    "State": 0,
    "ViewParam": [
      {
        "Text": "Btn 5",
        "Icon": "icons/btn_5.png"
      }
    ]
  },
  "1_1": {
    "State": 0,
    "ViewParam": [
      {
        "Text": "Btn 6",
        "Icon": "icons/btn_6.png"
      }
    ]
  },
  "2_1": {
    "State": 0,
    "ViewParam": [
      {
        "Text": "Btn 7",
        "Icon": "icons/btn_7.png"
      }
    ]
  },
  "3_1": {
    "State": 0,
    "ViewParam": [
      {
        "Text": "Btn 8",
        "Icon": "icons/btn_8.png"
      }
    ]
  },
  "4_1": {
    "State": 0,
    "ViewParam": [
      {
        "Text": "Btn 9",
        "Icon": "icons/btn_9.png"
      }
    ]
  },
  "0_2": {
    "State": 0,
    "ViewParam": [
      {
        "Text": "Btn 10",
        "Icon": "icons/btn_10.png"
      }
    ]
  },
  "1_2": {
    "State": 0,
    "ViewParam": [
      {
        "Text": "Btn 11",
        "Icon": "icons/btn_11.png"
      }
    ]
  },
  "2_2": {
    "State": 0,
    "ViewParam": [
      {
        "Text": "Btn 12",
        "Icon": "icons/btn_12.png"
      }
    ]
  }
}
[2026-03-30T14:10:45.702Z] [zip] size=17069 bytes, 17 packets
[2026-03-30T14:10:45.703Z] [zip] zip header: 50 4b 03 04 0a 00 00 00 00 00 56 71 7e 5c 00 00 00 00 00 00 00 00 00 00 00 00 06 00 00 00 69 63 ... (17069 bytes total)
[2026-03-30T14:10:45.703Z] [zip] boundary @1016: 0xdf
[2026-03-30T14:10:45.703Z] [zip] boundary @2040: 0xd9
[2026-03-30T14:10:45.703Z] [zip] boundary @3064: 0x66
[2026-03-30T14:10:45.703Z] [zip] boundary @4088: 0x62
[2026-03-30T14:10:45.703Z] [zip] boundary @5112: 0xfe
[2026-03-30T14:10:45.703Z] [zip] boundary @6136: 0x05
[2026-03-30T14:10:45.703Z] [zip] boundary @7160: 0x05
[2026-03-30T14:10:45.703Z] [zip] boundary @8184: 0xe0
[2026-03-30T14:10:45.703Z] [zip] boundary @9208: 0x62
[2026-03-30T14:10:45.703Z] [zip] boundary @10232: 0x55
[2026-03-30T14:10:45.703Z] [zip] boundary @11256: 0x64
[2026-03-30T14:10:45.703Z] [zip] boundary @12280: 0x8a
[2026-03-30T14:10:45.703Z] [zip] boundary @13304: 0x64
[2026-03-30T14:10:45.703Z] [zip] boundary @14328: 0x77
[2026-03-30T14:10:45.703Z] [zip] boundary @15352: 0x9b
[2026-03-30T14:10:45.703Z] [zip] boundary @16376: 0x4b
[2026-03-30T14:10:45.703Z] [queue] #10 SET_BUTTONS: executing
[2026-03-30T14:10:45.703Z] [send] SET_BUTTONS: sending 17 packets
[2026-03-30T14:10:45.703Z] [send]   pkt[0] header: 7c 7c 00 01 ad 42 00 00 50 4b 03 04 0a 00 00 00 ... (1024 bytes total)
[2026-03-30T14:10:45.839Z] [queue] #10 SET_BUTTONS: done
[2026-03-30T14:10:45.859Z] [render] SET_BUTTONS [0,1,2,3,4,5,6,7,8,9,10,11,12] (13 buttons)
[2026-03-30T14:10:45.863Z] [zip] manifest: {
  "0_0": {
    "State": 0,
    "ViewParam": [
      {
        "Text": "Btn 0",
        "Icon": "icons/btn_0.png"
      }
    ]
  },
  "1_0": {
    "State": 0,
    "ViewParam": [
      {
        "Text": "Btn 1",
        "Icon": "icons/btn_1.png"
      }
    ]
  },
  "2_0": {
    "State": 0,
    "ViewParam": [
      {
        "Text": "Btn 2",
        "Icon": "icons/btn_2.png"
      }
    ]
  },
  "3_0": {
    "State": 0,
    "ViewParam": [
      {
        "Text": "Btn 3",
        "Icon": "icons/btn_3.png"
      }
    ]
  },
  "4_0": {
    "State": 0,
    "ViewParam": [
      {
        "Text": "Btn 4",
        "Icon": "icons/btn_4.png"
      }
    ]
  },
  "0_1": {
    "State": 0,
    "ViewParam": [
      {
        "Text": "Btn 5",
        "Icon": "icons/btn_5.png"
      }
    ]
  },
  "1_1": {
    "State": 0,
    "ViewParam": [
      {
        "Text": "Btn 6",
        "Icon": "icons/btn_6.png"
      }
    ]
  },
  "2_1": {
    "State": 0,
    "ViewParam": [
      {
        "Text": "Btn 7",
        "Icon": "icons/btn_7.png"
      }
    ]
  },
  "3_1": {
    "State": 0,
    "ViewParam": [
      {
        "Text": "Btn 8",
        "Icon": "icons/btn_8.png"
      }
    ]
  },
  "4_1": {
    "State": 0,
    "ViewParam": [
      {
        "Text": "Btn 9",
        "Icon": "icons/btn_9.png"
      }
    ]
  },
  "0_2": {
    "State": 0,
    "ViewParam": [
      {
        "Text": "Btn 10",
        "Icon": "icons/btn_10.png"
      }
    ]
  },
  "1_2": {
    "State": 0,
    "ViewParam": [
      {
        "Text": "Btn 11",
        "Icon": "icons/btn_11.png"
      }
    ]
  },
  "2_2": {
    "State": 0,
    "ViewParam": [
      {
        "Text": "Btn 12",
        "Icon": "icons/btn_12.png"
      }
    ]
  }
}
[2026-03-30T14:10:45.864Z] [zip] size=16434 bytes, 17 packets
[2026-03-30T14:10:45.864Z] [zip] boundary check FAILED attempt 1: offset 16376: 0x00
[2026-03-30T14:10:45.871Z] [zip] boundary workaround: passed on attempt 2 (dummy=8 chars)
[2026-03-30T14:10:45.871Z] [zip] zip header: 50 4b 03 04 0a 00 00 00 08 00 56 71 7e 5c a2 1c 57 80 0a 00 00 00 08 00 00 00 09 00 00 00 64 75 ... (16538 bytes total)
[2026-03-30T14:10:45.871Z] [zip] boundary @1016: 0x3f
[2026-03-30T14:10:45.871Z] [zip] boundary @2040: 0x06
[2026-03-30T14:10:45.871Z] [zip] boundary @3064: 0xad
[2026-03-30T14:10:45.871Z] [zip] boundary @4088: 0x2d
[2026-03-30T14:10:45.871Z] [zip] boundary @5112: 0x9c
[2026-03-30T14:10:45.871Z] [zip] boundary @6136: 0x8a
[2026-03-30T14:10:45.871Z] [zip] boundary @7160: 0x44
[2026-03-30T14:10:45.871Z] [zip] boundary @8184: 0x0b
[2026-03-30T14:10:45.871Z] [zip] boundary @9208: 0x14
[2026-03-30T14:10:45.871Z] [zip] boundary @10232: 0x15
[2026-03-30T14:10:45.871Z] [zip] boundary @11256: 0x31
[2026-03-30T14:10:45.871Z] [zip] boundary @12280: 0xb3
[2026-03-30T14:10:45.871Z] [zip] boundary @13304: 0xb8
[2026-03-30T14:10:45.871Z] [zip] boundary @14328: 0x46
[2026-03-30T14:10:45.872Z] [zip] boundary @15352: 0x8b
[2026-03-30T14:10:45.872Z] [zip] boundary @16376: 0x31
[2026-03-30T14:10:45.872Z] [queue] #11 SET_BUTTONS: executing
[2026-03-30T14:10:45.872Z] [send] SET_BUTTONS: sending 17 packets
[2026-03-30T14:10:45.872Z] [send]   pkt[0] header: 7c 7c 00 01 9a 40 00 00 50 4b 03 04 0a 00 00 00 ... (1024 bytes total)
[2026-03-30T14:10:45.992Z] [queue] #11 SET_BUTTONS: done
[2026-03-30T14:10:46.013Z] [render] SET_BUTTONS [0,1,2,3,4,5,6,7,8,9,10,11,12] (13 buttons)
[2026-03-30T14:10:46.020Z] [zip] manifest: {
  "0_0": {
    "State": 0,
    "ViewParam": [
      {
        "Text": "Btn 0",
        "Icon": "icons/btn_0.png"
      }
    ]
  },
  "1_0": {
    "State": 0,
    "ViewParam": [
      {
        "Text": "Btn 1",
        "Icon": "icons/btn_1.png"
      }
    ]
  },
  "2_0": {
    "State": 0,
    "ViewParam": [
      {
        "Text": "Btn 2",
        "Icon": "icons/btn_2.png"
      }
    ]
  },
  "3_0": {
    "State": 0,
    "ViewParam": [
      {
        "Text": "Btn 3",
        "Icon": "icons/btn_3.png"
      }
    ]
  },
  "4_0": {
    "State": 0,
    "ViewParam": [
      {
        "Text": "Btn 4",
        "Icon": "icons/btn_4.png"
      }
    ]
  },
  "0_1": {
    "State": 0,
    "ViewParam": [
      {
        "Text": "Btn 5",
        "Icon": "icons/btn_5.png"
      }
    ]
  },
  "1_1": {
    "State": 0,
    "ViewParam": [
      {
        "Text": "Btn 6",
        "Icon": "icons/btn_6.png"
      }
    ]
  },
  "2_1": {
    "State": 0,
    "ViewParam": [
      {
        "Text": "Btn 7",
        "Icon": "icons/btn_7.png"
      }
    ]
  },
  "3_1": {
    "State": 0,
    "ViewParam": [
      {
        "Text": "Btn 8",
        "Icon": "icons/btn_8.png"
      }
    ]
  },
  "4_1": {
    "State": 0,
    "ViewParam": [
      {
        "Text": "Btn 9",
        "Icon": "icons/btn_9.png"
      }
    ]
  },
  "0_2": {
    "State": 0,
    "ViewParam": [
      {
        "Text": "Btn 10",
        "Icon": "icons/btn_10.png"
      }
    ]
  },
  "1_2": {
    "State": 0,
    "ViewParam": [
      {
        "Text": "Btn 11",
        "Icon": "icons/btn_11.png"
      }
    ]
  },
  "2_2": {
    "State": 0,
    "ViewParam": [
      {
        "Text": "Btn 12",
        "Icon": "icons/btn_12.png"
      }
    ]
  }
}
[2026-03-30T14:10:46.020Z] [zip] size=15646 bytes, 16 packets
[2026-03-30T14:10:46.020Z] [zip] boundary check FAILED attempt 1: offset 15352: 0x00
[2026-03-30T14:10:46.024Z] [zip] boundary workaround: passed on attempt 2 (dummy=8 chars)
[2026-03-30T14:10:46.024Z] [zip] zip header: 50 4b 03 04 0a 00 00 00 08 00 57 71 7e 5c c3 71 10 74 0a 00 00 00 08 00 00 00 09 00 00 00 64 75 ... (15750 bytes total)
[2026-03-30T14:10:46.024Z] [zip] boundary @1016: 0x3f
[2026-03-30T14:10:46.024Z] [zip] boundary @2040: 0x03
[2026-03-30T14:10:46.024Z] [zip] boundary @3064: 0xd2
[2026-03-30T14:10:46.024Z] [zip] boundary @4088: 0x7e
[2026-03-30T14:10:46.024Z] [zip] boundary @5112: 0xcb
[2026-03-30T14:10:46.024Z] [zip] boundary @6136: 0x29
[2026-03-30T14:10:46.024Z] [zip] boundary @7160: 0x9f
[2026-03-30T14:10:46.024Z] [zip] boundary @8184: 0x6d
[2026-03-30T14:10:46.024Z] [zip] boundary @9208: 0x5f
[2026-03-30T14:10:46.024Z] [zip] boundary @10232: 0x7e
[2026-03-30T14:10:46.024Z] [zip] boundary @11256: 0x3b
[2026-03-30T14:10:46.024Z] [zip] boundary @12280: 0x11
[2026-03-30T14:10:46.024Z] [zip] boundary @13304: 0x4f
[2026-03-30T14:10:46.024Z] [zip] boundary @14328: 0x5d
[2026-03-30T14:10:46.024Z] [zip] boundary @15352: 0x62
[2026-03-30T14:10:46.024Z] [queue] #12 SET_BUTTONS: executing
[2026-03-30T14:10:46.024Z] [send] SET_BUTTONS: sending 16 packets
[2026-03-30T14:10:46.024Z] [send]   pkt[0] header: 7c 7c 00 01 86 3d 00 00 50 4b 03 04 0a 00 00 00 ... (1024 bytes total)
[2026-03-30T14:10:46.142Z] [queue] #12 SET_BUTTONS: done
[2026-03-30T14:10:46.160Z] [render] SET_BUTTONS [0,1,2,3,4,5,6,7,8,9,10,11,12] (13 buttons)
[2026-03-30T14:10:46.167Z] [zip] manifest: {
  "0_0": {
    "State": 0,
    "ViewParam": [
      {
        "Text": "Btn 0",
        "Icon": "icons/btn_0.png"
      }
    ]
  },
  "1_0": {
    "State": 0,
    "ViewParam": [
      {
        "Text": "Btn 1",
        "Icon": "icons/btn_1.png"
      }
    ]
  },
  "2_0": {
    "State": 0,
    "ViewParam": [
      {
        "Text": "Btn 2",
        "Icon": "icons/btn_2.png"
      }
    ]
  },
  "3_0": {
    "State": 0,
    "ViewParam": [
      {
        "Text": "Btn 3",
        "Icon": "icons/btn_3.png"
      }
    ]
  },
  "4_0": {
    "State": 0,
    "ViewParam": [
      {
        "Text": "Btn 4",
        "Icon": "icons/btn_4.png"
      }
    ]
  },
  "0_1": {
    "State": 0,
    "ViewParam": [
      {
        "Text": "Btn 5",
        "Icon": "icons/btn_5.png"
      }
    ]
  },
  "1_1": {
    "State": 0,
    "ViewParam": [
      {
        "Text": "Btn 6",
        "Icon": "icons/btn_6.png"
      }
    ]
  },
  "2_1": {
    "State": 0,
    "ViewParam": [
      {
        "Text": "Btn 7",
        "Icon": "icons/btn_7.png"
      }
    ]
  },
  "3_1": {
    "State": 0,
    "ViewParam": [
      {
        "Text": "Btn 8",
        "Icon": "icons/btn_8.png"
      }
    ]
  },
  "4_1": {
    "State": 0,
    "ViewParam": [
      {
        "Text": "Btn 9",
        "Icon": "icons/btn_9.png"
      }
    ]
  },
  "0_2": {
    "State": 0,
    "ViewParam": [
      {
        "Text": "Btn 10",
        "Icon": "icons/btn_10.png"
      }
    ]
  },
  "1_2": {
    "State": 0,
    "ViewParam": [
      {
        "Text": "Btn 11",
        "Icon": "icons/btn_11.png"
      }
    ]
  },
  "2_2": {
    "State": 0,
    "ViewParam": [
      {
        "Text": "Btn 12",
        "Icon": "icons/btn_12.png"
      }
    ]
  }
}
[2026-03-30T14:10:46.168Z] [zip] size=15118 bytes, 15 packets
[2026-03-30T14:10:46.168Z] [zip] boundary check FAILED attempt 1: offset 14328: 0x00
[2026-03-30T14:10:46.178Z] [zip] boundary check FAILED attempt 2: offset 14328: 0x00
[2026-03-30T14:10:46.193Z] [zip] boundary check FAILED attempt 3: offset 2040: 0x00, offset 14328: 0x00
[2026-03-30T14:10:46.196Z] [zip] boundary check FAILED attempt 4: offset 6136: 0x00
[2026-03-30T14:10:46.201Z] [zip] boundary workaround: passed on attempt 5 (dummy=80 chars)
[2026-03-30T14:10:46.201Z] [zip] zip header: 50 4b 03 04 0a 00 00 00 08 00 57 71 7e 5c 2f 59 ff 4b 52 00 00 00 50 00 00 00 09 00 00 00 64 75 ... (15294 bytes total)
[2026-03-30T14:10:46.201Z] [zip] boundary @1016: 0x95
[2026-03-30T14:10:46.201Z] [zip] boundary @2040: 0x74
[2026-03-30T14:10:46.201Z] [zip] boundary @3064: 0xff
[2026-03-30T14:10:46.201Z] [zip] boundary @4088: 0xb6
[2026-03-30T14:10:46.201Z] [zip] boundary @5112: 0xa5
[2026-03-30T14:10:46.201Z] [zip] boundary @6136: 0x32
[2026-03-30T14:10:46.201Z] [zip] boundary @7160: 0x69
[2026-03-30T14:10:46.201Z] [zip] boundary @8184: 0xb9
[2026-03-30T14:10:46.201Z] [zip] boundary @9208: 0x91
[2026-03-30T14:10:46.201Z] [zip] boundary @10232: 0x98
[2026-03-30T14:10:46.201Z] [zip] boundary @11256: 0xf3
[2026-03-30T14:10:46.201Z] [zip] boundary @12280: 0xcf
[2026-03-30T14:10:46.201Z] [zip] boundary @13304: 0x92
[2026-03-30T14:10:46.201Z] [zip] boundary @14328: 0xff
[2026-03-30T14:10:46.201Z] [queue] #13 SET_BUTTONS: executing
[2026-03-30T14:10:46.201Z] [send] SET_BUTTONS: sending 15 packets
[2026-03-30T14:10:46.201Z] [send]   pkt[0] header: 7c 7c 00 01 be 3b 00 00 50 4b 03 04 0a 00 00 00 ... (1024 bytes total)
[2026-03-30T14:10:46.321Z] [queue] #13 SET_BUTTONS: done
[2026-03-30T14:10:47.346Z] [render] SET_BUTTONS [0,1,2,3,4,5,6,7,8,9,10,11,12] (13 buttons)
[2026-03-30T14:10:47.351Z] [zip] manifest: {
  "0_0": {
    "State": 0,
    "ViewParam": [
      {
        "Text": "Btn 0",
        "Icon": "icons/btn_0.png"
      }
    ]
  },
  "1_0": {
    "State": 0,
    "ViewParam": [
      {
        "Text": "Btn 1",
        "Icon": "icons/btn_1.png"
      }
    ]
  },
  "2_0": {
    "State": 0,
    "ViewParam": [
      {
        "Text": "Btn 2",
        "Icon": "icons/btn_2.png"
      }
    ]
  },
  "3_0": {
    "State": 0,
    "ViewParam": [
      {
        "Text": "Btn 3",
        "Icon": "icons/btn_3.png"
      }
    ]
  },
  "4_0": {
    "State": 0,
    "ViewParam": [
      {
        "Text": "Btn 4",
        "Icon": "icons/btn_4.png"
      }
    ]
  },
  "0_1": {
    "State": 0,
    "ViewParam": [
      {
        "Text": "Btn 5",
        "Icon": "icons/btn_5.png"
      }
    ]
  },
  "1_1": {
    "State": 0,
    "ViewParam": [
      {
        "Text": "Btn 6",
        "Icon": "icons/btn_6.png"
      }
    ]
  },
  "2_1": {
    "State": 0,
    "ViewParam": [
      {
        "Text": "Btn 7",
        "Icon": "icons/btn_7.png"
      }
    ]
  },
  "3_1": {
    "State": 0,
    "ViewParam": [
      {
        "Text": "Btn 8",
        "Icon": "icons/btn_8.png"
      }
    ]
  },
  "4_1": {
    "State": 0,
    "ViewParam": [
      {
        "Text": "Btn 9",
        "Icon": "icons/btn_9.png"
      }
    ]
  },
  "0_2": {
    "State": 0,
    "ViewParam": [
      {
        "Text": "Btn 10",
        "Icon": "icons/btn_10.png"
      }
    ]
  },
  "1_2": {
    "State": 0,
    "ViewParam": [
      {
        "Text": "Btn 11",
        "Icon": "icons/btn_11.png"
      }
    ]
  },
  "2_2": {
    "State": 0,
    "ViewParam": [
      {
        "Text": "Btn 12",
        "Icon": "icons/btn_12.png"
      }
    ]
  }
}
[2026-03-30T14:10:47.352Z] [zip] size=15871 bytes, 16 packets
[2026-03-30T14:10:47.352Z] [zip] zip header: 50 4b 03 04 0a 00 00 00 00 00 57 71 7e 5c 00 00 00 00 00 00 00 00 00 00 00 00 06 00 00 00 69 63 ... (15871 bytes total)
[2026-03-30T14:10:47.352Z] [zip] boundary @1016: 0x16
[2026-03-30T14:10:47.352Z] [zip] boundary @2040: 0x11
[2026-03-30T14:10:47.352Z] [zip] boundary @3064: 0x5d
[2026-03-30T14:10:47.352Z] [zip] boundary @4088: 0x8b
[2026-03-30T14:10:47.352Z] [zip] boundary @5112: 0x16
[2026-03-30T14:10:47.352Z] [zip] boundary @6136: 0x02
[2026-03-30T14:10:47.352Z] [zip] boundary @7160: 0xf6
[2026-03-30T14:10:47.352Z] [zip] boundary @8184: 0x36
[2026-03-30T14:10:47.352Z] [zip] boundary @9208: 0xc6
[2026-03-30T14:10:47.352Z] [zip] boundary @10232: 0x75
[2026-03-30T14:10:47.352Z] [zip] boundary @11256: 0x5a
[2026-03-30T14:10:47.352Z] [zip] boundary @12280: 0xea
[2026-03-30T14:10:47.352Z] [zip] boundary @13304: 0xcc
[2026-03-30T14:10:47.352Z] [zip] boundary @14328: 0xf8
[2026-03-30T14:10:47.352Z] [zip] boundary @15352: 0x74
[2026-03-30T14:10:47.352Z] [queue] #14 SET_BUTTONS: executing
[2026-03-30T14:10:47.352Z] [send] SET_BUTTONS: sending 16 packets
[2026-03-30T14:10:47.352Z] [send]   pkt[0] header: 7c 7c 00 01 ff 3d 00 00 50 4b 03 04 0a 00 00 00 ... (1024 bytes total)
[2026-03-30T14:10:47.480Z] [queue] #14 SET_BUTTONS: done
[2026-03-30T14:10:47.499Z] [render] SET_BUTTONS [0,1,2,3,4,5,6,7,8,9,10,11,12] (13 buttons)
[2026-03-30T14:10:47.503Z] [zip] manifest: {
  "0_0": {
    "State": 0,
    "ViewParam": [
      {
        "Text": "Btn 0",
        "Icon": "icons/btn_0.png"
      }
    ]
  },
  "1_0": {
    "State": 0,
    "ViewParam": [
      {
        "Text": "Btn 1",
        "Icon": "icons/btn_1.png"
      }
    ]
  },
  "2_0": {
    "State": 0,
    "ViewParam": [
      {
        "Text": "Btn 2",
        "Icon": "icons/btn_2.png"
      }
    ]
  },
  "3_0": {
    "State": 0,
    "ViewParam": [
      {
        "Text": "Btn 3",
        "Icon": "icons/btn_3.png"
      }
    ]
  },
  "4_0": {
    "State": 0,
    "ViewParam": [
      {
        "Text": "Btn 4",
        "Icon": "icons/btn_4.png"
      }
    ]
  },
  "0_1": {
    "State": 0,
    "ViewParam": [
      {
        "Text": "Btn 5",
        "Icon": "icons/btn_5.png"
      }
    ]
  },
  "1_1": {
    "State": 0,
    "ViewParam": [
      {
        "Text": "Btn 6",
        "Icon": "icons/btn_6.png"
      }
    ]
  },
  "2_1": {
    "State": 0,
    "ViewParam": [
      {
        "Text": "Btn 7",
        "Icon": "icons/btn_7.png"
      }
    ]
  },
  "3_1": {
    "State": 0,
    "ViewParam": [
      {
        "Text": "Btn 8",
        "Icon": "icons/btn_8.png"
      }
    ]
  },
  "4_1": {
    "State": 0,
    "ViewParam": [
      {
        "Text": "Btn 9",
        "Icon": "icons/btn_9.png"
      }
    ]
  },
  "0_2": {
    "State": 0,
    "ViewParam": [
      {
        "Text": "Btn 10",
        "Icon": "icons/btn_10.png"
      }
    ]
  },
  "1_2": {
    "State": 0,
    "ViewParam": [
      {
        "Text": "Btn 11",
        "Icon": "icons/btn_11.png"
      }
    ]
  },
  "2_2": {
    "State": 0,
    "ViewParam": [
      {
        "Text": "Btn 12",
        "Icon": "icons/btn_12.png"
      }
    ]
  }
}
[2026-03-30T14:10:47.503Z] [zip] size=16250 bytes, 16 packets
[2026-03-30T14:10:47.503Z] [zip] boundary check FAILED attempt 1: offset 12280: 0x00, offset 15352: 0x00
[2026-03-30T14:10:47.506Z] [zip] boundary workaround: passed on attempt 2 (dummy=8 chars)
[2026-03-30T14:10:47.506Z] [zip] zip header: 50 4b 03 04 0a 00 00 00 08 00 57 71 7e 5c 63 4a e1 f9 0a 00 00 00 08 00 00 00 09 00 00 00 64 75 ... (16354 bytes total)
[2026-03-30T14:10:47.506Z] [zip] boundary @1016: 0x7b
[2026-03-30T14:10:47.506Z] [zip] boundary @2040: 0xb7
[2026-03-30T14:10:47.506Z] [zip] boundary @3064: 0xbb
[2026-03-30T14:10:47.506Z] [zip] boundary @4088: 0xab
[2026-03-30T14:10:47.506Z] [zip] boundary @5112: 0xfb
[2026-03-30T14:10:47.506Z] [zip] boundary @6136: 0xcb
[2026-03-30T14:10:47.506Z] [zip] boundary @7160: 0xa6
[2026-03-30T14:10:47.506Z] [zip] boundary @8184: 0x4f
[2026-03-30T14:10:47.506Z] [zip] boundary @9208: 0xae
[2026-03-30T14:10:47.506Z] [zip] boundary @10232: 0x57
[2026-03-30T14:10:47.506Z] [zip] boundary @11256: 0x2e
[2026-03-30T14:10:47.506Z] [zip] boundary @12280: 0x47
[2026-03-30T14:10:47.506Z] [zip] boundary @13304: 0xa9
[2026-03-30T14:10:47.506Z] [zip] boundary @14328: 0x77
[2026-03-30T14:10:47.507Z] [zip] boundary @15352: 0x4a
[2026-03-30T14:10:47.507Z] [queue] #15 SET_BUTTONS: executing
[2026-03-30T14:10:47.507Z] [send] SET_BUTTONS: sending 16 packets
[2026-03-30T14:10:47.507Z] [send]   pkt[0] header: 7c 7c 00 01 e2 3f 00 00 50 4b 03 04 0a 00 00 00 ... (1024 bytes total)
[2026-03-30T14:10:47.626Z] [queue] #15 SET_BUTTONS: done
[2026-03-30T14:10:47.649Z] [render] SET_BUTTONS [0,1,2,3,4,5,6,7,8,9,10,11,12] (13 buttons)
[2026-03-30T14:10:47.654Z] [zip] manifest: {
  "0_0": {
    "State": 0,
    "ViewParam": [
      {
        "Text": "Btn 0",
        "Icon": "icons/btn_0.png"
      }
    ]
  },
  "1_0": {
    "State": 0,
    "ViewParam": [
      {
        "Text": "Btn 1",
        "Icon": "icons/btn_1.png"
      }
    ]
  },
  "2_0": {
    "State": 0,
    "ViewParam": [
      {
        "Text": "Btn 2",
        "Icon": "icons/btn_2.png"
      }
    ]
  },
  "3_0": {
    "State": 0,
    "ViewParam": [
      {
        "Text": "Btn 3",
        "Icon": "icons/btn_3.png"
      }
    ]
  },
  "4_0": {
    "State": 0,
    "ViewParam": [
      {
        "Text": "Btn 4",
        "Icon": "icons/btn_4.png"
      }
    ]
  },
  "0_1": {
    "State": 0,
    "ViewParam": [
      {
        "Text": "Btn 5",
        "Icon": "icons/btn_5.png"
      }
    ]
  },
  "1_1": {
    "State": 0,
    "ViewParam": [
      {
        "Text": "Btn 6",
        "Icon": "icons/btn_6.png"
      }
    ]
  },
  "2_1": {
    "State": 0,
    "ViewParam": [
      {
        "Text": "Btn 7",
        "Icon": "icons/btn_7.png"
      }
    ]
  },
  "3_1": {
    "State": 0,
    "ViewParam": [
      {
        "Text": "Btn 8",
        "Icon": "icons/btn_8.png"
      }
    ]
  },
  "4_1": {
    "State": 0,
    "ViewParam": [
      {
        "Text": "Btn 9",
        "Icon": "icons/btn_9.png"
      }
    ]
  },
  "0_2": {
    "State": 0,
    "ViewParam": [
      {
        "Text": "Btn 10",
        "Icon": "icons/btn_10.png"
      }
    ]
  },
  "1_2": {
    "State": 0,
    "ViewParam": [
      {
        "Text": "Btn 11",
        "Icon": "icons/btn_11.png"
      }
    ]
  },
  "2_2": {
    "State": 0,
    "ViewParam": [
      {
        "Text": "Btn 12",
        "Icon": "icons/btn_12.png"
      }
    ]
  }
}
[2026-03-30T14:10:47.654Z] [zip] size=16885 bytes, 17 packets
[2026-03-30T14:10:47.654Z] [zip] boundary check FAILED attempt 1: offset 14328: 0x00
[2026-03-30T14:10:47.658Z] [zip] boundary workaround: passed on attempt 2 (dummy=8 chars)
[2026-03-30T14:10:47.659Z] [zip] zip header: 50 4b 03 04 0a 00 00 00 08 00 57 71 7e 5c 90 9c 8f 3a 0a 00 00 00 08 00 00 00 09 00 00 00 64 75 ... (16989 bytes total)
[2026-03-30T14:10:47.659Z] [zip] boundary @1016: 0x7b
[2026-03-30T14:10:47.659Z] [zip] boundary @2040: 0xb7
[2026-03-30T14:10:47.659Z] [zip] boundary @3064: 0x86
[2026-03-30T14:10:47.659Z] [zip] boundary @4088: 0x04
[2026-03-30T14:10:47.659Z] [zip] boundary @5112: 0x35
[2026-03-30T14:10:47.659Z] [zip] boundary @6136: 0x31
[2026-03-30T14:10:47.659Z] [zip] boundary @7160: 0x8a
[2026-03-30T14:10:47.659Z] [zip] boundary @8184: 0x19
[2026-03-30T14:10:47.659Z] [zip] boundary @9208: 0xea
[2026-03-30T14:10:47.659Z] [zip] boundary @10232: 0x31
[2026-03-30T14:10:47.659Z] [zip] boundary @11256: 0x83
[2026-03-30T14:10:47.659Z] [zip] boundary @12280: 0x9e
[2026-03-30T14:10:47.659Z] [zip] boundary @13304: 0x0b
[2026-03-30T14:10:47.659Z] [zip] boundary @14328: 0x56
[2026-03-30T14:10:47.659Z] [zip] boundary @15352: 0x61
[2026-03-30T14:10:47.659Z] [zip] boundary @16376: 0x57
[2026-03-30T14:10:47.659Z] [queue] #16 SET_BUTTONS: executing
[2026-03-30T14:10:47.659Z] [send] SET_BUTTONS: sending 17 packets
[2026-03-30T14:10:47.659Z] [send]   pkt[0] header: 7c 7c 00 01 5d 42 00 00 50 4b 03 04 0a 00 00 00 ... (1024 bytes total)
[2026-03-30T14:10:47.781Z] [queue] #16 SET_BUTTONS: done
[2026-03-30T14:10:47.808Z] [render] SET_BUTTONS [0,1,2,3,4,5,6,7,8,9,10,11,12] (13 buttons)
[2026-03-30T14:10:47.812Z] [zip] manifest: {
  "0_0": {
    "State": 0,
    "ViewParam": [
      {
        "Text": "Btn 0",
        "Icon": "icons/btn_0.png"
      }
    ]
  },
  "1_0": {
    "State": 0,
    "ViewParam": [
      {
        "Text": "Btn 1",
        "Icon": "icons/btn_1.png"
      }
    ]
  },
  "2_0": {
    "State": 0,
    "ViewParam": [
      {
        "Text": "Btn 2",
        "Icon": "icons/btn_2.png"
      }
    ]
  },
  "3_0": {
    "State": 0,
    "ViewParam": [
      {
        "Text": "Btn 3",
        "Icon": "icons/btn_3.png"
      }
    ]
  },
  "4_0": {
    "State": 0,
    "ViewParam": [
      {
        "Text": "Btn 4",
        "Icon": "icons/btn_4.png"
      }
    ]
  },
  "0_1": {
    "State": 0,
    "ViewParam": [
      {
        "Text": "Btn 5",
        "Icon": "icons/btn_5.png"
      }
    ]
  },
  "1_1": {
    "State": 0,
    "ViewParam": [
      {
        "Text": "Btn 6",
        "Icon": "icons/btn_6.png"
      }
    ]
  },
  "2_1": {
    "State": 0,
    "ViewParam": [
      {
        "Text": "Btn 7",
        "Icon": "icons/btn_7.png"
      }
    ]
  },
  "3_1": {
    "State": 0,
    "ViewParam": [
      {
        "Text": "Btn 8",
        "Icon": "icons/btn_8.png"
      }
    ]
  },
  "4_1": {
    "State": 0,
    "ViewParam": [
      {
        "Text": "Btn 9",
        "Icon": "icons/btn_9.png"
      }
    ]
  },
  "0_2": {
    "State": 0,
    "ViewParam": [
      {
        "Text": "Btn 10",
        "Icon": "icons/btn_10.png"
      }
    ]
  },
  "1_2": {
    "State": 0,
    "ViewParam": [
      {
        "Text": "Btn 11",
        "Icon": "icons/btn_11.png"
      }
    ]
  },
  "2_2": {
    "State": 0,
    "ViewParam": [
      {
        "Text": "Btn 12",
        "Icon": "icons/btn_12.png"
      }
    ]
  }
}
[2026-03-30T14:10:47.812Z] [zip] size=17673 bytes, 18 packets
[2026-03-30T14:10:47.812Z] [zip] zip header: 50 4b 03 04 0a 00 00 00 00 00 57 71 7e 5c 00 00 00 00 00 00 00 00 00 00 00 00 06 00 00 00 69 63 ... (17673 bytes total)
[2026-03-30T14:10:47.812Z] [zip] boundary @1016: 0x16
[2026-03-30T14:10:47.812Z] [zip] boundary @2040: 0x7e
[2026-03-30T14:10:47.812Z] [zip] boundary @3064: 0x5e
[2026-03-30T14:10:47.812Z] [zip] boundary @4088: 0x6a
[2026-03-30T14:10:47.812Z] [zip] boundary @5112: 0x88
[2026-03-30T14:10:47.812Z] [zip] boundary @6136: 0x95
[2026-03-30T14:10:47.812Z] [zip] boundary @7160: 0x50
[2026-03-30T14:10:47.812Z] [zip] boundary @8184: 0x2b
[2026-03-30T14:10:47.812Z] [zip] boundary @9208: 0x0a
[2026-03-30T14:10:47.812Z] [zip] boundary @10232: 0x8b
[2026-03-30T14:10:47.812Z] [zip] boundary @11256: 0xd3
[2026-03-30T14:10:47.812Z] [zip] boundary @12280: 0xcb
[2026-03-30T14:10:47.812Z] [zip] boundary @13304: 0xd0
[2026-03-30T14:10:47.812Z] [zip] boundary @14328: 0xcf
[2026-03-30T14:10:47.812Z] [zip] boundary @15352: 0x58
[2026-03-30T14:10:47.812Z] [zip] boundary @16376: 0x1b
[2026-03-30T14:10:47.812Z] [zip] boundary @17400: 0x5f
[2026-03-30T14:10:47.812Z] [queue] #17 SET_BUTTONS: executing
[2026-03-30T14:10:47.812Z] [send] SET_BUTTONS: sending 18 packets
[2026-03-30T14:10:47.812Z] [send]   pkt[0] header: 7c 7c 00 01 09 45 00 00 50 4b 03 04 0a 00 00 00 ... (1024 bytes total)
[2026-03-30T14:10:47.932Z] [queue] #17 SET_BUTTONS: done
[2026-03-30T14:10:47.951Z] [render] SET_BUTTONS [0,1,2,3,4,5,6,7,8,9,10,11,12] (13 buttons)
[2026-03-30T14:10:47.955Z] [zip] manifest: {
  "0_0": {
    "State": 0,
    "ViewParam": [
      {
        "Text": "Btn 0",
        "Icon": "icons/btn_0.png"
      }
    ]
  },
  "1_0": {
    "State": 0,
    "ViewParam": [
      {
        "Text": "Btn 1",
        "Icon": "icons/btn_1.png"
      }
    ]
  },
  "2_0": {
    "State": 0,
    "ViewParam": [
      {
        "Text": "Btn 2",
        "Icon": "icons/btn_2.png"
      }
    ]
  },
  "3_0": {
    "State": 0,
    "ViewParam": [
      {
        "Text": "Btn 3",
        "Icon": "icons/btn_3.png"
      }
    ]
  },
  "4_0": {
    "State": 0,
    "ViewParam": [
      {
        "Text": "Btn 4",
        "Icon": "icons/btn_4.png"
      }
    ]
  },
  "0_1": {
    "State": 0,
    "ViewParam": [
      {
        "Text": "Btn 5",
        "Icon": "icons/btn_5.png"
      }
    ]
  },
  "1_1": {
    "State": 0,
    "ViewParam": [
      {
        "Text": "Btn 6",
        "Icon": "icons/btn_6.png"
      }
    ]
  },
  "2_1": {
    "State": 0,
    "ViewParam": [
      {
        "Text": "Btn 7",
        "Icon": "icons/btn_7.png"
      }
    ]
  },
  "3_1": {
    "State": 0,
    "ViewParam": [
      {
        "Text": "Btn 8",
        "Icon": "icons/btn_8.png"
      }
    ]
  },
  "4_1": {
    "State": 0,
    "ViewParam": [
      {
        "Text": "Btn 9",
        "Icon": "icons/btn_9.png"
      }
    ]
  },
  "0_2": {
    "State": 0,
    "ViewParam": [
      {
        "Text": "Btn 10",
        "Icon": "icons/btn_10.png"
      }
    ]
  },
  "1_2": {
    "State": 0,
    "ViewParam": [
      {
        "Text": "Btn 11",
        "Icon": "icons/btn_11.png"
      }
    ]
  },
  "2_2": {
    "State": 0,
    "ViewParam": [
      {
        "Text": "Btn 12",
        "Icon": "icons/btn_12.png"
      }
    ]
  }
}
[2026-03-30T14:10:47.955Z] [zip] size=18201 bytes, 18 packets
[2026-03-30T14:10:47.955Z] [zip] zip header: 50 4b 03 04 0a 00 00 00 00 00 57 71 7e 5c 00 00 00 00 00 00 00 00 00 00 00 00 06 00 00 00 69 63 ... (18201 bytes total)
[2026-03-30T14:10:47.955Z] [zip] boundary @1016: 0x16
[2026-03-30T14:10:47.955Z] [zip] boundary @2040: 0x7e
[2026-03-30T14:10:47.955Z] [zip] boundary @3064: 0x5e
[2026-03-30T14:10:47.955Z] [zip] boundary @4088: 0x6a
[2026-03-30T14:10:47.955Z] [zip] boundary @5112: 0x88
[2026-03-30T14:10:47.955Z] [zip] boundary @6136: 0xd9
[2026-03-30T14:10:47.955Z] [zip] boundary @7160: 0xed
[2026-03-30T14:10:47.955Z] [zip] boundary @8184: 0xbe
[2026-03-30T14:10:47.955Z] [zip] boundary @9208: 0x95
[2026-03-30T14:10:47.955Z] [zip] boundary @10232: 0x29
[2026-03-30T14:10:47.955Z] [zip] boundary @11256: 0x0e
[2026-03-30T14:10:47.955Z] [zip] boundary @12280: 0xb0
[2026-03-30T14:10:47.955Z] [zip] boundary @13304: 0x40
[2026-03-30T14:10:47.955Z] [zip] boundary @14328: 0x95
[2026-03-30T14:10:47.955Z] [zip] boundary @15352: 0x4e
[2026-03-30T14:10:47.955Z] [zip] boundary @16376: 0x88
[2026-03-30T14:10:47.955Z] [zip] boundary @17400: 0x5c
[2026-03-30T14:10:47.955Z] [queue] #18 SET_BUTTONS: executing
[2026-03-30T14:10:47.955Z] [send] SET_BUTTONS: sending 18 packets
[2026-03-30T14:10:47.955Z] [send]   pkt[0] header: 7c 7c 00 01 19 47 00 00 50 4b 03 04 0a 00 00 00 ... (1024 bytes total)
[2026-03-30T14:10:48.076Z] [queue] #18 SET_BUTTONS: done
[2026-03-30T14:10:48.129Z] [recv] raw 7c 7c 01 01 f6 03 00 00 01 09 01 01 00 00 00 00 ... (1024 bytes total)
[2026-03-30T14:10:48.129Z] [recv] BUTTON btn=9 pressed=true state=1 raw=[01090101]
[2026-03-30T14:10:48.147Z] [render] SET_BUTTONS [0,1,2,3,4,5,6,7,8,9,10,11,12] (13 buttons)
[2026-03-30T14:10:48.151Z] [zip] manifest: {
  "0_0": {
    "State": 0,
    "ViewParam": [
      {
        "Text": "Btn 0",
        "Icon": "icons/btn_0.png"
      }
    ]
  },
  "1_0": {
    "State": 0,
    "ViewParam": [
      {
        "Text": "Btn 1",
        "Icon": "icons/btn_1.png"
      }
    ]
  },
  "2_0": {
    "State": 0,
    "ViewParam": [
      {
        "Text": "Btn 2",
        "Icon": "icons/btn_2.png"
      }
    ]
  },
  "3_0": {
    "State": 0,
    "ViewParam": [
      {
        "Text": "Btn 3",
        "Icon": "icons/btn_3.png"
      }
    ]
  },
  "4_0": {
    "State": 0,
    "ViewParam": [
      {
        "Text": "Btn 4",
        "Icon": "icons/btn_4.png"
      }
    ]
  },
  "0_1": {
    "State": 0,
    "ViewParam": [
      {
        "Text": "Btn 5",
        "Icon": "icons/btn_5.png"
      }
    ]
  },
  "1_1": {
    "State": 0,
    "ViewParam": [
      {
        "Text": "Btn 6",
        "Icon": "icons/btn_6.png"
      }
    ]
  },
  "2_1": {
    "State": 0,
    "ViewParam": [
      {
        "Text": "Btn 7",
        "Icon": "icons/btn_7.png"
      }
    ]
  },
  "3_1": {
    "State": 0,
    "ViewParam": [
      {
        "Text": "Btn 8",
        "Icon": "icons/btn_8.png"
      }
    ]
  },
  "4_1": {
    "State": 0,
    "ViewParam": [
      {
        "Text": "Btn 9",
        "Icon": "icons/btn_9.png"
      }
    ]
  },
  "0_2": {
    "State": 0,
    "ViewParam": [
      {
        "Text": "Btn 10",
        "Icon": "icons/btn_10.png"
      }
    ]
  },
  "1_2": {
    "State": 0,
    "ViewParam": [
      {
        "Text": "Btn 11",
        "Icon": "icons/btn_11.png"
      }
    ]
  },
  "2_2": {
    "State": 0,
    "ViewParam": [
      {
        "Text": "Btn 12",
        "Icon": "icons/btn_12.png"
      }
    ]
  }
}
[2026-03-30T14:10:48.151Z] [zip] size=17425 bytes, 18 packets
[2026-03-30T14:10:48.151Z] [zip] zip header: 50 4b 03 04 0a 00 00 00 00 00 58 71 7e 5c 00 00 00 00 00 00 00 00 00 00 00 00 06 00 00 00 69 63 ... (17425 bytes total)
[2026-03-30T14:10:48.151Z] [zip] boundary @1016: 0x16
[2026-03-30T14:10:48.151Z] [zip] boundary @2040: 0x7e
[2026-03-30T14:10:48.151Z] [zip] boundary @3064: 0x5e
[2026-03-30T14:10:48.151Z] [zip] boundary @4088: 0x6a
[2026-03-30T14:10:48.151Z] [zip] boundary @5112: 0x88
[2026-03-30T14:10:48.151Z] [zip] boundary @6136: 0xd9
[2026-03-30T14:10:48.151Z] [zip] boundary @7160: 0xed
[2026-03-30T14:10:48.151Z] [zip] boundary @8184: 0xbe
[2026-03-30T14:10:48.151Z] [zip] boundary @9208: 0x95
[2026-03-30T14:10:48.151Z] [zip] boundary @10232: 0x29
[2026-03-30T14:10:48.151Z] [zip] boundary @11256: 0x0e
[2026-03-30T14:10:48.151Z] [zip] boundary @12280: 0xda
[2026-03-30T14:10:48.151Z] [zip] boundary @13304: 0xd1
[2026-03-30T14:10:48.151Z] [zip] boundary @14328: 0xe8
[2026-03-30T14:10:48.151Z] [zip] boundary @15352: 0x06
[2026-03-30T14:10:48.151Z] [zip] boundary @16376: 0x6c
[2026-03-30T14:10:48.151Z] [zip] boundary @17400: 0x73
[2026-03-30T14:10:48.151Z] [queue] #19 SET_BUTTONS: executing
[2026-03-30T14:10:48.151Z] [send] SET_BUTTONS: sending 18 packets
[2026-03-30T14:10:48.151Z] [send]   pkt[0] header: 7c 7c 00 01 11 44 00 00 50 4b 03 04 0a 00 00 00 ... (1024 bytes total)
[2026-03-30T14:10:48.180Z] [recv] raw 7c 7c 01 01 f6 03 00 00 01 09 01 00 00 00 00 00 ... (1024 bytes total)
[2026-03-30T14:10:48.181Z] [recv] BUTTON btn=9 pressed=false state=1 raw=[01090100]
[2026-03-30T14:10:48.230Z] [recv] raw 7c 7c 01 01 f6 03 00 00 01 09 01 01 00 00 00 00 ... (1024 bytes total)
[2026-03-30T14:10:48.236Z] [recv] BUTTON btn=9 pressed=true state=1 raw=[01090101]
[2026-03-30T14:10:48.272Z] [queue] #19 SET_BUTTONS: done
[2026-03-30T14:10:48.281Z] [recv] raw 7c 7c 01 01 f6 03 00 00 01 09 01 00 00 00 00 00 ... (1024 bytes total)
[2026-03-30T14:10:48.281Z] [recv] BUTTON btn=9 pressed=false state=1 raw=[01090100]
[2026-03-30T14:10:48.288Z] [render] SET_BUTTONS [0,1,2,3,4,5,6,7,8,9,10,11,12] (13 buttons)
[2026-03-30T14:10:48.295Z] [zip] manifest: {
  "0_0": {
    "State": 0,
    "ViewParam": [
      {
        "Text": "Btn 0",
        "Icon": "icons/btn_0.png"
      }
    ]
  },
  "1_0": {
    "State": 0,
    "ViewParam": [
      {
        "Text": "Btn 1",
        "Icon": "icons/btn_1.png"
      }
    ]
  },
  "2_0": {
    "State": 0,
    "ViewParam": [
      {
        "Text": "Btn 2",
        "Icon": "icons/btn_2.png"
      }
    ]
  },
  "3_0": {
    "State": 0,
    "ViewParam": [
      {
        "Text": "Btn 3",
        "Icon": "icons/btn_3.png"
      }
    ]
  },
  "4_0": {
    "State": 0,
    "ViewParam": [
      {
        "Text": "Btn 4",
        "Icon": "icons/btn_4.png"
      }
    ]
  },
  "0_1": {
    "State": 0,
    "ViewParam": [
      {
        "Text": "Btn 5",
        "Icon": "icons/btn_5.png"
      }
    ]
  },
  "1_1": {
    "State": 0,
    "ViewParam": [
      {
        "Text": "Btn 6",
        "Icon": "icons/btn_6.png"
      }
    ]
  },
  "2_1": {
    "State": 0,
    "ViewParam": [
      {
        "Text": "Btn 7",
        "Icon": "icons/btn_7.png"
      }
    ]
  },
  "3_1": {
    "State": 0,
    "ViewParam": [
      {
        "Text": "Btn 8",
        "Icon": "icons/btn_8.png"
      }
    ]
  },
  "4_1": {
    "State": 0,
    "ViewParam": [
      {
        "Text": "Btn 9",
        "Icon": "icons/btn_9.png"
      }
    ]
  },
  "0_2": {
    "State": 0,
    "ViewParam": [
      {
        "Text": "Btn 10",
        "Icon": "icons/btn_10.png"
      }
    ]
  },
  "1_2": {
    "State": 0,
    "ViewParam": [
      {
        "Text": "Btn 11",
        "Icon": "icons/btn_11.png"
      }
    ]
  },
  "2_2": {
    "State": 0,
    "ViewParam": [
      {
        "Text": "Btn 12",
        "Icon": "icons/btn_12.png"
      }
    ]
  }
}
[2026-03-30T14:10:48.295Z] [zip] size=18201 bytes, 18 packets
[2026-03-30T14:10:48.295Z] [zip] zip header: 50 4b 03 04 0a 00 00 00 00 00 58 71 7e 5c 00 00 00 00 00 00 00 00 00 00 00 00 06 00 00 00 69 63 ... (18201 bytes total)
[2026-03-30T14:10:48.295Z] [zip] boundary @1016: 0x16
[2026-03-30T14:10:48.295Z] [zip] boundary @2040: 0x7e
[2026-03-30T14:10:48.295Z] [zip] boundary @3064: 0x5e
[2026-03-30T14:10:48.295Z] [zip] boundary @4088: 0x6a
[2026-03-30T14:10:48.295Z] [zip] boundary @5112: 0x88
[2026-03-30T14:10:48.295Z] [zip] boundary @6136: 0xd9
[2026-03-30T14:10:48.295Z] [zip] boundary @7160: 0xed
[2026-03-30T14:10:48.295Z] [zip] boundary @8184: 0xbe
[2026-03-30T14:10:48.295Z] [zip] boundary @9208: 0x95
[2026-03-30T14:10:48.295Z] [zip] boundary @10232: 0x29
[2026-03-30T14:10:48.295Z] [zip] boundary @11256: 0x0e
[2026-03-30T14:10:48.295Z] [zip] boundary @12280: 0xb0
[2026-03-30T14:10:48.295Z] [zip] boundary @13304: 0x40
[2026-03-30T14:10:48.295Z] [zip] boundary @14328: 0x95
[2026-03-30T14:10:48.295Z] [zip] boundary @15352: 0x4e
[2026-03-30T14:10:48.295Z] [zip] boundary @16376: 0x88
[2026-03-30T14:10:48.295Z] [zip] boundary @17400: 0x5c
[2026-03-30T14:10:48.295Z] [queue] #20 SET_BUTTONS: executing
[2026-03-30T14:10:48.295Z] [send] SET_BUTTONS: sending 18 packets
[2026-03-30T14:10:48.295Z] [send]   pkt[0] header: 7c 7c 00 01 19 47 00 00 50 4b 03 04 0a 00 00 00 ... (1024 bytes total)
[2026-03-30T14:10:48.332Z] [recv] raw 7c 7c 01 01 f6 03 00 00 01 09 01 01 00 00 00 00 ... (1024 bytes total)
[2026-03-30T14:10:48.332Z] [recv] BUTTON btn=9 pressed=true state=1 raw=[01090101]
[2026-03-30T14:10:48.383Z] [recv] raw 7c 7c 01 01 f6 03 00 00 01 09 01 00 00 00 00 00 ... (1024 bytes total)
[2026-03-30T14:10:48.383Z] [recv] BUTTON btn=9 pressed=false state=1 raw=[01090100]
[2026-03-30T14:10:48.417Z] [queue] #20 SET_BUTTONS: done
[2026-03-30T14:10:48.433Z] [recv] raw 7c 7c 01 01 f6 03 00 00 01 08 01 01 00 00 00 00 ... (1024 bytes total)
[2026-03-30T14:10:48.434Z] [recv] BUTTON btn=8 pressed=true state=1 raw=[01080101]
[2026-03-30T14:10:48.434Z] [render] SET_BUTTONS [0,1,2,3,4,5,6,7,8,9,10,11,12] (13 buttons)
[2026-03-30T14:10:48.438Z] [zip] manifest: {
  "0_0": {
    "State": 0,
    "ViewParam": [
      {
        "Text": "Btn 0",
        "Icon": "icons/btn_0.png"
      }
    ]
  },
  "1_0": {
    "State": 0,
    "ViewParam": [
      {
        "Text": "Btn 1",
        "Icon": "icons/btn_1.png"
      }
    ]
  },
  "2_0": {
    "State": 0,
    "ViewParam": [
      {
        "Text": "Btn 2",
        "Icon": "icons/btn_2.png"
      }
    ]
  },
  "3_0": {
    "State": 0,
    "ViewParam": [
      {
        "Text": "Btn 3",
        "Icon": "icons/btn_3.png"
      }
    ]
  },
  "4_0": {
    "State": 0,
    "ViewParam": [
      {
        "Text": "Btn 4",
        "Icon": "icons/btn_4.png"
      }
    ]
  },
  "0_1": {
    "State": 0,
    "ViewParam": [
      {
        "Text": "Btn 5",
        "Icon": "icons/btn_5.png"
      }
    ]
  },
  "1_1": {
    "State": 0,
    "ViewParam": [
      {
        "Text": "Btn 6",
        "Icon": "icons/btn_6.png"
      }
    ]
  },
  "2_1": {
    "State": 0,
    "ViewParam": [
      {
        "Text": "Btn 7",
        "Icon": "icons/btn_7.png"
      }
    ]
  },
  "3_1": {
    "State": 0,
    "ViewParam": [
      {
        "Text": "Btn 8",
        "Icon": "icons/btn_8.png"
      }
    ]
  },
  "4_1": {
    "State": 0,
    "ViewParam": [
      {
        "Text": "Btn 9",
        "Icon": "icons/btn_9.png"
      }
    ]
  },
  "0_2": {
    "State": 0,
    "ViewParam": [
      {
        "Text": "Btn 10",
        "Icon": "icons/btn_10.png"
      }
    ]
  },
  "1_2": {
    "State": 0,
    "ViewParam": [
      {
        "Text": "Btn 11",
        "Icon": "icons/btn_11.png"
      }
    ]
  },
  "2_2": {
    "State": 0,
    "ViewParam": [
      {
        "Text": "Btn 12",
        "Icon": "icons/btn_12.png"
      }
    ]
  }
}
[2026-03-30T14:10:48.438Z] [zip] size=18201 bytes, 18 packets
[2026-03-30T14:10:48.438Z] [zip] zip header: 50 4b 03 04 0a 00 00 00 00 00 58 71 7e 5c 00 00 00 00 00 00 00 00 00 00 00 00 06 00 00 00 69 63 ... (18201 bytes total)
[2026-03-30T14:10:48.438Z] [zip] boundary @1016: 0x16
[2026-03-30T14:10:48.438Z] [zip] boundary @2040: 0x7e
[2026-03-30T14:10:48.438Z] [zip] boundary @3064: 0x5e
[2026-03-30T14:10:48.438Z] [zip] boundary @4088: 0x6a
[2026-03-30T14:10:48.438Z] [zip] boundary @5112: 0x88
[2026-03-30T14:10:48.438Z] [zip] boundary @6136: 0xd9
[2026-03-30T14:10:48.438Z] [zip] boundary @7160: 0xed
[2026-03-30T14:10:48.438Z] [zip] boundary @8184: 0xbe
[2026-03-30T14:10:48.438Z] [zip] boundary @9208: 0x95
[2026-03-30T14:10:48.438Z] [zip] boundary @10232: 0x29
[2026-03-30T14:10:48.438Z] [zip] boundary @11256: 0x0e
[2026-03-30T14:10:48.438Z] [zip] boundary @12280: 0xb0
[2026-03-30T14:10:48.438Z] [zip] boundary @13304: 0x40
[2026-03-30T14:10:48.438Z] [zip] boundary @14328: 0x95
[2026-03-30T14:10:48.438Z] [zip] boundary @15352: 0x4e
[2026-03-30T14:10:48.438Z] [zip] boundary @16376: 0x88
[2026-03-30T14:10:48.438Z] [zip] boundary @17400: 0x5c
[2026-03-30T14:10:48.438Z] [queue] #21 SET_BUTTONS: executing
[2026-03-30T14:10:48.438Z] [send] SET_BUTTONS: sending 18 packets
[2026-03-30T14:10:48.438Z] [send]   pkt[0] header: 7c 7c 00 01 19 47 00 00 50 4b 03 04 0a 00 00 00 ... (1024 bytes total)
[2026-03-30T14:10:48.492Z] [recv] raw 7c 7c 01 01 f6 03 00 00 01 08 01 00 00 00 00 00 ... (1024 bytes total)
[2026-03-30T14:10:48.492Z] [recv] BUTTON btn=8 pressed=false state=1 raw=[01080100]
[2026-03-30T14:10:48.542Z] [recv] raw 7c 7c 01 01 f6 03 00 00 01 08 01 01 00 00 00 00 ... (1024 bytes total)
[2026-03-30T14:10:48.543Z] [recv] BUTTON btn=8 pressed=true state=1 raw=[01080101]
[2026-03-30T14:10:48.557Z] [queue] #21 SET_BUTTONS: done
[2026-03-30T14:10:48.573Z] [render] SET_BUTTONS [0,1,2,3,4,5,6,7,8,9,10,11,12] (13 buttons)
[2026-03-30T14:10:48.578Z] [zip] manifest: {
  "0_0": {
    "State": 0,
    "ViewParam": [
      {
        "Text": "Btn 0",
        "Icon": "icons/btn_0.png"
      }
    ]
  },
  "1_0": {
    "State": 0,
    "ViewParam": [
      {
        "Text": "Btn 1",
        "Icon": "icons/btn_1.png"
      }
    ]
  },
  "2_0": {
    "State": 0,
    "ViewParam": [
      {
        "Text": "Btn 2",
        "Icon": "icons/btn_2.png"
      }
    ]
  },
  "3_0": {
    "State": 0,
    "ViewParam": [
      {
        "Text": "Btn 3",
        "Icon": "icons/btn_3.png"
      }
    ]
  },
  "4_0": {
    "State": 0,
    "ViewParam": [
      {
        "Text": "Btn 4",
        "Icon": "icons/btn_4.png"
      }
    ]
  },
  "0_1": {
    "State": 0,
    "ViewParam": [
      {
        "Text": "Btn 5",
        "Icon": "icons/btn_5.png"
      }
    ]
  },
  "1_1": {
    "State": 0,
    "ViewParam": [
      {
        "Text": "Btn 6",
        "Icon": "icons/btn_6.png"
      }
    ]
  },
  "2_1": {
    "State": 0,
    "ViewParam": [
      {
        "Text": "Btn 7",
        "Icon": "icons/btn_7.png"
      }
    ]
  },
  "3_1": {
    "State": 0,
    "ViewParam": [
      {
        "Text": "Btn 8",
        "Icon": "icons/btn_8.png"
      }
    ]
  },
  "4_1": {
    "State": 0,
    "ViewParam": [
      {
        "Text": "Btn 9",
        "Icon": "icons/btn_9.png"
      }
    ]
  },
  "0_2": {
    "State": 0,
    "ViewParam": [
      {
        "Text": "Btn 10",
        "Icon": "icons/btn_10.png"
      }
    ]
  },
  "1_2": {
    "State": 0,
    "ViewParam": [
      {
        "Text": "Btn 11",
        "Icon": "icons/btn_11.png"
      }
    ]
  },
  "2_2": {
    "State": 0,
    "ViewParam": [
      {
        "Text": "Btn 12",
        "Icon": "icons/btn_12.png"
      }
    ]
  }
}
[2026-03-30T14:10:48.578Z] [zip] size=17435 bytes, 18 packets
[2026-03-30T14:10:48.578Z] [zip] boundary check FAILED attempt 1: offset 16376: 0x7c
[2026-03-30T14:10:48.583Z] [zip] boundary workaround: passed on attempt 2 (dummy=8 chars)
[2026-03-30T14:10:48.583Z] [zip] zip header: 50 4b 03 04 0a 00 00 00 08 00 58 71 7e 5c 71 04 21 79 0a 00 00 00 08 00 00 00 09 00 00 00 64 75 ... (17539 bytes total)
[2026-03-30T14:10:48.583Z] [zip] boundary @1016: 0x7b
[2026-03-30T14:10:48.583Z] [zip] boundary @2040: 0xb7
[2026-03-30T14:10:48.583Z] [zip] boundary @3064: 0x86
[2026-03-30T14:10:48.583Z] [zip] boundary @4088: 0xd8
[2026-03-30T14:10:48.583Z] [zip] boundary @5112: 0x7a
[2026-03-30T14:10:48.583Z] [zip] boundary @6136: 0x13
[2026-03-30T14:10:48.583Z] [zip] boundary @7160: 0xdc
[2026-03-30T14:10:48.583Z] [zip] boundary @8184: 0x8e
[2026-03-30T14:10:48.583Z] [zip] boundary @9208: 0xf4
[2026-03-30T14:10:48.583Z] [zip] boundary @10232: 0xad
[2026-03-30T14:10:48.583Z] [zip] boundary @11256: 0xb3
[2026-03-30T14:10:48.583Z] [zip] boundary @12280: 0x62
[2026-03-30T14:10:48.583Z] [zip] boundary @13304: 0x25
[2026-03-30T14:10:48.583Z] [zip] boundary @14328: 0xf5
[2026-03-30T14:10:48.583Z] [zip] boundary @15352: 0x2d
[2026-03-30T14:10:48.583Z] [zip] boundary @16376: 0xae
[2026-03-30T14:10:48.583Z] [zip] boundary @17400: 0x14
[2026-03-30T14:10:48.583Z] [queue] #22 SET_BUTTONS: executing
[2026-03-30T14:10:48.583Z] [send] SET_BUTTONS: sending 18 packets
[2026-03-30T14:10:48.583Z] [send]   pkt[0] header: 7c 7c 00 01 83 44 00 00 50 4b 03 04 0a 00 00 00 ... (1024 bytes total)
[2026-03-30T14:10:48.600Z] [recv] raw 7c 7c 01 01 f6 03 00 00 01 08 01 00 00 00 00 00 ... (1024 bytes total)
[2026-03-30T14:10:48.600Z] [recv] BUTTON btn=8 pressed=false state=1 raw=[01080100]
[2026-03-30T14:10:48.650Z] [recv] raw 7c 7c 01 01 f6 03 00 00 00 0d 01 01 00 00 00 00 ... (1024 bytes total)
[2026-03-30T14:10:48.650Z] [recv] info-window mode=0 raw=[000d0101]
[2026-03-30T14:10:48.701Z] [queue] #22 SET_BUTTONS: done
[2026-03-30T14:10:48.701Z] [recv] raw 7c 7c 01 01 f6 03 00 00 00 0d 00 01 00 00 00 00 ... (1024 bytes total)
[2026-03-30T14:10:48.701Z] [recv] info-window mode=0 raw=[000d0001]
[2026-03-30T14:10:48.718Z] [render] SET_BUTTONS [0,1,2,3,4,5,6,7,8,9,10,11,12] (13 buttons)
[2026-03-30T14:10:48.722Z] [zip] manifest: {
  "0_0": {
    "State": 0,
    "ViewParam": [
      {
        "Text": "Btn 0",
        "Icon": "icons/btn_0.png"
      }
    ]
  },
  "1_0": {
    "State": 0,
    "ViewParam": [
      {
        "Text": "Btn 1",
        "Icon": "icons/btn_1.png"
      }
    ]
  },
  "2_0": {
    "State": 0,
    "ViewParam": [
      {
        "Text": "Btn 2",
        "Icon": "icons/btn_2.png"
      }
    ]
  },
  "3_0": {
    "State": 0,
    "ViewParam": [
      {
        "Text": "Btn 3",
        "Icon": "icons/btn_3.png"
      }
    ]
  },
  "4_0": {
    "State": 0,
    "ViewParam": [
      {
        "Text": "Btn 4",
        "Icon": "icons/btn_4.png"
      }
    ]
  },
  "0_1": {
    "State": 0,
    "ViewParam": [
      {
        "Text": "Btn 5",
        "Icon": "icons/btn_5.png"
      }
    ]
  },
  "1_1": {
    "State": 0,
    "ViewParam": [
      {
        "Text": "Btn 6",
        "Icon": "icons/btn_6.png"
      }
    ]
  },
  "2_1": {
    "State": 0,
    "ViewParam": [
      {
        "Text": "Btn 7",
        "Icon": "icons/btn_7.png"
      }
    ]
  },
  "3_1": {
    "State": 0,
    "ViewParam": [
      {
        "Text": "Btn 8",
        "Icon": "icons/btn_8.png"
      }
    ]
  },
  "4_1": {
    "State": 0,
    "ViewParam": [
      {
        "Text": "Btn 9",
        "Icon": "icons/btn_9.png"
      }
    ]
  },
  "0_2": {
    "State": 0,
    "ViewParam": [
      {
        "Text": "Btn 10",
        "Icon": "icons/btn_10.png"
      }
    ]
  },
  "1_2": {
    "State": 0,
    "ViewParam": [
      {
        "Text": "Btn 11",
        "Icon": "icons/btn_11.png"
      }
    ]
  },
  "2_2": {
    "State": 0,
    "ViewParam": [
      {
        "Text": "Btn 12",
        "Icon": "icons/btn_12.png"
      }
    ]
  }
}
[2026-03-30T14:10:48.722Z] [zip] size=18201 bytes, 18 packets
[2026-03-30T14:10:48.722Z] [zip] zip header: 50 4b 03 04 0a 00 00 00 00 00 58 71 7e 5c 00 00 00 00 00 00 00 00 00 00 00 00 06 00 00 00 69 63 ... (18201 bytes total)
[2026-03-30T14:10:48.722Z] [zip] boundary @1016: 0x16
[2026-03-30T14:10:48.722Z] [zip] boundary @2040: 0x7e
[2026-03-30T14:10:48.722Z] [zip] boundary @3064: 0x5e
[2026-03-30T14:10:48.722Z] [zip] boundary @4088: 0x6a
[2026-03-30T14:10:48.722Z] [zip] boundary @5112: 0x88
[2026-03-30T14:10:48.722Z] [zip] boundary @6136: 0xd9
[2026-03-30T14:10:48.722Z] [zip] boundary @7160: 0xed
[2026-03-30T14:10:48.722Z] [zip] boundary @8184: 0xbe
[2026-03-30T14:10:48.722Z] [zip] boundary @9208: 0x95
[2026-03-30T14:10:48.722Z] [zip] boundary @10232: 0x29
[2026-03-30T14:10:48.722Z] [zip] boundary @11256: 0x0e
[2026-03-30T14:10:48.722Z] [zip] boundary @12280: 0xb0
[2026-03-30T14:10:48.722Z] [zip] boundary @13304: 0x40
[2026-03-30T14:10:48.722Z] [zip] boundary @14328: 0x95
[2026-03-30T14:10:48.722Z] [zip] boundary @15352: 0x4e
[2026-03-30T14:10:48.722Z] [zip] boundary @16376: 0x88
[2026-03-30T14:10:48.722Z] [zip] boundary @17400: 0x5c
[2026-03-30T14:10:48.722Z] [queue] #23 SET_BUTTONS: executing
[2026-03-30T14:10:48.722Z] [send] SET_BUTTONS: sending 18 packets
[2026-03-30T14:10:48.722Z] [send]   pkt[0] header: 7c 7c 00 01 19 47 00 00 50 4b 03 04 0a 00 00 00 ... (1024 bytes total)
[2026-03-30T14:10:48.752Z] [recv] raw 7c 7c 01 01 f6 03 00 00 02 0d 01 01 00 00 00 00 ... (1024 bytes total)
[2026-03-30T14:10:48.752Z] [recv] info-window mode=2 raw=[020d0101]
[2026-03-30T14:10:48.803Z] [recv] raw 7c 7c 01 01 f6 03 00 00 02 0d 00 01 00 00 00 00 ... (1024 bytes total)
[2026-03-30T14:10:48.803Z] [recv] info-window mode=2 raw=[020d0001]
[2026-03-30T14:10:48.844Z] [queue] #23 SET_BUTTONS: done
[2026-03-30T14:10:48.854Z] [recv] raw 7c 7c 01 01 f6 03 00 00 01 0d 01 01 00 00 00 00 ... (1024 bytes total)
[2026-03-30T14:10:48.854Z] [recv] info-window mode=1 raw=[010d0101]
[2026-03-30T14:10:48.905Z] [recv] raw 7c 7c 01 01 f6 03 00 00 01 0d 00 01 00 00 00 00 ... (1024 bytes total)
[2026-03-30T14:10:48.905Z] [recv] info-window mode=1 raw=[010d0001]
[2026-03-30T14:10:48.960Z] [recv] raw 7c 7c 01 01 f6 03 00 00 00 0d 01 01 00 00 00 00 ... (1024 bytes total)
[2026-03-30T14:10:48.961Z] [recv] info-window mode=0 raw=[000d0101]
[2026-03-30T14:10:49.011Z] [recv] raw 7c 7c 01 01 f6 03 00 00 00 0d 00 01 00 00 00 00 ... (1024 bytes total)
[2026-03-30T14:10:49.011Z] [recv] info-window mode=0 raw=[000d0001]
[2026-03-30T14:10:49.062Z] [recv] raw 7c 7c 01 01 f6 03 00 00 01 04 01 01 00 00 00 00 ... (1024 bytes total)
[2026-03-30T14:10:49.062Z] [recv] BUTTON btn=4 pressed=true state=1 raw=[01040101]
[2026-03-30T14:10:49.080Z] [render] SET_BUTTONS [0,1,2,3,4,5,6,7,8,9,10,11,12] (13 buttons)
[2026-03-30T14:10:49.084Z] [zip] manifest: {
  "0_0": {
    "State": 0,
    "ViewParam": [
      {
        "Text": "Btn 0",
        "Icon": "icons/btn_0.png"
      }
    ]
  },
  "1_0": {
    "State": 0,
    "ViewParam": [
      {
        "Text": "Btn 1",
        "Icon": "icons/btn_1.png"
      }
    ]
  },
  "2_0": {
    "State": 0,
    "ViewParam": [
      {
        "Text": "Btn 2",
        "Icon": "icons/btn_2.png"
      }
    ]
  },
  "3_0": {
    "State": 0,
    "ViewParam": [
      {
        "Text": "Btn 3",
        "Icon": "icons/btn_3.png"
      }
    ]
  },
  "4_0": {
    "State": 0,
    "ViewParam": [
      {
        "Text": "Btn 4",
        "Icon": "icons/btn_4.png"
      }
    ]
  },
  "0_1": {
    "State": 0,
    "ViewParam": [
      {
        "Text": "Btn 5",
        "Icon": "icons/btn_5.png"
      }
    ]
  },
  "1_1": {
    "State": 0,
    "ViewParam": [
      {
        "Text": "Btn 6",
        "Icon": "icons/btn_6.png"
      }
    ]
  },
  "2_1": {
    "State": 0,
    "ViewParam": [
      {
        "Text": "Btn 7",
        "Icon": "icons/btn_7.png"
      }
    ]
  },
  "3_1": {
    "State": 0,
    "ViewParam": [
      {
        "Text": "Btn 8",
        "Icon": "icons/btn_8.png"
      }
    ]
  },
  "4_1": {
    "State": 0,
    "ViewParam": [
      {
        "Text": "Btn 9",
        "Icon": "icons/btn_9.png"
      }
    ]
  },
  "0_2": {
    "State": 0,
    "ViewParam": [
      {
        "Text": "Btn 10",
        "Icon": "icons/btn_10.png"
      }
    ]
  },
  "1_2": {
    "State": 0,
    "ViewParam": [
      {
        "Text": "Btn 11",
        "Icon": "icons/btn_11.png"
      }
    ]
  },
  "2_2": {
    "State": 0,
    "ViewParam": [
      {
        "Text": "Btn 12",
        "Icon": "icons/btn_12.png"
      }
    ]
  }
}
[2026-03-30T14:10:49.084Z] [zip] size=17673 bytes, 18 packets
[2026-03-30T14:10:49.084Z] [zip] zip header: 50 4b 03 04 0a 00 00 00 00 00 58 71 7e 5c 00 00 00 00 00 00 00 00 00 00 00 00 06 00 00 00 69 63 ... (17673 bytes total)
[2026-03-30T14:10:49.084Z] [zip] boundary @1016: 0x16
[2026-03-30T14:10:49.084Z] [zip] boundary @2040: 0x7e
[2026-03-30T14:10:49.084Z] [zip] boundary @3064: 0x5e
[2026-03-30T14:10:49.084Z] [zip] boundary @4088: 0x6a
[2026-03-30T14:10:49.084Z] [zip] boundary @5112: 0x88
[2026-03-30T14:10:49.084Z] [zip] boundary @6136: 0x95
[2026-03-30T14:10:49.084Z] [zip] boundary @7160: 0x50
[2026-03-30T14:10:49.084Z] [zip] boundary @8184: 0x2b
[2026-03-30T14:10:49.084Z] [zip] boundary @9208: 0x0a
[2026-03-30T14:10:49.084Z] [zip] boundary @10232: 0x8b
[2026-03-30T14:10:49.084Z] [zip] boundary @11256: 0xd3
[2026-03-30T14:10:49.084Z] [zip] boundary @12280: 0xcb
[2026-03-30T14:10:49.084Z] [zip] boundary @13304: 0xd0
[2026-03-30T14:10:49.084Z] [zip] boundary @14328: 0xcf
[2026-03-30T14:10:49.084Z] [zip] boundary @15352: 0x58
[2026-03-30T14:10:49.084Z] [zip] boundary @16376: 0x1b
[2026-03-30T14:10:49.084Z] [zip] boundary @17400: 0x5f
[2026-03-30T14:10:49.084Z] [queue] #24 SET_BUTTONS: executing
[2026-03-30T14:10:49.084Z] [send] SET_BUTTONS: sending 18 packets
[2026-03-30T14:10:49.084Z] [send]   pkt[0] header: 7c 7c 00 01 09 45 00 00 50 4b 03 04 0a 00 00 00 ... (1024 bytes total)
[2026-03-30T14:10:49.116Z] [recv] raw 7c 7c 01 01 f6 03 00 00 01 04 01 00 00 00 00 00 ... (1024 bytes total)
[2026-03-30T14:10:49.117Z] [recv] BUTTON btn=4 pressed=false state=1 raw=[01040100]
[2026-03-30T14:10:49.167Z] [recv] raw 7c 7c 01 01 f6 03 00 00 01 04 01 01 00 00 00 00 ... (1024 bytes total)
[2026-03-30T14:10:49.168Z] [recv] BUTTON btn=4 pressed=true state=1 raw=[01040101]
[2026-03-30T14:10:49.217Z] [queue] #24 SET_BUTTONS: done
[2026-03-30T14:10:49.217Z] [recv] raw 7c 7c 01 01 f6 03 00 00 01 04 01 00 00 00 00 00 ... (1024 bytes total)
[2026-03-30T14:10:49.217Z] [recv] BUTTON btn=4 pressed=false state=1 raw=[01040100]
[2026-03-30T14:10:49.236Z] [render] SET_BUTTONS [0,1,2,3,4,5,6,7,8,9,10,11,12] (13 buttons)
[2026-03-30T14:10:49.244Z] [zip] manifest: {
  "0_0": {
    "State": 0,
    "ViewParam": [
      {
        "Text": "Btn 0",
        "Icon": "icons/btn_0.png"
      }
    ]
  },
  "1_0": {
    "State": 0,
    "ViewParam": [
      {
        "Text": "Btn 1",
        "Icon": "icons/btn_1.png"
      }
    ]
  },
  "2_0": {
    "State": 0,
    "ViewParam": [
      {
        "Text": "Btn 2",
        "Icon": "icons/btn_2.png"
      }
    ]
  },
  "3_0": {
    "State": 0,
    "ViewParam": [
      {
        "Text": "Btn 3",
        "Icon": "icons/btn_3.png"
      }
    ]
  },
  "4_0": {
    "State": 0,
    "ViewParam": [
      {
        "Text": "Btn 4",
        "Icon": "icons/btn_4.png"
      }
    ]
  },
  "0_1": {
    "State": 0,
    "ViewParam": [
      {
        "Text": "Btn 5",
        "Icon": "icons/btn_5.png"
      }
    ]
  },
  "1_1": {
    "State": 0,
    "ViewParam": [
      {
        "Text": "Btn 6",
        "Icon": "icons/btn_6.png"
      }
    ]
  },
  "2_1": {
    "State": 0,
    "ViewParam": [
      {
        "Text": "Btn 7",
        "Icon": "icons/btn_7.png"
      }
    ]
  },
  "3_1": {
    "State": 0,
    "ViewParam": [
      {
        "Text": "Btn 8",
        "Icon": "icons/btn_8.png"
      }
    ]
  },
  "4_1": {
    "State": 0,
    "ViewParam": [
      {
        "Text": "Btn 9",
        "Icon": "icons/btn_9.png"
      }
    ]
  },
  "0_2": {
    "State": 0,
    "ViewParam": [
      {
        "Text": "Btn 10",
        "Icon": "icons/btn_10.png"
      }
    ]
  },
  "1_2": {
    "State": 0,
    "ViewParam": [
      {
        "Text": "Btn 11",
        "Icon": "icons/btn_11.png"
      }
    ]
  },
  "2_2": {
    "State": 0,
    "ViewParam": [
      {
        "Text": "Btn 12",
        "Icon": "icons/btn_12.png"
      }
    ]
  }
}
[2026-03-30T14:10:49.244Z] [zip] size=18201 bytes, 18 packets
[2026-03-30T14:10:49.244Z] [zip] zip header: 50 4b 03 04 0a 00 00 00 00 00 58 71 7e 5c 00 00 00 00 00 00 00 00 00 00 00 00 06 00 00 00 69 63 ... (18201 bytes total)
[2026-03-30T14:10:49.244Z] [zip] boundary @1016: 0x16
[2026-03-30T14:10:49.244Z] [zip] boundary @2040: 0x7e
[2026-03-30T14:10:49.244Z] [zip] boundary @3064: 0x5e
[2026-03-30T14:10:49.244Z] [zip] boundary @4088: 0x6a
[2026-03-30T14:10:49.244Z] [zip] boundary @5112: 0x88
[2026-03-30T14:10:49.244Z] [zip] boundary @6136: 0xd9
[2026-03-30T14:10:49.244Z] [zip] boundary @7160: 0xed
[2026-03-30T14:10:49.244Z] [zip] boundary @8184: 0xbe
[2026-03-30T14:10:49.244Z] [zip] boundary @9208: 0x95
[2026-03-30T14:10:49.244Z] [zip] boundary @10232: 0x29
[2026-03-30T14:10:49.244Z] [zip] boundary @11256: 0x0e
[2026-03-30T14:10:49.244Z] [zip] boundary @12280: 0xb0
[2026-03-30T14:10:49.244Z] [zip] boundary @13304: 0x40
[2026-03-30T14:10:49.244Z] [zip] boundary @14328: 0x95
[2026-03-30T14:10:49.244Z] [zip] boundary @15352: 0x4e
[2026-03-30T14:10:49.244Z] [zip] boundary @16376: 0x88
[2026-03-30T14:10:49.244Z] [zip] boundary @17400: 0x5c
[2026-03-30T14:10:49.244Z] [queue] #25 SET_BUTTONS: executing
[2026-03-30T14:10:49.244Z] [send] SET_BUTTONS: sending 18 packets
[2026-03-30T14:10:49.244Z] [send]   pkt[0] header: 7c 7c 00 01 19 47 00 00 50 4b 03 04 0a 00 00 00 ... (1024 bytes total)
[2026-03-30T14:10:49.269Z] [recv] raw 7c 7c 01 01 f6 03 00 00 01 03 01 01 00 00 00 00 ... (1024 bytes total)
[2026-03-30T14:10:49.269Z] [recv] BUTTON btn=3 pressed=true state=1 raw=[01030101]
[2026-03-30T14:10:49.319Z] [recv] raw 7c 7c 01 01 f6 03 00 00 01 03 01 00 00 00 00 00 ... (1024 bytes total)
[2026-03-30T14:10:49.319Z] [recv] BUTTON btn=3 pressed=false state=1 raw=[01030100]
[2026-03-30T14:10:49.362Z] [queue] #25 SET_BUTTONS: done
[2026-03-30T14:10:49.370Z] [recv] raw 7c 7c 01 01 f6 03 00 00 01 03 01 01 00 00 00 00 ... (1024 bytes total)
[2026-03-30T14:10:49.370Z] [recv] BUTTON btn=3 pressed=true state=1 raw=[01030101]
[2026-03-30T14:10:49.378Z] [render] SET_BUTTONS [0,1,2,3,4,5,6,7,8,9,10,11,12] (13 buttons)
[2026-03-30T14:10:49.383Z] [zip] manifest: {
  "0_0": {
    "State": 0,
    "ViewParam": [
      {
        "Text": "Btn 0",
        "Icon": "icons/btn_0.png"
      }
    ]
  },
  "1_0": {
    "State": 0,
    "ViewParam": [
      {
        "Text": "Btn 1",
        "Icon": "icons/btn_1.png"
      }
    ]
  },
  "2_0": {
    "State": 0,
    "ViewParam": [
      {
        "Text": "Btn 2",
        "Icon": "icons/btn_2.png"
      }
    ]
  },
  "3_0": {
    "State": 0,
    "ViewParam": [
      {
        "Text": "Btn 3",
        "Icon": "icons/btn_3.png"
      }
    ]
  },
  "4_0": {
    "State": 0,
    "ViewParam": [
      {
        "Text": "Btn 4",
        "Icon": "icons/btn_4.png"
      }
    ]
  },
  "0_1": {
    "State": 0,
    "ViewParam": [
      {
        "Text": "Btn 5",
        "Icon": "icons/btn_5.png"
      }
    ]
  },
  "1_1": {
    "State": 0,
    "ViewParam": [
      {
        "Text": "Btn 6",
        "Icon": "icons/btn_6.png"
      }
    ]
  },
  "2_1": {
    "State": 0,
    "ViewParam": [
      {
        "Text": "Btn 7",
        "Icon": "icons/btn_7.png"
      }
    ]
  },
  "3_1": {
    "State": 0,
    "ViewParam": [
      {
        "Text": "Btn 8",
        "Icon": "icons/btn_8.png"
      }
    ]
  },
  "4_1": {
    "State": 0,
    "ViewParam": [
      {
        "Text": "Btn 9",
        "Icon": "icons/btn_9.png"
      }
    ]
  },
  "0_2": {
    "State": 0,
    "ViewParam": [
      {
        "Text": "Btn 10",
        "Icon": "icons/btn_10.png"
      }
    ]
  },
  "1_2": {
    "State": 0,
    "ViewParam": [
      {
        "Text": "Btn 11",
        "Icon": "icons/btn_11.png"
      }
    ]
  },
  "2_2": {
    "State": 0,
    "ViewParam": [
      {
        "Text": "Btn 12",
        "Icon": "icons/btn_12.png"
      }
    ]
  }
}
[2026-03-30T14:10:49.383Z] [zip] size=17413 bytes, 18 packets
[2026-03-30T14:10:49.383Z] [zip] boundary check FAILED attempt 1: offset 17400: 0x00
[2026-03-30T14:10:49.386Z] [zip] boundary check FAILED attempt 2: offset 17400: 0x00
[2026-03-30T14:10:49.391Z] [zip] boundary workaround: passed on attempt 3 (dummy=24 chars)
[2026-03-30T14:10:49.391Z] [zip] zip header: 50 4b 03 04 0a 00 00 00 08 00 58 71 7e 5c fe e5 45 f1 1a 00 00 00 18 00 00 00 09 00 00 00 64 75 ... (17533 bytes total)
[2026-03-30T14:10:49.391Z] [zip] boundary @1016: 0xc1
[2026-03-30T14:10:49.391Z] [zip] boundary @2040: 0x1c
[2026-03-30T14:10:49.391Z] [zip] boundary @3064: 0xe6
[2026-03-30T14:10:49.391Z] [zip] boundary @4088: 0xb6
[2026-03-30T14:10:49.391Z] [zip] boundary @5112: 0x47
[2026-03-30T14:10:49.391Z] [zip] boundary @6136: 0xa3
[2026-03-30T14:10:49.391Z] [zip] boundary @7160: 0xef
[2026-03-30T14:10:49.391Z] [zip] boundary @8184: 0xe8
[2026-03-30T14:10:49.391Z] [zip] boundary @9208: 0x73
[2026-03-30T14:10:49.391Z] [zip] boundary @10232: 0x6a
[2026-03-30T14:10:49.391Z] [zip] boundary @11256: 0x73
[2026-03-30T14:10:49.391Z] [zip] boundary @12280: 0x72
[2026-03-30T14:10:49.391Z] [zip] boundary @13304: 0x2e
[2026-03-30T14:10:49.391Z] [zip] boundary @14328: 0xc3
[2026-03-30T14:10:49.391Z] [zip] boundary @15352: 0xcd
[2026-03-30T14:10:49.391Z] [zip] boundary @16376: 0xcd
[2026-03-30T14:10:49.391Z] [zip] boundary @17400: 0x08
[2026-03-30T14:10:49.391Z] [queue] #26 SET_BUTTONS: executing
[2026-03-30T14:10:49.391Z] [send] SET_BUTTONS: sending 18 packets
[2026-03-30T14:10:49.391Z] [send]   pkt[0] header: 7c 7c 00 01 7d 44 00 00 50 4b 03 04 0a 00 00 00 ... (1024 bytes total)
[2026-03-30T14:10:49.420Z] [recv] raw 7c 7c 01 01 f6 03 00 00 01 03 01 00 00 00 00 00 ... (1024 bytes total)
[2026-03-30T14:10:49.420Z] [recv] BUTTON btn=3 pressed=false state=1 raw=[01030100]
[2026-03-30T14:10:49.472Z] [recv] raw 7c 7c 01 01 f6 03 00 00 01 02 01 01 00 00 00 00 ... (1024 bytes total)
[2026-03-30T14:10:49.472Z] [recv] BUTTON btn=2 pressed=true state=1 raw=[01020101]
[2026-03-30T14:10:49.510Z] [queue] #26 SET_BUTTONS: done
[2026-03-30T14:10:49.523Z] [recv] raw 7c 7c 01 01 f6 03 00 00 01 02 01 00 00 00 00 00 ... (1024 bytes total)
[2026-03-30T14:10:49.523Z] [recv] BUTTON btn=2 pressed=false state=1 raw=[01020100]
[2026-03-30T14:10:49.527Z] [render] SET_BUTTONS [0,1,2,3,4,5,6,7,8,9,10,11,12] (13 buttons)
[2026-03-30T14:10:49.532Z] [zip] manifest: {
  "0_0": {
    "State": 0,
    "ViewParam": [
      {
        "Text": "Btn 0",
        "Icon": "icons/btn_0.png"
      }
    ]
  },
  "1_0": {
    "State": 0,
    "ViewParam": [
      {
        "Text": "Btn 1",
        "Icon": "icons/btn_1.png"
      }
    ]
  },
  "2_0": {
    "State": 0,
    "ViewParam": [
      {
        "Text": "Btn 2",
        "Icon": "icons/btn_2.png"
      }
    ]
  },
  "3_0": {
    "State": 0,
    "ViewParam": [
      {
        "Text": "Btn 3",
        "Icon": "icons/btn_3.png"
      }
    ]
  },
  "4_0": {
    "State": 0,
    "ViewParam": [
      {
        "Text": "Btn 4",
        "Icon": "icons/btn_4.png"
      }
    ]
  },
  "0_1": {
    "State": 0,
    "ViewParam": [
      {
        "Text": "Btn 5",
        "Icon": "icons/btn_5.png"
      }
    ]
  },
  "1_1": {
    "State": 0,
    "ViewParam": [
      {
        "Text": "Btn 6",
        "Icon": "icons/btn_6.png"
      }
    ]
  },
  "2_1": {
    "State": 0,
    "ViewParam": [
      {
        "Text": "Btn 7",
        "Icon": "icons/btn_7.png"
      }
    ]
  },
  "3_1": {
    "State": 0,
    "ViewParam": [
      {
        "Text": "Btn 8",
        "Icon": "icons/btn_8.png"
      }
    ]
  },
  "4_1": {
    "State": 0,
    "ViewParam": [
      {
        "Text": "Btn 9",
        "Icon": "icons/btn_9.png"
      }
    ]
  },
  "0_2": {
    "State": 0,
    "ViewParam": [
      {
        "Text": "Btn 10",
        "Icon": "icons/btn_10.png"
      }
    ]
  },
  "1_2": {
    "State": 0,
    "ViewParam": [
      {
        "Text": "Btn 11",
        "Icon": "icons/btn_11.png"
      }
    ]
  },
  "2_2": {
    "State": 0,
    "ViewParam": [
      {
        "Text": "Btn 12",
        "Icon": "icons/btn_12.png"
      }
    ]
  }
}
[2026-03-30T14:10:49.532Z] [zip] size=18201 bytes, 18 packets
[2026-03-30T14:10:49.532Z] [zip] zip header: 50 4b 03 04 0a 00 00 00 00 00 58 71 7e 5c 00 00 00 00 00 00 00 00 00 00 00 00 06 00 00 00 69 63 ... (18201 bytes total)
[2026-03-30T14:10:49.532Z] [zip] boundary @1016: 0x16
[2026-03-30T14:10:49.532Z] [zip] boundary @2040: 0x7e
[2026-03-30T14:10:49.532Z] [zip] boundary @3064: 0x5e
[2026-03-30T14:10:49.532Z] [zip] boundary @4088: 0x6a
[2026-03-30T14:10:49.532Z] [zip] boundary @5112: 0x88
[2026-03-30T14:10:49.532Z] [zip] boundary @6136: 0xd9
[2026-03-30T14:10:49.532Z] [zip] boundary @7160: 0xed
[2026-03-30T14:10:49.532Z] [zip] boundary @8184: 0xbe
[2026-03-30T14:10:49.532Z] [zip] boundary @9208: 0x95
[2026-03-30T14:10:49.532Z] [zip] boundary @10232: 0x29
[2026-03-30T14:10:49.532Z] [zip] boundary @11256: 0x0e
[2026-03-30T14:10:49.532Z] [zip] boundary @12280: 0xb0
[2026-03-30T14:10:49.532Z] [zip] boundary @13304: 0x40
[2026-03-30T14:10:49.533Z] [zip] boundary @14328: 0x95
[2026-03-30T14:10:49.533Z] [zip] boundary @15352: 0x4e
[2026-03-30T14:10:49.533Z] [zip] boundary @16376: 0x88
[2026-03-30T14:10:49.533Z] [zip] boundary @17400: 0x5c
[2026-03-30T14:10:49.533Z] [queue] #27 SET_BUTTONS: executing
[2026-03-30T14:10:49.533Z] [send] SET_BUTTONS: sending 18 packets
[2026-03-30T14:10:49.533Z] [send]   pkt[0] header: 7c 7c 00 01 19 47 00 00 50 4b 03 04 0a 00 00 00 ... (1024 bytes total)
[2026-03-30T14:10:49.573Z] [recv] raw 7c 7c 01 01 f6 03 00 00 01 02 01 01 00 00 00 00 ... (1024 bytes total)
[2026-03-30T14:10:49.573Z] [recv] BUTTON btn=2 pressed=true state=1 raw=[01020101]
[2026-03-30T14:10:49.625Z] [recv] raw 7c 7c 01 01 f6 03 00 00 01 02 01 00 00 00 00 00 ... (1024 bytes total)
[2026-03-30T14:10:49.625Z] [recv] BUTTON btn=2 pressed=false state=1 raw=[01020100]
[2026-03-30T14:10:49.653Z] [queue] #27 SET_BUTTONS: done
[2026-03-30T14:10:49.670Z] [render] SET_BUTTONS [0,1,2,3,4,5,6,7,8,9,10,11,12] (13 buttons)
[2026-03-30T14:10:50.965Z] [recv] raw 7c 7c 01 01 f6 03 00 00 01 08 01 01 00 00 00 00 ... (1024 bytes total)
[2026-03-30T14:10:50.966Z] [recv] BUTTON btn=8 pressed=true state=1 raw=[01080101]
[2026-03-30T14:10:51.117Z] [recv] raw 7c 7c 01 01 f6 03 00 00 01 08 01 00 00 00 00 00 ... (1024 bytes total)
[2026-03-30T14:10:51.117Z] [recv] BUTTON btn=8 pressed=false state=1 raw=[01080100]
[2026-03-30T14:10:51.223Z] [recv] raw 7c 7c 01 01 f6 03 00 00 01 08 01 01 00 00 00 00 ... (1024 bytes total)
[2026-03-30T14:10:51.224Z] [recv] BUTTON btn=8 pressed=true state=1 raw=[01080101]
[2026-03-30T14:10:51.345Z] [recv] raw 7c 7c 01 01 f6 03 00 00 01 08 01 00 00 00 00 00 ... (1024 bytes total)
[2026-03-30T14:10:51.345Z] [recv] BUTTON btn=8 pressed=false state=1 raw=[01080100]
[2026-03-30T14:10:51.422Z] [recv] raw 7c 7c 01 01 f6 03 00 00 01 08 01 01 00 00 00 00 ... (1024 bytes total)
[2026-03-30T14:10:51.422Z] [recv] BUTTON btn=8 pressed=true state=1 raw=[01080101]
[2026-03-30T14:10:51.528Z] [recv] raw 7c 7c 01 01 f6 03 00 00 01 08 01 00 00 00 00 00 ... (1024 bytes total)
[2026-03-30T14:10:51.528Z] [recv] BUTTON btn=8 pressed=false state=1 raw=[01080100]
[2026-03-30T14:10:51.590Z] [recv] raw 7c 7c 01 01 f6 03 00 00 01 08 01 01 00 00 00 00 ... (1024 bytes total)
[2026-03-30T14:10:51.590Z] [recv] BUTTON btn=8 pressed=true state=1 raw=[01080101]
[2026-03-30T14:10:51.696Z] [recv] raw 7c 7c 01 01 f6 03 00 00 01 08 01 00 00 00 00 00 ... (1024 bytes total)
[2026-03-30T14:10:51.696Z] [recv] BUTTON btn=8 pressed=false state=1 raw=[01080100]
[2026-03-30T14:10:51.848Z] [recv] raw 7c 7c 01 01 f6 03 00 00 01 07 01 01 00 00 00 00 ... (1024 bytes total)
[2026-03-30T14:10:51.848Z] [recv] BUTTON btn=7 pressed=true state=1 raw=[01070101]
[2026-03-30T14:10:51.985Z] [recv] raw 7c 7c 01 01 f6 03 00 00 01 07 01 00 00 00 00 00 ... (1024 bytes total)
[2026-03-30T14:10:51.985Z] [recv] BUTTON btn=7 pressed=false state=1 raw=[01070100]
[2026-03-30T14:10:52.061Z] [recv] raw 7c 7c 01 01 f6 03 00 00 01 07 01 01 00 00 00 00 ... (1024 bytes total)
[2026-03-30T14:10:52.064Z] [recv] BUTTON btn=7 pressed=true state=1 raw=[01070101]
[2026-03-30T14:10:52.067Z] [zip] manifest: {
  "0_0": {
    "State": 0,
    "ViewParam": [
      {
        "Text": "Btn 0",
        "Icon": "icons/btn_0.png"
      }
    ]
  },
  "1_0": {
    "State": 0,
    "ViewParam": [
      {
        "Text": "Btn 1",
        "Icon": "icons/btn_1.png"
      }
    ]
  },
  "2_0": {
    "State": 0,
    "ViewParam": [
      {
        "Text": "Btn 2",
        "Icon": "icons/btn_2.png"
      }
    ]
  },
  "3_0": {
    "State": 0,
    "ViewParam": [
      {
        "Text": "Btn 3",
        "Icon": "icons/btn_3.png"
      }
    ]
  },
  "4_0": {
    "State": 0,
    "ViewParam": [
      {
        "Text": "Btn 4",
        "Icon": "icons/btn_4.png"
      }
    ]
  },
  "0_1": {
    "State": 0,
    "ViewParam": [
      {
        "Text": "Btn 5",
        "Icon": "icons/btn_5.png"
      }
    ]
  },
  "1_1": {
    "State": 0,
    "ViewParam": [
      {
        "Text": "Btn 6",
        "Icon": "icons/btn_6.png"
      }
    ]
  },
  "2_1": {
    "State": 0,
    "ViewParam": [
      {
        "Text": "Btn 7",
        "Icon": "icons/btn_7.png"
      }
    ]
  },
  "3_1": {
    "State": 0,
    "ViewParam": [
      {
        "Text": "Btn 8",
        "Icon": "icons/btn_8.png"
      }
    ]
  },
  "4_1": {
    "State": 0,
    "ViewParam": [
      {
        "Text": "Btn 9",
        "Icon": "icons/btn_9.png"
      }
    ]
  },
  "0_2": {
    "State": 0,
    "ViewParam": [
      {
        "Text": "Btn 10",
        "Icon": "icons/btn_10.png"
      }
    ]
  },
  "1_2": {
    "State": 0,
    "ViewParam": [
      {
        "Text": "Btn 11",
        "Icon": "icons/btn_11.png"
      }
    ]
  },
  "2_2": {
    "State": 0,
    "ViewParam": [
      {
        "Text": "Btn 12",
        "Icon": "icons/btn_12.png"
      }
    ]
  }
}
[2026-03-30T14:10:52.068Z] [zip] size=18201 bytes, 18 packets
[2026-03-30T14:10:52.068Z] [zip] zip header: 50 4b 03 04 0a 00 00 00 00 00 58 71 7e 5c 00 00 00 00 00 00 00 00 00 00 00 00 06 00 00 00 69 63 ... (18201 bytes total)
[2026-03-30T14:10:52.068Z] [zip] boundary @1016: 0x16
[2026-03-30T14:10:52.068Z] [zip] boundary @2040: 0x7e
[2026-03-30T14:10:52.068Z] [zip] boundary @3064: 0x5e
[2026-03-30T14:10:52.068Z] [zip] boundary @4088: 0x6a
[2026-03-30T14:10:52.068Z] [zip] boundary @5112: 0x88
[2026-03-30T14:10:52.068Z] [zip] boundary @6136: 0xd9
[2026-03-30T14:10:52.068Z] [zip] boundary @7160: 0xed
[2026-03-30T14:10:52.068Z] [zip] boundary @8184: 0xbe
[2026-03-30T14:10:52.068Z] [zip] boundary @9208: 0x95
[2026-03-30T14:10:52.068Z] [zip] boundary @10232: 0x29
[2026-03-30T14:10:52.068Z] [zip] boundary @11256: 0x0e
[2026-03-30T14:10:52.068Z] [zip] boundary @12280: 0xb0
[2026-03-30T14:10:52.068Z] [zip] boundary @13304: 0x40
[2026-03-30T14:10:52.068Z] [zip] boundary @14328: 0x95
[2026-03-30T14:10:52.068Z] [zip] boundary @15352: 0x4e
[2026-03-30T14:10:52.068Z] [zip] boundary @16376: 0x88
[2026-03-30T14:10:52.068Z] [zip] boundary @17400: 0x5c
[2026-03-30T14:10:52.068Z] [queue] #28 SET_BUTTONS: executing
[2026-03-30T14:10:52.068Z] [send] SET_BUTTONS: sending 18 packets
[2026-03-30T14:10:52.068Z] [send]   pkt[0] header: 7c 7c 00 01 19 47 00 00 50 4b 03 04 0a 00 00 00 ... (1024 bytes total)
[2026-03-30T14:10:52.188Z] [recv] raw 7c 7c 01 01 f6 03 00 00 01 07 01 00 00 00 00 00 ... (1024 bytes total)
[2026-03-30T14:10:52.188Z] [recv] BUTTON btn=7 pressed=false state=1 raw=[01070100]
[2026-03-30T14:10:54.512Z] [recv] raw 7c 7c 01 01 f6 03 00 00 01 08 01 01 00 00 00 00 ... (1024 bytes total)
[2026-03-30T14:10:54.513Z] [recv] BUTTON btn=8 pressed=true state=1 raw=[01080101]
[2026-03-30T14:10:54.513Z] [queue] #28 SET_BUTTONS: done
[2026-03-30T14:10:54.644Z] [recv] raw 7c 7c 01 01 f6 03 00 00 01 09 01 01 00 00 00 00 ... (1024 bytes total)
[2026-03-30T14:10:54.645Z] [recv] BUTTON btn=9 pressed=true state=1 raw=[01090101]
[2026-03-30T14:10:54.646Z] [render] SET_BUTTONS [0,1,2,3,4,5,6,7,8,9,10,11,12] (13 buttons)
[2026-03-30T14:10:54.735Z] [recv] raw 7c 7c 01 01 f6 03 00 00 01 07 01 01 00 00 00 00 ... (1024 bytes total)
[2026-03-30T14:10:54.735Z] [recv] BUTTON btn=7 pressed=true state=1 raw=[01070101]
[2026-03-30T14:10:55.266Z] [recv] raw 7c 7c 01 01 f6 03 00 00 01 07 01 00 00 00 00 00 ... (1024 bytes total)
[2026-03-30T14:10:55.266Z] [recv] BUTTON btn=7 pressed=false state=1 raw=[01070100]
[2026-03-30T14:10:55.311Z] [recv] raw 7c 7c 01 01 f6 03 00 00 01 09 01 00 00 00 00 00 ... (1024 bytes total)
[2026-03-30T14:10:55.311Z] [recv] BUTTON btn=9 pressed=false state=1 raw=[01090100]
[2026-03-30T14:10:55.356Z] [recv] raw 7c 7c 01 01 f6 03 00 00 01 08 01 00 00 00 00 00 ... (1024 bytes total)
[2026-03-30T14:10:55.356Z] [recv] BUTTON btn=8 pressed=false state=1 raw=[01080100]
[2026-03-30T14:10:55.359Z] [zip] manifest: {
  "0_0": {
    "State": 0,
    "ViewParam": [
      {
        "Text": "Btn 0",
        "Icon": "icons/btn_0.png"
      }
    ]
  },
  "1_0": {
    "State": 0,
    "ViewParam": [
      {
        "Text": "Btn 1",
        "Icon": "icons/btn_1.png"
      }
    ]
  },
  "2_0": {
    "State": 0,
    "ViewParam": [
      {
        "Text": "Btn 2",
        "Icon": "icons/btn_2.png"
      }
    ]
  },
  "3_0": {
    "State": 0,
    "ViewParam": [
      {
        "Text": "Btn 3",
        "Icon": "icons/btn_3.png"
      }
    ]
  },
  "4_0": {
    "State": 0,
    "ViewParam": [
      {
        "Text": "Btn 4",
        "Icon": "icons/btn_4.png"
      }
    ]
  },
  "0_1": {
    "State": 0,
    "ViewParam": [
      {
        "Text": "Btn 5",
        "Icon": "icons/btn_5.png"
      }
    ]
  },
  "1_1": {
    "State": 0,
    "ViewParam": [
      {
        "Text": "Btn 6",
        "Icon": "icons/btn_6.png"
      }
    ]
  },
  "2_1": {
    "State": 0,
    "ViewParam": [
      {
        "Text": "Btn 7",
        "Icon": "icons/btn_7.png"
      }
    ]
  },
  "3_1": {
    "State": 0,
    "ViewParam": [
      {
        "Text": "Btn 8",
        "Icon": "icons/btn_8.png"
      }
    ]
  },
  "4_1": {
    "State": 0,
    "ViewParam": [
      {
        "Text": "Btn 9",
        "Icon": "icons/btn_9.png"
      }
    ]
  },
  "0_2": {
    "State": 0,
    "ViewParam": [
      {
        "Text": "Btn 10",
        "Icon": "icons/btn_10.png"
      }
    ]
  },
  "1_2": {
    "State": 0,
    "ViewParam": [
      {
        "Text": "Btn 11",
        "Icon": "icons/btn_11.png"
      }
    ]
  },
  "2_2": {
    "State": 0,
    "ViewParam": [
      {
        "Text": "Btn 12",
        "Icon": "icons/btn_12.png"
      }
    ]
  }
}
[2026-03-30T14:10:55.360Z] [zip] size=17435 bytes, 18 packets
[2026-03-30T14:10:55.360Z] [zip] boundary check FAILED attempt 1: offset 16376: 0x7c
[2026-03-30T14:10:55.363Z] [zip] boundary workaround: passed on attempt 2 (dummy=8 chars)
[2026-03-30T14:10:55.363Z] [zip] zip header: 50 4b 03 04 0a 00 00 00 08 00 5b 71 7e 5c c4 89 bc 4f 0a 00 00 00 08 00 00 00 09 00 00 00 64 75 ... (17539 bytes total)
[2026-03-30T14:10:55.363Z] [zip] boundary @1016: 0x7b
[2026-03-30T14:10:55.363Z] [zip] boundary @2040: 0xb7
[2026-03-30T14:10:55.363Z] [zip] boundary @3064: 0x86
[2026-03-30T14:10:55.363Z] [zip] boundary @4088: 0xd8
[2026-03-30T14:10:55.363Z] [zip] boundary @5112: 0x7a
[2026-03-30T14:10:55.363Z] [zip] boundary @6136: 0x13
[2026-03-30T14:10:55.363Z] [zip] boundary @7160: 0xdc
[2026-03-30T14:10:55.363Z] [zip] boundary @8184: 0x8e
[2026-03-30T14:10:55.363Z] [zip] boundary @9208: 0xf4
[2026-03-30T14:10:55.363Z] [zip] boundary @10232: 0xad
[2026-03-30T14:10:55.363Z] [zip] boundary @11256: 0xb3
[2026-03-30T14:10:55.363Z] [zip] boundary @12280: 0x62
[2026-03-30T14:10:55.363Z] [zip] boundary @13304: 0x25
[2026-03-30T14:10:55.363Z] [zip] boundary @14328: 0xf5
[2026-03-30T14:10:55.363Z] [zip] boundary @15352: 0x2d
[2026-03-30T14:10:55.363Z] [zip] boundary @16376: 0xae
[2026-03-30T14:10:55.363Z] [zip] boundary @17400: 0x14
[2026-03-30T14:10:55.363Z] [queue] #29 SET_BUTTONS: executing
[2026-03-30T14:10:55.363Z] [send] SET_BUTTONS: sending 18 packets
[2026-03-30T14:10:55.363Z] [send]   pkt[0] header: 7c 7c 00 01 83 44 00 00 50 4b 03 04 0a 00 00 00 ... (1024 bytes total)
[2026-03-30T14:11:00.481Z] [recv] raw 7c 7c 01 01 f6 03 00 00 01 07 01 01 00 00 00 00 ... (1024 bytes total)
[2026-03-30T14:11:00.481Z] [recv] BUTTON btn=7 pressed=true state=1 raw=[01070101]
